symbol,name,exchange,exchange_name,etf,test_issue,financial_status
A,"Agilent Technologies, Inc. Common Stock",N,NYSE,N,N,
AA,Alcoa Corporation Common Stock ,N,NYSE,N,N,
AAA,Alternative Access First Priority CLO Bond ETF,P,NYSE Arca,Y,N,
AAAA,Amplius Aggressive Asset Allocation ETF,Z,Cboe BZX,Y,N,
AAAC,Columbia AAA CLO ETF,P,NYSE Arca,Y,N,
AAAD,PGIM AAA CLO Aggregate Duration ETF,P,NYSE Arca,Y,N,
AAAP,Pacer Barings CLO Market Flex ETF,Q,Nasdaq,Y,N,N
AAAU,Goldman Sachs Physical Gold ETF Shares,Z,Cboe BZX,Y,N,
AAC.U,"Ares Acquisition Corporation III Units, each consisting of one Class A ordinary share and one-tenth of one redeemable warrant",N,NYSE,N,N,
AACB,Artius II Acquisition Inc. - Class A Ordinary Shares,Q,Nasdaq,N,N,D
AACBR,Artius II Acquisition Inc. - Rights,Q,Nasdaq,N,N,N
AACBU,Artius II Acquisition Inc. - Units,Q,Nasdaq,N,N,N
AACG,"ATA Creativity Global - American Depositary Shares, each representing two common shares",Q,Nasdaq,N,N,N
AACI,Armada Acquisition Corp. III - Class A Ordinary Share,Q,Nasdaq,N,N,N
AACIU,Armada Acquisition Corp. III - Units,Q,Nasdaq,N,N,N
AACIW,Armada Acquisition Corp. III - Warrant,Q,Nasdaq,N,N,N
AACO,Abony Acquisition Corp. I - Class A Ordinary Share,Q,Nasdaq,N,N,N
AACOU,Abony Acquisition Corp. I - Units,Q,Nasdaq,N,N,N
AACOW,Abony Acquisition Corp. I - Warrants,Q,Nasdaq,N,N,N
AACP,Apogee Acquisition Corp - Class A Ordinary Shares,Q,Nasdaq,N,N,N
AACPR,Apogee Acquisition Corp - Rights,Q,Nasdaq,N,N,N
AACPU,Apogee Acquisition Corp - Units,Q,Nasdaq,N,N,N
AACPW,Apogee Acquisition Corp - Warrant,Q,Nasdaq,N,N,N
AADR,AdvisorShares Dorsey Wright ADR ETF,Q,Nasdaq,Y,N,N
AADX,"Applied Aerospace & Defense, Inc. Common Stock",N,NYSE,N,N,
AAEQ,Alpha Architect US Equity 2 ETF,Q,Nasdaq,Y,N,N
AAL,"American Airlines Group, Inc. - Common Stock",Q,Nasdaq,N,N,N
AALG,Leverage Shares 2X Long AAL Daily ETF,Q,Nasdaq,Y,N,N
AAME,Atlantic American Corporation - Common Stock,Q,Nasdaq,N,N,E
AAMI,Acadian Asset Management Inc. Common Stock,N,NYSE,N,N,
AAOG,Leverage Shares 2X Long AAOI Daily ETF,Z,Cboe BZX,Y,N,
AAOI,"Applied Optoelectronics, Inc. - Common Stock",Q,Nasdaq,N,N,N
AAON,"AAON, Inc. - Common Stock",Q,Nasdaq,N,N,N
AAOX,Tradr 2X Long AAOI Daily ETF,Z,Cboe BZX,Y,N,
AAP,Advance Auto Parts Inc.,N,NYSE,N,N,
AAPB,GraniteShares 2x Long AAPL Daily ETF,Q,Nasdaq,Y,N,N
AAPD,Direxion Daily AAPL Bear 1X ETF,Q,Nasdaq,Y,N,N
AAPE,Leverage Shares 2X Long AAPL Daily ETF,Z,Cboe BZX,Y,N,
AAPG,Ascentage Pharma Group International - American Depository Shares,Q,Nasdaq,N,N,N
AAPL,Apple Inc. - Common Stock,Q,Nasdaq,N,N,N
AAPR,Innovator Equity Defined Protection ETF - 2 Yr to April 2028,Z,Cboe BZX,Y,N,
AAPU,Direxion Daily AAPL Bull 2X ETF,Q,Nasdaq,Y,N,N
AAPW,Roundhill AAPL WeeklyPay ETF,Z,Cboe BZX,Y,N,
AAPX,T-Rex 2X Long Apple Daily Target ETF,Z,Cboe BZX,Y,N,
AAPY,Kurv Yield Premium Strategy Apple (AAPL) ETF,Z,Cboe BZX,Y,N,
AARD,"Aardvark Therapeutics, Inc. - Common Stock",Q,Nasdaq,N,N,N
AAT,"American Assets Trust, Inc. Common Stock",N,NYSE,N,N,
AAUA,Alpha Architect US Equity 3 ETF,Z,Cboe BZX,Y,N,
AAUC,Allied Gold Corporation Common Shares,N,NYSE,N,N,
AAUS,Alpha Architect US Equity ETF,Q,Nasdaq,Y,N,N
AAVM,Alpha Architect Global Factor Equity ETF,Q,Nasdaq,Y,N,N
AAXJ,iShares MSCI All Country Asia ex Japan ETF,Q,Nasdaq,Y,N,N
AB,AllianceBernstein Holding L.P.  Units,N,NYSE,N,N,
ABAT,American Battery Technology Company - Common Stock,Q,Nasdaq,N,N,N
ABBV,AbbVie Inc. Common Stock,N,NYSE,N,N,
ABCB,Ameris Bancorp Common Stock,N,NYSE,N,N,
ABCL,AbCellera Biologics Inc. - Common Shares,Q,Nasdaq,N,N,N
ABCS,Alpha Blue Capital US Small-Mid Cap Dynamic ETF,Q,Nasdaq,Y,N,N
ABEO,Abeona Therapeutics Inc. - Common Stock,Q,Nasdaq,N,N,N
ABEQ,Absolute Select Value ETF,P,NYSE Arca,Y,N,
ABEV,Ambev S.A. American Depositary Shares (Each representing 1 Common Share),N,NYSE,N,N,
ABFL,Abacus FCF Leaders ETF,Z,Cboe BZX,Y,N,
ABG,Asbury Automotive Group Inc Common Stock,N,NYSE,N,N,
ABI,VictoryShares Pioneer Asset-Based Income ETF,Q,Nasdaq,Y,N,N
ABIG,Argent Large Cap ETF,Q,Nasdaq,Y,N,N
ABLD,Abacus FCF Real Assets Leaders ETF,Z,Cboe BZX,Y,N,
ABLG,Abacus FCF International Leaders ETF,Z,Cboe BZX,Y,N,
ABLS,Abacus FCF Small Cap Leaders ETF,Z,Cboe BZX,Y,N,
ABLV,Able View Global Inc. - Class B Ordinary Shares,Q,Nasdaq,N,N,N
ABLVW,Able View Global Inc. - Warrant,Q,Nasdaq,N,N,N
ABM,ABM Industries Incorporated Common Stock,N,NYSE,N,N,
ABNB,"Airbnb, Inc. - Class A Common Stock",Q,Nasdaq,N,N,N
ABNG,Leverage Shares 2x Long ABNB Daily ETF,Q,Nasdaq,Y,N,N
ABOS,"Acumen Pharmaceuticals, Inc. - Common Stock",Q,Nasdaq,N,N,N
ABOT,Abacus FCF Innovation Leaders ETF,Z,Cboe BZX,Y,N,
ABR,Arbor Realty Trust Common Stock,N,NYSE,N,N,
ABR$D,"Arbor Realty Trust 6.375% Series D Cumulative Redeemable Preferred Stock, Liquidation Preference $25.00 per Share",N,NYSE,N,N,
ABR$E,Arbor Realty Trust 6.25% Series E Cumulative Redeemable Preferred Stock,N,NYSE,N,N,
ABR$F,"Arbor Realty Trust 6.25% Series F Fixed-to-Floating Rate Cumulative Redeemable Preferred Stock, Liquidation Preference $25.00 per share",N,NYSE,N,N,
ABSI,Absci Corporation - Common Stock,Q,Nasdaq,N,N,N
ABT,Abbott Laboratories Common Stock,N,NYSE,N,N,
ABTC,American Bitcoin Corp. - Class A Common Stock,Q,Nasdaq,N,N,N
ABTS,Abits Group Inc - Ordinary Shares,Q,Nasdaq,N,N,N
ABUF,Aptus Laddered Buffer ETF,Z,Cboe BZX,Y,N,
ABUS,Arbutus Biopharma Corporation - Common Stock,Q,Nasdaq,N,N,N
ABVC,"ABVC BioPharma, Inc. - Common Stock",Q,Nasdaq,N,N,N
ABVX,Abivax SA - American Depositary Shares,Q,Nasdaq,N,N,N
ABX,"Abacus Global Management, Inc. Class A Common Stock",N,NYSE,N,N,
ABXB,Abacus Flexible Bond Leaders ETF,Z,Cboe BZX,Y,N,
ABXL,"Abacus Global Management, Inc. 9.875% Fixed Rate Senior Notes due 2028",N,NYSE,N,N,
ACA,"Arcosa, Inc. Common Stock ",N,NYSE,N,N,
ACAA,Averin Capital Acquisition Corp. - Class A Ordinary Shares,Q,Nasdaq,N,N,N
ACAAU,Averin Capital Acquisition Corp. - Units,Q,Nasdaq,N,N,N
ACAAW,Averin Capital Acquisition Corp. - Warrants,Q,Nasdaq,N,N,N
ACAD,ACADIA Pharmaceuticals Inc. - Common Stock,Q,Nasdaq,N,N,N
ACB,Aurora Cannabis Inc. - Common Shares,Q,Nasdaq,N,N,N
ACCL,Acco Group Holdings Limited - Class A Ordinary Shares,Q,Nasdaq,N,N,N
ACCO,Acco Brands Corporation Common Stock,N,NYSE,N,N,
ACCS,ACCESS Newswire Inc. Common Stock,A,NYSE American,N,N,
ACDC,ProFrac Holding Corp. - Class A Common Stock,Q,Nasdaq,N,N,N
ACEI,Innovator Equity Autocallable Income Strategy ETF,P,NYSE Arca,Y,N,
ACEL,"Accel Entertainment, Inc. ",N,NYSE,N,N,
ACEP,ARS Core Equity Portfolio ETF,Q,Nasdaq,Y,N,N
ACES,ALPS Clean Energy ETF,P,NYSE Arca,Y,N,
ACET,"Adicet Bio, Inc. - Common Stock",Q,Nasdaq,N,N,N
ACFN,"Acorn Energy, Inc. - Common Stock",Q,Nasdaq,N,N,N
ACGC,ACP Holdings Acquisition Corp. - Class A Ordinary Shares,Q,Nasdaq,N,N,N
ACGCU,ACP Holdings Acquisition Corp. - Units,Q,Nasdaq,N,N,N
ACGCW,ACP Holdings Acquisition Corp. - Warrants,Q,Nasdaq,N,N,N
ACGL,Arch Capital Group Ltd. - Common Stock,Q,Nasdaq,N,N,N
ACGLN,"Arch Capital Group Ltd. - Depositary Shares, each Representing a 1/1,000th Interest in a 4.550% Non-Cumulative Preferred Share, Series G",Q,Nasdaq,N,N,N
ACGLO,"Arch Capital Group Ltd. - Depositary Shares Each Representing 1/1,000th Interest in a Share of5.45% Non-Cumulative Preferred Shares, Series F",Q,Nasdaq,N,N,N
ACGO,Hartford Alpha Capture Growth ETF,Z,Cboe BZX,Y,N,
ACGR,American Century Large Cap Growth ETF,P,NYSE Arca,Y,N,
ACH,"Accendra Health, Inc. Common Stock",N,NYSE,N,N,
ACHC,"Acadia Healthcare Company, Inc. - Common Stock",Q,Nasdaq,N,N,N
ACHR,Archer Aviation Inc. Class A Common Stock,N,NYSE,N,N,
ACHR.W,"Archer Aviation Inc. Redeemable Warrants, each whole warrant exercisable for one Class A common stock at an exercise price of $11.50",N,NYSE,N,N,
ACHV,"Achieve Life Sciences, Inc.  - Common Shares",Q,Nasdaq,N,N,N
ACHX,Corgi ACHR 2x Daily ETF,Z,Cboe BZX,Y,N,
ACI,"Albertsons Companies, Inc. Class A Common Stock",N,NYSE,N,N,
ACIC,American Coastal Insurance Corporation - Common Stock,Q,Nasdaq,N,N,N
ACII,Innovator Index Autocallable Income Strategy ETF,P,NYSE Arca,Y,N,
ACIO,Aptus Collared Investment Opportunity ETF,Z,Cboe BZX,Y,N,
ACIU,AC Immune SA - Common Stock,Q,Nasdaq,N,N,N
ACIW,"ACI Worldwide, Inc. - Common Stock",Q,Nasdaq,N,N,N
ACKY,VistaShares Target 15 ACKtivist Distribution ETF,P,NYSE Arca,Y,N,
ACLC,American Century Large Cap Equity ETF,P,NYSE Arca,Y,N,
ACLO,TCW AAA CLO ETF,N,NYSE,Y,N,
ACLS,"Axcelis Technologies, Inc. - Common Stock",Q,Nasdaq,N,N,N
ACLZ,Corgi ACLS 2x Daily ETF,Z,Cboe BZX,Y,N,
ACM,AECOM Common Stock,N,NYSE,N,N,
ACMM,Corgi ACMR 2x Daily ETF,Z,Cboe BZX,Y,N,
ACMR,"ACM Research, Inc. - Class A Common Stock",Q,Nasdaq,N,N,N
ACN,Accenture plc Class A Ordinary Shares (Ireland),N,NYSE,N,N,
ACNB,ACNB Corporation - Common Stock,Q,Nasdaq,N,N,N
ACNT,Ascent Industries Co. - Common Stock,Q,Nasdaq,N,N,N
ACOG,Alpha Cognition Inc. - Common Stock,Q,Nasdaq,N,N,N
ACOM,Harbor Active Commodity ETF,P,NYSE Arca,Y,N,
ACON,"Aclarion, Inc. - Common Stock",Q,Nasdaq,N,N,N
ACONW,"Aclarion, Inc. - Warrant",Q,Nasdaq,N,N,N
ACP,abrdn Income Credit Strategies Fund Common Shares,N,NYSE,N,N,
ACP$A,abrdn Income Credit Strategies Fund 5.250% Series A Perpetual Preferred Stock,N,NYSE,N,N,
ACR,ACRES Commercial Realty Corp. Common Stock,N,NYSE,N,N,
ACR$C,ACRES Commercial Realty Corp. 8.625% Fixed-to-Floating Series C Cumulative Redeemable Preferred Stock ,N,NYSE,N,N,
ACR$D,ACRES Commercial Realty Corp. 7.875% Series D Cumulative Redeemable Preferred Stock,N,NYSE,N,N,
ACRE,Ares Commercial Real Estate Corporation Common Stock,N,NYSE,N,N,
ACRS,"Aclaris Therapeutics, Inc. - Common Stock",Q,Nasdaq,N,N,N
ACRV,"Acrivon Therapeutics, Inc. - Common Stock",Q,Nasdaq,N,N,N
ACSG,American Century Small Cap Growth Insights ETF,Z,Cboe BZX,Y,N,
ACSI,American Customer Satisfaction ETF,Z,Cboe BZX,Y,N,
ACSV,American Century Small Cap Value Insights ETF,Z,Cboe BZX,Y,N,
ACT,"Enact Holdings, Inc. - Common Stock",Q,Nasdaq,N,N,N
ACTG,Acacia Research Corporation - Common Stock,Q,Nasdaq,N,N,N
ACTS,FIS Tactical Equity ETF,P,NYSE Arca,Y,N,
ACTU,"Actuate Therapeutics, Inc. - Common stock",Q,Nasdaq,N,N,N
ACU,Acme United Corporation. Common Stock,A,NYSE American,N,N,
ACV,Virtus Diversified Income & Convertible Fund Common Shares of Beneficial Interest,N,NYSE,N,N,
ACVA,ACV Auctions Inc. Class A Common Stock,N,NYSE,N,N,
ACVF,American Conservative Values ETF,P,NYSE Arca,Y,N,
ACVT,Advent Convertible Bond ETF,P,NYSE Arca,Y,N,
ACVU,Hartford Alpha Capture Value ETF,Z,Cboe BZX,Y,N,
ACWI,iShares MSCI ACWI ETF,Q,Nasdaq,Y,N,N
ACWV,iShares MSCI Global Min Vol Factor ETF,Z,Cboe BZX,Y,N,
ACWX,iShares MSCI ACWI ex U.S. ETF,Q,Nasdaq,Y,N,N
ACXP,"Acurx Pharmaceuticals, Inc. - Common Stock",Q,Nasdaq,N,N,N
ACYN,FT Vest Laddered Autocallable Barrier & Income ETF,P,NYSE Arca,Y,N,
ACYQ,FT Vest Autocallable Barrier & High Income ETF,P,NYSE Arca,Y,N,
ACYS,FT Vest Laddered Autocallable Barrier & Resilient Income ETF,P,NYSE Arca,Y,N,
AD,"Array Digital Infrastructure, Inc. Common Shares",N,NYSE,N,N,
ADAC,American Drive Acquisition Company - Class A Ordinary Shares,Q,Nasdaq,N,N,N
ADACU,American Drive Acquisition Company - Units,Q,Nasdaq,N,N,N
ADACW,American Drive Acquisition Company - Warrant,Q,Nasdaq,N,N,N
ADAG,"Adagene Inc. - ADS, each representing 1.25 ordinary shares",Q,Nasdaq,N,N,N
ADAM,"Adamas Trust, Inc. - Common Stock",Q,Nasdaq,N,N,N
ADAMG,"Adamas Trust, Inc. - 9.125% Senior Notes Due 2030",Q,Nasdaq,N,N,N
ADAMH,"Adamas Trust, Inc. - 9.875% Senior Notes Due 2030",Q,Nasdaq,N,N,N
ADAMI,"Adamas Trust, Inc. - 9.125% Senior Notes Due 2029",Q,Nasdaq,N,N,N
ADAML,"Adamas Trust, Inc. - 6.875% Series F Fixed-to-Floating Rate Cumulative Redeemable Preferred Stock, $0.01 par value per share",Q,Nasdaq,N,N,N
ADAMM,"Adamas Trust, Inc. - 7.875% Series E Fixed-to-Floating Rate Cumulative Redeemable Preferred Stock",Q,Nasdaq,N,N,N
ADAMN,"Adamas Trust, Inc. - 8.00% Series D Fixed-to-Floating Rate Cumulative Redeemable Preferred Stock",Q,Nasdaq,N,N,N
ADAMO,"Adamas Trust, Inc. - 9.250% Senior Notes Due 2031",Q,Nasdaq,N,N,N
ADAMZ,"Adamas Trust, Inc. - 7.000% Series G Cumulative Redeemable Preferred Stock, $0.01 par value per share",Q,Nasdaq,N,N,N
ADBE,Adobe Inc. - Common Stock,Q,Nasdaq,N,N,N
ADBG,Leverage Shares 2X Long ADBE Daily ETF,Q,Nasdaq,Y,N,N
ADBU,Direxion Daily ADBE Bull 2X ETF,P,NYSE Arca,Y,N,
ADC,Agree Realty Corporation Common Stock,N,NYSE,N,N,
ADC$A,"Agree Realty Corporation Depositary Shares, each representing 1/1,000th of a 4.250% Series A Cumulative Redeemable Preferred Stock",N,NYSE,N,N,
ADCT,ADC Therapeutics SA Common Shares,N,NYSE,N,N,
ADDS,Hedgeye Index Adds ETF,P,NYSE Arca,Y,N,
ADEA,Adeia Inc.  - Common Stock,Q,Nasdaq,N,N,N
ADFI,Anfield Dynamic Fixed Income ETF,Z,Cboe BZX,Y,N,
ADGM,"Adagio Medical Holdings, Inc - Common Stock",Q,Nasdaq,N,N,D
ADI,"Analog Devices, Inc. - Common Stock",Q,Nasdaq,N,N,N
ADIL,"Adial Pharmaceuticals, Inc - Common Stock",Q,Nasdaq,N,N,N
ADIU,Leverage Shares 2X Long ADI Daily ETF,Z,Cboe BZX,Y,N,
ADIV,Guinness Atkinson Asia Pacific Dividend Builder ETF,P,NYSE Arca,Y,N,
ADM,Archer-Daniels-Midland Company Common Stock,N,NYSE,N,N,
ADMA,ADMA Biologics Inc - Common Stock,Q,Nasdaq,N,N,N
ADME,Aptus Drawdown Managed Equity ETF,Z,Cboe BZX,Y,N,
ADNT,Adient plc Ordinary Shares ,N,NYSE,N,N,
ADP,"Automatic Data Processing, Inc. - Common Stock",Q,Nasdaq,N,N,N
ADPT,Adaptive Biotechnologies Corporation - Common Stock,Q,Nasdaq,N,N,N
ADPV,Adaptiv Select ETF,P,NYSE Arca,Y,N,
ADSE,ADS-TEC ENERGY PLC - Ordinary Shares,Q,Nasdaq,N,N,N
ADSEW,ADS-TEC ENERGY PLC - Warrant,Q,Nasdaq,N,N,N
ADSK,"Autodesk, Inc. - Common Stock",Q,Nasdaq,N,N,N
ADT,ADT Inc. Common Stock,N,NYSE,N,N,
ADTN,"ADTRAN Holdings, Inc. - Common Stock",Q,Nasdaq,N,N,N
ADUR,Aduro Clean Technologies Inc. - Common Stock,Q,Nasdaq,N,N,N
ADUS,Addus HomeCare Corporation - Common Stock,Q,Nasdaq,N,N,N
ADV,Advantage Solutions Inc.  - Class A Common Stock,Q,Nasdaq,N,N,N
ADVB,Advanced Biomed Inc. - Common Stock,Q,Nasdaq,N,N,N
ADVE,Matthews Asia Dividend Active ETF,P,NYSE Arca,Y,N,
ADX,Adams Diversified Equity Fund Inc.,N,NYSE,N,N,
ADXN,Addex Therapeutics Ltd - American Depositary Shares,Q,Nasdaq,N,N,N
AEAQ,Activate Energy Acquisition Corp. - Class A Ordinary Share,Q,Nasdaq,N,N,N
AEAQU,Activate Energy Acquisition Corp. - Unit,Q,Nasdaq,N,N,N
AEAQW,Activate Energy Acquisition Corp. - Warrant,Q,Nasdaq,N,N,N
AEBI,Aebi Schmidt Holding AG - Common Stock,Q,Nasdaq,N,N,N
AEC,Anfield Energy Inc. - Common Shares,Q,Nasdaq,N,N,N
AEE,Ameren Corporation Common Stock,N,NYSE,N,N,
AEF,"abrdn Emerging Markets ex-China Fund, Inc. Common Stock",A,NYSE American,N,N,
AEFC,Aegon Funding Company LLC 5.10% Subordinated Notes due 2049,N,NYSE,N,N,
AEG,Aegon Ltd. New York Registry Shares,N,NYSE,N,N,
AEHG,Leverage Shares 2X Long AEHR Daily ETF,Z,Cboe BZX,Y,N,
AEHL,Antelope Enterprise Holdings Limited - Class A Ordinary Shares,Q,Nasdaq,N,N,N
AEHR,Aehr Test Systems - Common Stock,Q,Nasdaq,N,N,N
AEI,Alset Inc. - Common Stock,Q,Nasdaq,N,N,N
AEIS,"Advanced Energy Industries, Inc. - Common Stock",Q,Nasdaq,N,N,N
AEM,Agnico Eagle Mines Limited Common Stock,N,NYSE,N,N,
AEMD,"Aethlon Medical, Inc. - Common Stock",Q,Nasdaq,N,N,N
AENT,Alliance Entertainment Holding Corporation - common stock,Q,Nasdaq,N,N,N
AENTW,Alliance Entertainment Holding Corporation - Warrants,Q,Nasdaq,N,N,N
AEO,"American Eagle Outfitters, Inc. Common Stock",N,NYSE,N,N,
AEON,"AEON Biopharma, Inc. Class A Common Stock",A,NYSE American,N,N,
AEP,"American Electric Power Company, Inc. - Common Stock",Q,Nasdaq,N,N,N
AER,AerCap Holdings N.V. Ordinary Shares,N,NYSE,N,N,
AERO,"Grupo Aeromexico, S.A.B. de C.V. American Depositary Shares (each representing ten (10) Common Shares)",N,NYSE,N,N,
AERT,"Aeries Technology, Inc. - Class A Ordinary Share",Q,Nasdaq,N,N,D
AERTW,"Aeries Technology, Inc. - Warrant",Q,Nasdaq,N,N,N
AES,The AES Corporation Common Stock,N,NYSE,N,N,
AESI,Atlas Energy Solutions Inc. Common Stock,N,NYSE,N,N,
AESP,Aeon Acquisition I Corp. - Class A Ordinary Shares,Q,Nasdaq,N,N,N
AESPR,Aeon Acquisition I Corp. - Rights,Q,Nasdaq,N,N,N
AESPU,Aeon Acquisition I Corp. - Units,Q,Nasdaq,N,N,N
AESPW,Aeon Acquisition I Corp. - Warrants,Q,Nasdaq,N,N,N
AESR,Anfield U.S. Equity Sector Rotation ETF,Z,Cboe BZX,Y,N,
AETH,Bitwise Trendwise Ether and Treasuries Rotation Strategy ETF,P,NYSE Arca,Y,N,
AEVA,"Aeva Technologies, Inc. - Common Stock",Q,Nasdaq,N,N,N
AEXA,American Exceptionalism Acquisition Corp. A Class A Ordinary Shares,N,NYSE,N,N,
AEYE,"AudioEye, Inc. - Common Stock",Q,Nasdaq,N,N,N
AFB,AllianceBernstein National Municipal Income Fund Inc,N,NYSE,N,N,
AFBI,"Affinity Bancshares, Inc. - Common Stock",Q,Nasdaq,N,N,N
AFCG,Advanced Flower Capital Inc. - Common Stock,Q,Nasdaq,N,N,N
AFG,"American Financial Group, Inc. Common Stock",N,NYSE,N,N,
AFGB,"American Financial Group, Inc. 5.875% Subordinated Debentures due 2059",N,NYSE,N,N,
AFGC,"American Financial Group, Inc. 5.125% Subordinated Debentures due 2059",N,NYSE,N,N,
AFGD,"American Financial Group, Inc. 5.625% Subordinated Debentures due 2060",N,NYSE,N,N,
AFGE,"American Financial Group, Inc. 4.500% Subordinated Debentures due 2060",N,NYSE,N,N,
AFGR,First Trust Multi-Manager Large Growth ETF,P,NYSE Arca,Y,N,
AFIF,Anfield Universal Fixed Income ETF,Z,Cboe BZX,Y,N,
AFIX,Allspring Broad Market Core Bond ETF,P,NYSE Arca,Y,N,
AFJK,"Aimei Health Technology Co., Ltd - Ordinary Share",Q,Nasdaq,N,N,N
AFJKR,"Aimei Health Technology Co., Ltd - Right",Q,Nasdaq,N,N,N
AFJKU,"Aimei Health Technology Co., Ltd - Unit",Q,Nasdaq,N,N,N
AFK,VanEck Africa Index ETF,P,NYSE Arca,Y,N,
AFL,AFLAC Incorporated Common Stock,N,NYSE,N,N,
AFLG,First Trust Active Factor Large Cap ETF,P,NYSE Arca,Y,N,
AFMC,First Trust Active Factor Mid Cap ETF,P,NYSE Arca,Y,N,
AFOS,ARS Focused Opportunity Strategy ETF,Q,Nasdaq,Y,N,N
AFRI,Forafric Global PLC - Ordinary Shares,Q,Nasdaq,N,N,N
AFRIW,Forafric Global PLC - Warrants,Q,Nasdaq,N,N,N
AFRM,"Affirm Holdings, Inc. - Class A Common Stock",Q,Nasdaq,N,N,N
AFRU,T-REX 2X Long AFRM Daily Target ETF,Z,Cboe BZX,Y,N,
AFSC,abrdn Focused U.S. Small Cap Active ETF,Q,Nasdaq,Y,N,N
AFSM,First Trust Active Factor Small Cap ETF,P,NYSE Arca,Y,N,
AFYA,Afya Limited - Class A Common Shares,Q,Nasdaq,N,N,N
AG,First Majestic Silver Corp. Ordinary Shares (Canada),N,NYSE,N,N,
AGBK,AGI Inc Class A Common Shares,N,NYSE,N,N,
AGCC,Agencia Comercial Spirits Ltd - Class A Ordinary Share,Q,Nasdaq,N,N,N
AGCO,AGCO Corporation Common Stock,N,NYSE,N,N,
AGD,abrdn Global Dynamic Dividend Fund Common Shares of Beneficial Interest,N,NYSE,N,N,
AGEM,abrdn Emerging Markets Dividend Active ETF,Q,Nasdaq,Y,N,N
AGEN,Agenus Inc. - Common Stock,Q,Nasdaq,N,N,N
AGG,iShares Core U.S. Aggregate Bond ETF,P,NYSE Arca,Y,N,
AGGA,EA Astoria Beacon Dynamic Core US Fixed Income ETF,Q,Nasdaq,Y,N,N
AGGH,Simplify Aggregate Bond ETF,P,NYSE Arca,Y,N,
AGGS,Harbor Disciplined Bond ETF,P,NYSE Arca,Y,N,
AGGY,WisdomTree Yield Enhanced U.S. Aggregate Bond Fund,P,NYSE Arca,Y,N,
AGI,Alamos Gold Inc. Class A Common Shares,N,NYSE,N,N,
AGIG,Abundia Global Impact Group Inc. Common stock,A,NYSE American,N,N,
AGIO,"Agios Pharmaceuticals, Inc. - Common Stock",Q,Nasdaq,N,N,N
AGIQ,SoFi Agentic AI ETF,P,NYSE Arca,Y,N,
AGIX,KraneShares Public-Private AI & Technology ETF,Q,Nasdaq,Y,N,N
AGL,"agilon health, inc. Common Stock",N,NYSE,N,N,
AGM,Federal Agricultural Mortgage Corporation Common Stock,N,NYSE,N,N,
AGM$D,"Federal Agricultural Mortgage Corporation 5.700% Non-Cumulative Preferred Stock, Series D",N,NYSE,N,N,
AGM$E,"Federal Agricultural Mortgage Corporation 5.750% Non-Cumulative Preferred Stock, Series E",N,NYSE,N,N,
AGM$F,"Federal Agricultural Mortgage Corporation 5.250% Non-Cumulative Preferred Stock, Series F",N,NYSE,N,N,
AGM$G,"Federal Agricultural Mortgage Corporation 4.875% Non-Cumulative Preferred Stock, Series G",N,NYSE,N,N,
AGM$H,"Federal Agricultural Mortgage Corporation 6.500% Non-Cumulative Preferred Stock, Series H",N,NYSE,N,N,
AGM$I,"Federal Agricultural Mortgage Corporation 6.875% Non-Cumulative Preferred Stock, Series I",N,NYSE,N,N,
AGM.A,Federal Agricultural Mortgage Corporation Common Stock,N,NYSE,N,N,
AGMB,AgomAb Therapeutics NV - ADRs representing one common share.,Q,Nasdaq,N,N,N
AGMH,AGM Group Holdings Inc. - Class A Ordinary Shares,Q,Nasdaq,N,N,E
AGMI,Themes Silver Miners ETF,Q,Nasdaq,Y,N,N
AGNC,AGNC Investment Corp. - Common Stock,Q,Nasdaq,N,N,N
AGNCL,"AGNC Investment Corp. - Depositary Shares Each Representing a 1/1,000th Interest in a Share of 7.75% Series G Fixed-Rate Reset Cumulative Redeemable Preferred Stock",Q,Nasdaq,N,N,N
AGNCM,AGNC Investment Corp. - Depositary Shares rep 6.875% Series D Fixed-to-Floating Cumulative Redeemable Preferred Stock,Q,Nasdaq,N,N,N
AGNCN,"AGNC Investment Corp. - Depositary Shares Each Representing a 1/1,000th Interest in a Share of 7.00% Series C Fixed-To-Floating Rate Cumulative Redeemable Preferred Stock",Q,Nasdaq,N,N,N
AGNCO,"AGNC Investment Corp. - Depositary Shares, each representing a 1/1,000th interest in a share of Series E Fixed-to-Floating Cumulative Redeemable Preferred Stock",Q,Nasdaq,N,N,N
AGNCP,"AGNC Investment Corp. - Depositary Shares Each Representing a 1/1,000th Interest in a Share of 6.125% Series F Fixed-to-Floating Rate Cumulative Redeemable Preferred Stock",Q,Nasdaq,N,N,N
AGNCZ,"AGNC Investment Corp. - Depositary Shares Each Representing a 1/1,000th Interest in a Share of 8.75% Series H Fixed-Rate Cumulative Redeemable Preferred Stock",Q,Nasdaq,N,N,N
AGNG,Global X Aging Population ETF,Q,Nasdaq,Y,N,N
AGNT,"AGNT, Inc. - Common Stock",Q,Nasdaq,N,N,N
AGO,Assured Guaranty Ltd. Common Stock,N,NYSE,N,N,
AGOX,Adaptive Alpha Opportunities ETF,P,NYSE Arca,Y,N,
AGPU,Axe Compute Inc. - Common Stock,Q,Nasdaq,N,N,N
AGQ,ProShares Ultra Silver,P,NYSE Arca,Y,N,
AGQI,First Trust Active Global Quality Income ETF,P,NYSE Arca,Y,N,
AGRH,iShares Interest Rate Hedged U.S. Aggregate Bond ETF,P,NYSE Arca,Y,N,
AGRO,Adecoagro S.A. Common Shares,N,NYSE,N,N,
AGRW,Allspring LT Large Growth ETF,P,NYSE Arca,Y,N,
AGRZ,Agroz Inc. - Ordinary Shares,Q,Nasdaq,N,N,H
AGX,"Argan, Inc. Common Stock",N,NYSE,N,N,
AGYS,"Agilysys, Inc. - Common Stock",Q,Nasdaq,N,N,N
AGZ,iShares  Agency Bond ETF,P,NYSE Arca,Y,N,
AGZD,WisdomTree Interest Rate Hedged U.S. Aggregate Bond Fund,Q,Nasdaq,Y,N,N
AHCO,AdaptHealth Corp.  - Common Stock,Q,Nasdaq,N,N,N
AHD,GraniteShares Autocallable HOOD ETF,Q,Nasdaq,Y,N,N
AHG,Akso Health Group - American Depositary Shares,Q,Nasdaq,N,N,N
AHL$D,Aspen Insurance Holdings Limited 5.625% Perpetual Non-Cumulative Preference Shares,N,NYSE,N,N,
AHL$E,"Aspen Insurance Holdings Limited Depositary Shares, each representing a 1/1000th interest in a share of 5.625% Perpetual Non-Cumulative Preference Shares",N,NYSE,N,N,
AHL$F,"Aspen Insurance Holdings Limited Depositary Shares, each representing a 1/1,000th Interest in a 7.00% Perpetual Non-Cumulative Preference Share",N,NYSE,N,N,
AHLT,AHL Trend ETF,P,NYSE Arca,Y,N,
AHMA,Ambitions Enterprise Management Co. L.L.C - Class A Ordinary Shares,Q,Nasdaq,N,N,N
AHR,"American Healthcare REIT, Inc. Common Stock",N,NYSE,N,N,
AHRT,"AH Realty Trust, Inc. Common Stock",N,NYSE,N,N,
AHRT$A,"AH Realty Trust, Inc. 6.75% Series A Cumulative Redeemable Perpetual Preferred Stock",N,NYSE,N,N,
AHT,Ashford Hospitality Trust Inc Common Stock,N,NYSE,N,N,
AHT$D,Ashford Hospitality Trust Inc 8.45% Series D Cumulative Preferred Stock,N,NYSE,N,N,
AHT$F,Ashford Hospitality Trust Inc 7.375% Series F Cumulative Preferred Stock,N,NYSE,N,N,
AHT$G,Ashford Hospitality Trust Inc 7.375% Series G Cumulative Preferred Stock,N,NYSE,N,N,
AHT$H,Ashford Hospitality Trust Inc 7.50% Series H Cumulative Preferred Stock,N,NYSE,N,N,
AHT$I,Ashford Hospitality Trust Inc 7.50% Series I Cumulative Preferred Stock,N,NYSE,N,N,
AHYB,American Century Select High Yield ETF,P,NYSE Arca,Y,N,
AI,"C3.ai, Inc. Class A Common Stock",N,NYSE,N,N,
AIA,iShares Asia 50 ETF,Q,Nasdaq,Y,N,N
AIAI,AIAI Holdings Corporation - Class A common stock,Q,Nasdaq,N,N,N
AIB,AIB Data Centers Inc. Common Stock,A,NYSE American,N,N,
AIBD,Direxion Daily AI and Big Data Bear 2X ETF,P,NYSE Arca,Y,N,
AIBU,Direxion Daily AI and Big Data Bull 2X ETF,P,NYSE Arca,Y,N,
AIBZ,Bitzero Holdings Inc. - Common Shares,Q,Nasdaq,N,N,N
AIDX,"20/20 Biolabs, Inc. - Common Stock",Q,Nasdaq,N,N,N
AIEQ,Amplify AI Powered Equity ETF,P,NYSE Arca,Y,N,
AIFA,"All In FutureTech Alliance, Inc. - Common Stock",Q,Nasdaq,N,N,H
AIFC,AI Financial Corporation - Common Stock,Q,Nasdaq,N,N,D
AIFD,TCW Artificial Intelligence ETF,Q,Nasdaq,Y,N,N
AIFF,"Firefly Neuroscience, Inc.  - Common Stock",Q,Nasdaq,N,N,N
AIFU,AIFU Inc. - Class A Ordinary Share,Q,Nasdaq,N,N,N
AIG,"American International Group, Inc. New Common Stock",N,NYSE,N,N,
AIHS,Senmiao Technology Limited - Common Stock,Q,Nasdaq,N,N,N
AII,"American Integrity Insurance Group, Inc. Common Stock",N,NYSE,N,N,
AIIA,AI Infrastructure Acquisition Corp. Class A Ordinary Shares,N,NYSE,N,N,
AIIA.R,"AI Infrastructure Acquisition Corp. Rights, each entitling the holder to receive one-fifth (1/5) of one Class A Ordinary Share",N,NYSE,N,N,
AIIA.U,"AI Infrastructure Acquisition Corp. Units, each consisting of one Class A Ordinary Share and one Right",N,NYSE,N,N,
AIIO,Robo.ai Inc. - Class B Ordinary Shares,Q,Nasdaq,N,N,N
AIIOW,Robo.ai Inc. - Warrant,Q,Nasdaq,N,N,N
AIIR,Air Global PLC - Ordinary shares,Q,Nasdaq,N,N,N
AIM,AIM ImmunoTech Inc. Common Stock,A,NYSE American,N,N,
AIMD,"Ainos, Inc. - Common Stock",Q,Nasdaq,N,N,N
AIMDW,"Ainos, Inc. - warrants",Q,Nasdaq,N,N,N
AIMS,Acuitas Small Cap Active ETF,Q,Nasdaq,Y,N,N
AIN,Albany International Corporation Common Stock,N,NYSE,N,N,
AINP,Allspring Income Plus ETF,P,NYSE Arca,Y,N,
AINT,FINQ DOLLAR NEUTRAL U.S. Large Cap AI-Managed Equity ETF,P,NYSE Arca,Y,N,
AIO,Virtus Artificial Intelligence & Technology Opportunities Fund Common Shares of Beneficial Interest,N,NYSE,N,N,
AIOO,AllianzIM U.S. Equity Buffer100 Protection ETF,Z,Cboe BZX,Y,N,
AIOS,AIOS Tech Inc. - Class A Common Shares,Q,Nasdaq,N,N,N
AIOT,"PowerFleet, Inc. - Common Stock",Q,Nasdaq,N,N,N
AIP,"Arteris, Inc.  - Common Stock",Q,Nasdaq,N,N,N
AIPI,REX AI Equity Premium Income ETF,Q,Nasdaq,Y,N,N
AIPO,Defiance AI & Power Infrastructure ETF,Q,Nasdaq,Y,N,N
AIQ,Global X Artificial Intelligence & Technology ETF,Q,Nasdaq,Y,N,N
AIQD,MicroSectors -3? Short Artificial Intelligence (AI) ETNs,P,NYSE Arca,Y,N,
AIQU,MicroSectors 3? Long Artificial Intelligence (AI) ETNs,P,NYSE Arca,Y,N,
AIR,AAR Corp. Common Stock,N,NYSE,N,N,
AIRE,reAlpha Tech Corp. - Common Stock,Q,Nasdaq,N,N,N
AIRG,"Airgain, Inc. - Common Stock",Q,Nasdaq,N,N,N
AIRI,Air Industries Group Common Stock,A,NYSE American,N,N,
AIRJ,AirJoule Technologies Corporation - Class A Common Stock,Q,Nasdaq,N,N,N
AIRJW,AirJoule Technologies Corporation - Warrant,Q,Nasdaq,N,N,N
AIRO,"AIRO Group Holdings, Inc. - Common Stock",Q,Nasdaq,N,N,N
AIRR,First Trust RBA American Industrial Renaissance ETF,Q,Nasdaq,Y,N,N
AIRS,"AirSculpt Technologies, Inc. - Common Stock",Q,Nasdaq,N,N,N
AIRT,"Air T, Inc. - Common Stock",Q,Nasdaq,N,N,N
AIRTP,"Air T, Inc. - Trust Preferred Securities",Q,Nasdaq,N,N,N
AIS,VistaShares Artificial Intelligence Supercycle ETF,P,NYSE Arca,Y,N,
AISP,"Airship AI Holdings, Inc - Class A Common Stock",Q,Nasdaq,N,N,N
AISPW,"Airship AI Holdings, Inc - Warrants",Q,Nasdaq,N,N,N
AIT,"Applied Industrial Technologies, Inc. Common Stock",N,NYSE,N,N,
AIUP,FINQ FIRST U.S. Large Cap AI-Managed Equity ETF,P,NYSE Arca,Y,N,
AIV,Apartment Investment and Management Company Common Stock,N,NYSE,N,N,
AIVC,Amplify Bloomberg AI Equal Weight ETF,P,NYSE Arca,Y,N,
AIVI,WisdomTree International AI Enhanced Value Fund,P,NYSE Arca,Y,N,
AIVL,WisdomTree U.S. AI Enhanced Value Fund,P,NYSE Arca,Y,N,
AIX,Defiance US 100 Tech AI Moat ETF,Q,Nasdaq,Y,N,N
AIXC,"AIxCrypto Holdings, Inc. - Common Stock",Q,Nasdaq,N,N,N
AIXI,XIAO-I Corporation - American Depositary Shares,Q,Nasdaq,N,N,N
AIYY,YieldMax AI Option Income Strategy ETF,P,NYSE Arca,Y,N,
AIZ,"Assurant, Inc. Common Stock",N,NYSE,N,N,
AIZN,"Assurant, Inc. 5.25% Subordinated Notes due 2061",N,NYSE,N,N,
AJAN,Innovator Equity Defined Protection ETF - 2 Yr to January 2028,Z,Cboe BZX,Y,N,
AJG,Arthur J. Gallagher & Co. Common Stock,N,NYSE,N,N,
AJUL,Innovator Equity Defined Protection ETF - 2 Yr to July 2026,Z,Cboe BZX,Y,N,
AKA,a.k.a. Brands Holding Corp. Common Stock,N,NYSE,N,N,
AKAF,The Frontier Economic Fund,N,NYSE,Y,N,
AKAM,"Akamai Technologies, Inc. - Common Stock",Q,Nasdaq,N,N,N
AKAN,Akanda Corp. - Common Shares,Q,Nasdaq,N,N,D
AKBA,"Akebia Therapeutics, Inc. - Common Stock",Q,Nasdaq,N,N,N
AKO.A,Embotelladora Andina S.A. Common Stock,N,NYSE,N,N,
AKO.B,Embotelladora Andina S.A. Common Stock,N,NYSE,N,N,
AKR,Acadia Realty Trust Common Stock,N,NYSE,N,N,
AKRE,Akre Focus ETF,P,NYSE Arca,Y,N,
AKTS,"Aktis Oncology, Inc. - Common stock",Q,Nasdaq,N,N,N
AKTX,Akari Therapeutics Plc - American Depositary Shares,Q,Nasdaq,N,N,N
ALA,Corgi ALAB 2x Daily ETF,Z,Cboe BZX,Y,N,
ALAB,"Astera Labs, Inc. - Common Stock",Q,Nasdaq,N,N,N
ALAI,Alger AI Enablers & Adopters ETF,P,NYSE Arca,Y,N,
ALAR,Alarum Technologies Ltd. - American Depositary Shares,Q,Nasdaq,N,N,N
ALB,Albemarle Corporation Common Stock,N,NYSE,N,N,
ALB$A,Albemarle Corporation Depositary Shares each representing a 1/20th of 7.25% Series A Mandatory Convertible Preferred Stock,N,NYSE,N,N,
ALBG,Leverage Shares 2X Long ALB Daily ETF,Q,Nasdaq,Y,N,N
ALBT,Avalon GloboCare Corp. - Common Stock,Q,Nasdaq,N,N,D
ALC,Alcon Inc. Ordinary Shares,N,NYSE,N,N,
ALCO,"Alico, Inc. - Common Stock",Q,Nasdaq,N,N,N
ALDB,Aptus Laddered Deep Buffer ETF,Z,Cboe BZX,Y,N,
ALDF,Aldel Financial II Inc. - Class A Ordinary Shares,Q,Nasdaq,N,N,N
ALDFU,Aldel Financial II Inc. - Units,Q,Nasdaq,N,N,N
ALDFW,Aldel Financial II Inc. - Warrants,Q,Nasdaq,N,N,N
ALDX,"Aldeyra Therapeutics, Inc. - Common Stock",Q,Nasdaq,N,N,N
ALEC,"Alector, Inc. - Common Stock",Q,Nasdaq,N,N,N
ALF,Centurion Acquisition Corp. - Class A Ordinary Shares,Q,Nasdaq,N,N,N
ALFUU,Centurion Acquisition Corp. - Unit,Q,Nasdaq,N,N,N
ALFUW,Centurion Acquisition Corp. - Warrant,Q,Nasdaq,N,N,N
ALG,"Alamo Group, Inc. Common Stock",N,NYSE,N,N,
ALGM,"Allegro MicroSystems, Inc. - Common Stock",Q,Nasdaq,N,N,N
ALGN,"Align Technology, Inc. - Common Stock",Q,Nasdaq,N,N,N
ALGS,"Aligos Therapeutics, Inc. - Common stock",Q,Nasdaq,N,N,N
ALGT,Allegiant Travel Company - Common Stock,Q,Nasdaq,N,N,N
ALH,Alliance Laundry Holdings Inc. Common Stock,N,NYSE,N,N,
ALHC,"Alignment Healthcare, Inc. - Common Stock",Q,Nasdaq,N,N,N
ALIL,Argent Focused Small Cap ETF,Q,Nasdaq,Y,N,N
ALIS,Calisa Acquisition Corp - Ordinary shares,Q,Nasdaq,N,N,D
ALISR,Calisa Acquisition Corp - Right,Q,Nasdaq,N,N,N
ALISU,Calisa Acquisition Corp - Units,Q,Nasdaq,N,N,N
ALIT,"Alight, Inc. Class A Common Stock",N,NYSE,N,N,
ALK,"Alaska Air Group, Inc. Common Stock",N,NYSE,N,N,
ALKS,Alkermes plc - Ordinary Shares,Q,Nasdaq,N,N,N
ALKT,"Alkami Technology, Inc. - Common Stock",Q,Nasdaq,N,N,N
ALL,Allstate Corporation (The) Common Stock,N,NYSE,N,N,
ALL$B,Allstate Corporation (The) 5.100% Fixed-to-Floating Rate Subordinated Debentures due 2053,N,NYSE,N,N,
ALL$H,"Allstate Corporation (The) Depositary Shares each representing a 1/1,000th interest in a share of Fixed Rate Noncumulative Perpetual Preferred Stock, Series H",N,NYSE,N,N,
ALL$I,"Allstate Corporation (The) Depositary Shares each representing a 1/1,000th interest in a share of Fixed Rate Noncumulative Perpetual Preferred Stock, Series I",N,NYSE,N,N,
ALL$J,"Allstate Corporation (The) Depositary Shares each representing a 1/1,000th interest in a share of Fixed Rate Noncumulative Perpetual Preferred Stock, Series J",N,NYSE,N,N,
ALLE,Allegion plc Ordinary Shares,N,NYSE,N,N,
ALLO,"Allogene Therapeutics, Inc. - Common Stock",Q,Nasdaq,N,N,N
ALLR,"Allarity Therapeutics, Inc. - Common stock",Q,Nasdaq,N,N,N
ALLT,Allot Ltd. - Ordinary Shares,Q,Nasdaq,N,N,N
ALLW,State Street Bridgewater All Weather ETF,Q,Nasdaq,Y,N,N
ALLY,Ally Financial Inc. Common Stock,N,NYSE,N,N,
ALM,Almonty Industries Inc. - Common Shares,Q,Nasdaq,N,N,N
ALMR,"Alamar Biosciences, Inc. - Class A common stock",Q,Nasdaq,N,N,N
ALMS,Alumis Inc. - Common Stock,Q,Nasdaq,N,N,N
ALMU,"Aeluma, Inc. - Common Stock",Q,Nasdaq,N,N,N
ALNT,Allient Inc. - Common Stock,Q,Nasdaq,N,N,N
ALNY,"Alnylam Pharmaceuticals, Inc. - Common Stock",Q,Nasdaq,N,N,N
ALOT,"AstroNova, Inc. - Common Stock",Q,Nasdaq,N,N,N
ALOV,"Aldabra 4 Liquidity Opportunity Vehicle, Inc. - Class A Ordinary Shares",Q,Nasdaq,N,N,N
ALOVU,"Aldabra 4 Liquidity Opportunity Vehicle, Inc. - Units",Q,Nasdaq,N,N,N
ALOVW,"Aldabra 4 Liquidity Opportunity Vehicle, Inc. - Warrants",Q,Nasdaq,N,N,N
ALOY,REalloys Inc. - Common Stock,Q,Nasdaq,N,N,N
ALP,Alpha Compute Corp  - Common Stock,Q,Nasdaq,N,N,D
ALPS,ALPS Group Inc - Ordinary Share,Q,Nasdaq,N,N,D
ALPX,Alpex Acquisition Corporation - Class A Ordinary Shares,Q,Nasdaq,N,N,N
ALPXR,Alpex Acquisition Corporation - Rights,Q,Nasdaq,N,N,N
ALPXU,Alpex Acquisition Corporation - Units,Q,Nasdaq,N,N,N
ALPXW,Alpex Acquisition Corporation - Warrants,Q,Nasdaq,N,N,N
ALRG,Allspring LT Large Core ETF,P,NYSE Arca,Y,N,
ALRM,"Alarm.com Holdings, Inc. - Common Stock",Q,Nasdaq,N,N,N
ALRS,Alerus Financial Corporation - Common Stock,Q,Nasdaq,N,N,N
ALSN,"Allison Transmission Holdings, Inc. Common Stock",N,NYSE,N,N,
ALT,"Altimmune, Inc. - Common Stock",Q,Nasdaq,N,N,N
ALTG,Alta Equipment Group Inc. Class A Common Stock,N,NYSE,N,N,
ALTG$A,Alta Equipment Group Inc. Depositary Shares (each representing 1/1000th in a share of 10% Series A Cumulative Perpetual Preferred Stock),N,NYSE,N,N,
ALTI,"AlTi Global, Inc. - Class A Common Stock",Q,Nasdaq,N,N,N
ALTL,Pacer Lunt Large Cap Alternator ETF,P,NYSE Arca,Y,N,
ALTO,"Alto Ingredients, Inc. - Common Stock",Q,Nasdaq,N,N,N
ALTY,Global X Alternative Income ETF,Q,Nasdaq,Y,N,N
ALUB,Alussa Energy Acquisition Corp. II Class A Ordinary Shares,N,NYSE,N,N,
ALUB.U,"Alussa Energy Acquisition Corp. II Units, each consisting of one Class A ordinary share and one-third of one redeemable warrant",N,NYSE,N,N,
ALUB.W,"Alussa Energy Acquisition Corp. II Redeemable Warrants, each whole warrant exercisable for one Class A ordinary share at an exercise price of $11.50 per share",N,NYSE,N,N,
ALV,"Autoliv, Inc. Common Stock",N,NYSE,N,N,
ALVO,Alvotech - Ordinary Shares,Q,Nasdaq,N,N,N
ALVOW,Alvotech - Warrant,Q,Nasdaq,N,N,N
ALX,"Alexander's, Inc. Common Stock",N,NYSE,N,N,
ALXO,ALX Oncology Holdings Inc. - Common Stock,Q,Nasdaq,N,N,N
ALZN,"Alzamend Neuro, Inc. - Common Stock",Q,Nasdaq,N,N,D
AM,Antero Midstream Corporation Common Stock,N,NYSE,N,N,
AMA,Defiance Daily Target 2X Long AMAT ETF,Q,Nasdaq,Y,N,N
AMAA,Corgi AMZN 2x Daily ETF,Z,Cboe BZX,Y,N,
AMAL,Amalgamated Financial Corp. - Common Stock,Q,Nasdaq,N,N,N
AMAN,Amanat Acquisition Corp - Class A Ordinary Shares,Q,Nasdaq,N,N,N
AMAT,"Applied Materials, Inc. - Common Stock",Q,Nasdaq,N,N,N
AMAU,Leverage Shares 2X Long AMAT Daily ETF,Z,Cboe BZX,Y,N,
AMAX,Adaptive Hedged Multi-Asset Income ETF,P,NYSE Arca,Y,N,
AMBA,"Ambarella, Inc. - Ordinary Shares",Q,Nasdaq,N,N,N
AMBO,Ambow Education Holding Ltd. American Depository Shares (each representing twenty (20) Class A Ordinary Shares),A,NYSE American,N,N,
AMBP,Ardagh Metal Packaging S.A. Ordinary Shares,N,NYSE,N,N,
AMBQ,"Ambiq Micro, Inc. Common Stock",N,NYSE,N,N,
AMBR,Amber International Holding Limited - American Depositary Shares,Q,Nasdaq,N,N,N
AMC,"AMC Entertainment Holdings, Inc. Class A Common Stock",N,NYSE,N,N,
AMCI,AMC Robotics Corporation - Common Stock,Q,Nasdaq,N,N,N
AMCR,Amcor plc Ordinary Shares,N,NYSE,N,N,
AMCX,AMC Global Media Inc. - Class A Common Stock,Q,Nasdaq,N,N,N
AMD,"Advanced Micro Devices, Inc. - Common Stock",Q,Nasdaq,N,N,N
AMDC,Corgi AMD 2x Daily ETF,Z,Cboe BZX,Y,N,
AMDD,Direxion Daily AMD Bear 1X ETF,Q,Nasdaq,Y,N,N
AMDG,Leverage Shares 2X Long AMD Daily ETF,Q,Nasdaq,Y,N,N
AMDL,GraniteShares 2x Long AMD Daily ETF,Q,Nasdaq,Y,N,N
AMDW,Roundhill AMD WeeklyPay ETF,Z,Cboe BZX,Y,N,
AMDY,Yieldmax AMD Option Income Strategy ETF,P,NYSE Arca,Y,N,
AME,"AMETEK, Inc.",N,NYSE,N,N,
AMEI,Amana Equity Income ETF,Q,Nasdaq,Y,N,N
AMEM,Amana Developing World ETF,Q,Nasdaq,Y,N,N
AMG,"Affiliated Managers Group, Inc. Common Stock",N,NYSE,N,N,
AMGN,Amgen Inc. - Common Stock,Q,Nasdaq,N,N,N
AMGR,Amana Growth ETF,Q,Nasdaq,Y,N,N
AMH,American Homes 4 Rent Common Shares of Beneficial Interest,N,NYSE,N,N,
AMH$G,American Homes 4 Rent Series G cumulative redeemable perpetual preferred shares of beneficial interest,N,NYSE,N,N,
AMH$H,American Homes 4 Rent Series H cumulative redeemable perpetual Preferred Shares of Beneficial Interest,N,NYSE,N,N,
AMHI,American Beacon Aberdeen Municipal High Income ETF,P,NYSE Arca,Y,N,
AMID,Argent Mid Cap ETF,Q,Nasdaq,Y,N,N
AMIX,"Autonomix Medical, Inc. - Common Stock",Q,Nasdaq,N,N,N
AMJB,Alerian MLP Index ETN,P,NYSE Arca,Y,N,
AMKL,Defiance Daily Target 2X Long AMKR ETF,Z,Cboe BZX,Y,N,
AMKR,"Amkor Technology, Inc. - Common Stock",Q,Nasdaq,N,N,N
AMKX,Corgi AMKR 2x Daily ETF,Z,Cboe BZX,Y,N,
AMLP,Alerian MLP ETF,P,NYSE Arca,Y,N,
AMLX,"Amylyx Pharmaceuticals, Inc. - Common Stock",Q,Nasdaq,N,N,N
AMN,AMN Healthcare Services Inc,N,NYSE,N,N,
AMOD,"Alpha Modus Holdings, Inc. - Class A Common Stock",Q,Nasdaq,N,N,D
AMODW,"Alpha Modus Holdings, Inc. - Warrant",Q,Nasdaq,N,N,D
AMOM,QRAFT AI-Enhanced U.S. Large Cap Momentum ETF,P,NYSE Arca,Y,N,
AMP,"Ameriprise Financial, Inc. Common Stock",N,NYSE,N,N,
AMPG,"Amplitech Group, Inc. - Common Stock",Q,Nasdaq,N,N,N
AMPGR,"Amplitech Group, Inc. - Series A Right",Q,Nasdaq,N,N,N
AMPGZ,"Amplitech Group, Inc. - Series B Right",Q,Nasdaq,N,N,N
AMPH,"Amphastar Pharmaceuticals, Inc. - Common Stock",Q,Nasdaq,N,N,N
AMPL,"Amplitude, Inc. - Class A Common Stock",Q,Nasdaq,N,N,N
AMPU,Defiance Daily Target 2X Long AMPX ETF,Z,Cboe BZX,Y,N,
AMPX,"Amprius Technologies, Inc. Common Stock",N,NYSE,N,N,
AMPX.W,"Amprius Technologies, Inc. Warrants to purchase one share of Common Stock at an exercise price of $11.50 per share",N,NYSE,N,N,
AMPY,Amplify Energy Corp. Common Stock,N,NYSE,N,N,
AMR,"Alpha Metallurgical Resources, Inc. Common Stock",N,NYSE,N,N,
AMRC,"Ameresco, Inc. Class A Common Stock",N,NYSE,N,N,
AMRN,Amarin Corporation plc - American Depositary Shares,Q,Nasdaq,N,N,N
AMRX,"Amneal Pharmaceuticals, Inc. - Class A Common Stock",Q,Nasdaq,N,N,N
AMRZ,Amrize Ltd Ordinary Shares,N,NYSE,N,N,
AMS,American Shared Hospital Services Common Stock,A,NYSE American,N,N,
AMSC,American Superconductor Corporation - Common Stock,Q,Nasdaq,N,N,N
AMSF,"AMERISAFE, Inc. - Common Stock",Q,Nasdaq,N,N,N
AMSS,AMASS Brands Inc. - Common Stock,Q,Nasdaq,N,N,N
AMST,Amesite Inc. - Common Stock,Q,Nasdaq,N,N,N
AMT,American Tower Corporation (REIT) Common Stock,N,NYSE,N,N,
AMTB,Amerant Bancorp Inc. Class A Common Stock,N,NYSE,N,N,
AMTD,"AMTD IDEA Group American Depositary Shares, each representing six (6) Class A Ordinary Shares",N,NYSE,N,N,
AMTM,"Amentum Holdings, Inc. Common Stock",N,NYSE,N,N,
AMTX,"Aemetis, Inc - Common Stock",Q,Nasdaq,N,N,N
AMUB,"ETRACS Alerian MLP Index ETN Series B due July 18, 2042",P,NYSE Arca,N,N,
AMUN,abrdn Ultra Short Municipal Income Active ETF,Q,Nasdaq,Y,N,N
AMUU,Direxion Daily AMD Bull 2X ETF,Q,Nasdaq,Y,N,N
AMWL,American Well Corporation Class A Common Stock,N,NYSE,N,N,
AMX,"America Movil, S.A.B. de C.V. American Depositary Shares (each representing the right to receive twenty (20) Series B Shares",N,NYSE,N,N,
AMYY,GraniteShares YieldBOOST AMD ETF,Q,Nasdaq,Y,N,N
AMZA,InfraCap MLP ETF,P,NYSE Arca,Y,N,
AMZD,Direxion Daily AMZN Bear 1X ETF,Q,Nasdaq,Y,N,N
AMZE,"Amaze Holdings, Inc. Common Stock",A,NYSE American,N,N,
AMZG,Leverage Shares 2X Long AMZN Daily ETF,Z,Cboe BZX,Y,N,
AMZN,"Amazon.com, Inc. - Common Stock",Q,Nasdaq,N,N,N
AMZO,Tradr 2X Short AMZN Daily ETF,Z,Cboe BZX,Y,N,
AMZP,Kurv Yield Premium Strategy Amazon (AMZN) ETF,Z,Cboe BZX,Y,N,
AMZU,Direxion Daily AMZN Bull 2X ETF,Q,Nasdaq,Y,N,N
AMZW,Roundhill AMZN WeeklyPay ETF,Z,Cboe BZX,Y,N,
AMZY,YieldMax AMZN Option Income Strategy ETF,P,NYSE Arca,Y,N,
AMZZ,GraniteShares 2x Long AMZN Daily ETF,Q,Nasdaq,Y,N,N
AN,"AutoNation, Inc. Common Stock",N,NYSE,N,N,
ANAB,"AnaptysBio, Inc. - Common Stock",Q,Nasdaq,N,N,N
ANDE,"The Andersons, Inc. - Common Stock",Q,Nasdaq,N,N,N
ANDG,Andersen Group Inc. Class A Common Stock,N,NYSE,N,N,
ANEL,Defiance Daily Target 2x Long ANET ETF,Q,Nasdaq,Y,N,N
ANET,"Arista Networks, Inc. Common Stock",N,NYSE,N,N,
ANEW,ProShares MSCI Transformational Changes ETF,P,NYSE Arca,Y,N,
ANF,Abercrombie & Fitch Company Common Stock,N,NYSE,N,N,
ANG$D,"American National Group Inc. Depositary Shares, each representing a 1/1000th interest in a share of 7.375% Fixed-Rate Non-Cumulative Preferred Stock, Series D",N,NYSE,N,N,
ANGH,Anghami Inc. - Ordinary Shares,Q,Nasdaq,N,N,N
ANGHW,Anghami Inc. - Warrants,Q,Nasdaq,N,N,N
ANGI,Angi Inc. - Class A Common Stock,Q,Nasdaq,N,N,N
ANGL,VanEck Fallen Angel High Yield Bond ETF,Q,Nasdaq,Y,N,N
ANGO,"AngioDynamics, Inc. - Common Stock",Q,Nasdaq,N,N,N
ANGX,"Angel Studios, Inc. Class A Common Stock",N,NYSE,N,N,
ANIK,Anika Therapeutics Inc. - Common Stock,Q,Nasdaq,N,N,N
ANIP,"ANI Pharmaceuticals, Inc. - Common Stock",Q,Nasdaq,N,N,N
ANIX,"Anixa Biosciences, Inc. - Common Stock",Q,Nasdaq,N,N,N
ANL,Adlai Nortye Ltd. - American Depositary Shares,Q,Nasdaq,N,N,N
ANNA,"AleAnna, Inc. - Class A Common Stock",Q,Nasdaq,N,N,N
ANNAW,"AleAnna, Inc. - Warrant",Q,Nasdaq,N,N,N
ANNX,"Annexon, Inc. - common stock",Q,Nasdaq,N,N,N
ANPA,Rich Sparkle Holdings Limited - Ordinary Shares,Q,Nasdaq,N,N,N
ANRO,"Alto Neuroscience, Inc. Common Stock",N,NYSE,N,N,
ANSC,Agriculture & Natural Solutions Acquisition Corporation - Class A Ordinary Shares,Q,Nasdaq,N,N,N
ANSCU,Agriculture & Natural Solutions Acquisition Corporation - Unit,Q,Nasdaq,N,N,N
ANSCW,Agriculture & Natural Solutions Acquisition Corporation - Warrant,Q,Nasdaq,N,N,N
ANTA,Antalpha Platform Holding Company - Class A Ordinary Shares,Q,Nasdaq,N,N,N
ANTX,"AN2 Therapeutics, Inc. - Common Stock",Q,Nasdaq,N,N,N
ANV,GraniteShares Autocallable NVDA ETF,Q,Nasdaq,Y,N,N
ANVS,"Annovis Bio, Inc. Common Stock",N,NYSE,N,N,
ANY,Sphere 3D Corp. - Common Shares,Q,Nasdaq,N,N,N
AOA,iShares Core 80/20 Aggressive Allocation ETF,P,NYSE Arca,Y,N,
AOCT,Innovator Equity Defined Protection ETF - 2 Yr to October 2026,Z,Cboe BZX,Y,N,
AOD,abrdn Total Dynamic Dividend Fund Common Shares of Beneficial Interest,N,NYSE,N,N,
AOHY,Angel Oak High Yield Opportunities ETF,Q,Nasdaq,Y,N,N
AOK,iShares Core 30/70 Conservative Allocation ETF,P,NYSE Arca,Y,N,
AOM,iShares Core 40/60 Moderate Allocation ETF,P,NYSE Arca,Y,N,
AOMD,"Angel Oak Mortgage REIT, Inc. 9.750% Senior Notes due 2030",N,NYSE,N,N,
AOMN,"Angel Oak Mortgage REIT, Inc. 9.500% Senior Notes due 2029",N,NYSE,N,N,
AOMR,"Angel Oak Mortgage REIT, Inc. Common Stock",N,NYSE,N,N,
AON,Aon plc Class A Ordinary Shares (Ireland),N,NYSE,N,N,
AOR,iShares Core 60/40 Balanced Allocation ETF,P,NYSE Arca,Y,N,
AORT,"Artivion, Inc. Common Stock",N,NYSE,N,N,
AOS,A.O. Smith Corporation Common Stock,N,NYSE,N,N,
AOSL,Alpha and Omega Semiconductor Limited - Common Shares,Q,Nasdaq,N,N,N
AOTG,AOT Growth and Innovation ETF,Q,Nasdaq,Y,N,N
AOTS,AOT Software Platform ETF,P,NYSE Arca,Y,N,
AOUT,"American Outdoor Brands, Inc. - Common Stock",Q,Nasdaq,N,N,N
AP,Ampco-Pittsburgh Corporation Common Stock,N,NYSE,N,N,
APA,APA Corporation - Common Stock,Q,Nasdaq,N,N,N
APAC,StoneBridge Acquisition II Corporation - Class A Ordinary Shares,Q,Nasdaq,N,N,N
APACR,StoneBridge Acquisition II Corporation - Rights,Q,Nasdaq,N,N,N
APACU,StoneBridge Acquisition II Corporation - Units,Q,Nasdaq,N,N,N
APAM,Artisan Partners Asset Management Inc. Class A Common Stock,N,NYSE,N,N,
APC,ARKO Petroleum Corp. - Class A Common Stock,Q,Nasdaq,N,N,N
APCB,ActivePassive Core Bond ETF,P,NYSE Arca,Y,N,
APD,"Air Products and Chemicals, Inc. Common Stock",N,NYSE,N,N,
APDB,Aptus April Deep Buffer ETF,Z,Cboe BZX,Y,N,
APEI,"American Public Education, Inc. - Common Stock",Q,Nasdaq,N,N,N
APG,APi Group Corporation Common Stock,N,NYSE,N,N,
APGE,"Apogee Therapeutics, Inc. - Common Stock",Q,Nasdaq,N,N,N
APH,Amphenol Corporation Common Stock,N,NYSE,N,N,
APHG,Leverage Shares 2X Long APH Daily ETF,Z,Cboe BZX,Y,N,
APHU,T-REX 2X Long APH Daily Target ETF,Z,Cboe BZX,Y,N,
API,"Agora, Inc. - ADS",Q,Nasdaq,N,N,N
APIE,ActivePassive International Equity ETF,P,NYSE Arca,Y,N,
APLD,Applied Digital Corporation - Common Stock,Q,Nasdaq,N,N,N
APLE,"Apple Hospitality REIT, Inc. Common Shares",N,NYSE,N,N,
APLM,Apollomics Inc. - Class A Ordinary Shares,Q,Nasdaq,N,N,N
APLMW,Apollomics Inc. - Warrant,Q,Nasdaq,N,N,N
APLU,Allspring Core Plus ETF,P,NYSE Arca,Y,N,
APLX,Tradr 2X Long APLD Daily ETF,Z,Cboe BZX,Y,N,
APLY,YieldMax AAPL Option Income Strategy ETF,P,NYSE Arca,Y,N,
APLZ,Tradr 2X Short APLD Daily ETF,Z,Cboe BZX,Y,N,
APM,Aptorum Group Limited - Class A Ordinary Shares,Q,Nasdaq,N,N,D
APMC,AmperCap Acquisition Company - Ordinary Shares,Q,Nasdaq,N,N,N
APMCR,AmperCap Acquisition Company - Right,Q,Nasdaq,N,N,N
APMCU,AmperCap Acquisition Company - Unit,Q,Nasdaq,N,N,N
APMI,Corgi AMAT 2x Daily ETF,Z,Cboe BZX,Y,N,
APMU,ActivePassive Intermediate Municipal Bond ETF,P,NYSE Arca,Y,N,
APO,"Apollo Global Management, Inc. (New) Common Stock",N,NYSE,N,N,
APO$A,"Apollo Global Management, Inc. 6.75% Series A Mandatory Convertible Preferred Stock",N,NYSE,N,N,
APOC,Innovator Equity Defined Protection ETF - 6mo Apr/Oct,Z,Cboe BZX,Y,N,
APOG,"Apogee Enterprises, Inc. - Common Stock",Q,Nasdaq,N,N,N
APOS,"Apollo Global Management, Inc. 7.625% Fixed-Rate Resettable Junior Subordinated Notes due 2053",N,NYSE,N,N,
APP,Applovin Corporation - Class A Common Stock,Q,Nasdaq,N,N,N
APPC,Corgi APP 2x Daily ETF,Z,Cboe BZX,Y,N,
APPF,"AppFolio, Inc. - Class A Common Stock",Q,Nasdaq,N,N,N
APPN,Appian Corporation - Class A Common Stock,Q,Nasdaq,N,N,N
APPS,"Digital Turbine, Inc. - Common Stock",Q,Nasdaq,N,N,N
APPX,Tradr 2X Long APP Daily ETF,Q,Nasdaq,Y,N,N
APRB,Aptus April Buffer ETF,Z,Cboe BZX,Y,N,
APRE,"Aprea Therapeutics, Inc. - Common Stock",Q,Nasdaq,N,N,D
APRH,Innovator Premium Income 20 Barrier ETF - April,Z,Cboe BZX,Y,N,
APRJ,Innovator Premium Income 30 Barrier ETF - April,Z,Cboe BZX,Y,N,
APRP,PGIM S&P 500 Buffer 12 ETF - April,Z,Cboe BZX,Y,N,
APRT,AllianzIM U.S. Large Cap Buffer10 Apr ETF,Z,Cboe BZX,Y,N,
APRW,AllianzIM U.S. Large Cap Buffer20 Apr ETF,Z,Cboe BZX,Y,N,
APRZ,TrueShares Structured Outcome (April) ETF,Z,Cboe BZX,Y,N,
APT,"Alpha Pro Tech, Ltd. Common Stock",A,NYSE American,N,N,
APTV,Aptiv PLC Ordinary Shares,N,NYSE,N,N,
APUE,ActivePassive U.S. Equity ETF,P,NYSE Arca,Y,N,
APUR,Aperture AC - Class A Ordinary Shares,Q,Nasdaq,N,N,N
APURR,Aperture AC - Rights,Q,Nasdaq,N,N,N
APUS,"Apimeds Pharmaceuticals US, Inc. Common Stock",A,NYSE American,N,N,
APVO,Aptevo Therapeutics Inc. - Common Stock,Q,Nasdaq,N,N,N
APWC,"Asia Pacific Wire & Cable Corporation Limited  - Common shares, Par value .01 per share",Q,Nasdaq,N,N,N
APXM,FT Vest U.S. Equity Max Buffer ETF - April,Z,Cboe BZX,Y,N,
APXT,Apex Treasury Corporation - Class A Ordinary Share,Q,Nasdaq,N,N,N
APXTU,Apex Treasury Corporation - Units,Q,Nasdaq,N,N,N
APXTW,Apex Treasury Corporation - Warrants,Q,Nasdaq,N,N,N
APYX,Apyx Medical Corporation - Common Stock,Q,Nasdaq,N,N,N
AQB,"AquaBounty Technologies, Inc. - Common Stock",Q,Nasdaq,N,N,N
AQEC,AQE Core ETF,Z,Cboe BZX,Y,N,
AQLG,HCM Large Cap Growth ETF,Q,Nasdaq,Y,N,N
AQLT,iShares MSCI Global Quality Factor ETF,Z,Cboe BZX,Y,N,
AQMS,"Aqua Metals, Inc. - Common Stock",Q,Nasdaq,N,N,N
AQN,Algonquin Power & Utilities Corp. Common Shares,N,NYSE,N,N,
AQNB,"Algonquin Power & Utilities Corp. 6.20% Fixed-to-Floating Subordinated Notes Series 2019-A due July 1, 2079",N,NYSE,N,N,
AQST,"Aquestive Therapeutics, Inc. - Common Stock",Q,Nasdaq,N,N,N
AQWA,Global X Clean Water ETF,Q,Nasdaq,Y,N,N
AR,Antero Resources Corporation Common Stock,N,NYSE,N,N,
ARAI,Arrive AI Inc. - Common Stock,Q,Nasdaq,N,N,D
ARAY,Accuray Incorporated - Common Stock,Q,Nasdaq,N,N,D
ARB,AltShares Merger Arbitrage ETF,P,NYSE Arca,Y,N,
ARBB,ARB IOT Group Limited - Ordinary Shares,Q,Nasdaq,N,N,N
ARBE,Arbe Robotics Ltd. - Ordinary Shares,Q,Nasdaq,N,N,D
ARBEW,Arbe Robotics Ltd. - Warrant,Q,Nasdaq,N,N,N
ARBK,Argo Blockchain plc - American Depositary Shares,Q,Nasdaq,N,N,N
ARCB,ArcBest Corporation - Common Stock,Q,Nasdaq,N,N,N
ARCC,Ares Capital Corporation - Closed End Fund,Q,Nasdaq,N,N,N
ARCI,Archimedes Tech SPAC Partners III Co. - Ordinary Share,Q,Nasdaq,N,N,N
ARCIU,Archimedes Tech SPAC Partners III Co. - Unit,Q,Nasdaq,N,N,N
ARCIW,Archimedes Tech SPAC Partners III Co. - Warrant,Q,Nasdaq,N,N,N
ARCL,ARC Group Acquisition I Corp - Class A Ordinary Shares,Q,Nasdaq,N,N,N
ARCLR,ARC Group Acquisition I Corp - Right,Q,Nasdaq,N,N,N
ARCLU,ARC Group Acquisition I Corp - Unit,Q,Nasdaq,N,N,N
ARCLW,ARC Group Acquisition I Corp - Warrants,Q,Nasdaq,N,N,N
ARCM,Arrow Reserve Capital Management ETF,Z,Cboe BZX,Y,N,
ARCO,Arcos Dorados Holdings Inc. Class A Shares,N,NYSE,N,N,
ARCT,Arcturus Therapeutics Holdings Inc. - Common Stock,Q,Nasdaq,N,N,N
ARCX,Tradr 2X Long ACHR Daily ETF,Z,Cboe BZX,Y,N,
ARDC,"Ares Dynamic Credit Allocation Fund, Inc. Common Shares",N,NYSE,N,N,
ARDT,"Ardent Health, Inc. Common Stock",N,NYSE,N,N,
ARDX,"Ardelyx, Inc. - Common Stock",Q,Nasdaq,N,N,N
ARE,"Alexandria Real Estate Equities, Inc. Common Stock",N,NYSE,N,N,
AREC,American Resources Corporation - Class A Common Stock,Q,Nasdaq,N,N,E
AREN,"The Arena Group Holdings, Inc. Common Stock",A,NYSE American,N,N,
ARES,Ares Management Corporation Class A Common Stock,N,NYSE,N,N,
ARES$B,Ares Management Corporation 6.75% Series B Mandatory Convertible Preferred Stock,N,NYSE,N,N,
ARGT,Global X MSCI Argentina ETF,P,NYSE Arca,Y,N,
ARGX,argenx SE - American Depositary Shares,Q,Nasdaq,N,N,N
ARHS,"Arhaus, Inc. - Class A Common Stock",Q,Nasdaq,N,N,N
ARI,"Apollo Commercial Real Estate Finance, Inc",N,NYSE,N,N,
ARIS,Aris Mining Corporation Common Shares,N,NYSE,N,N,
ARKB,ARK 21Shares Bitcoin ETF ,Z,Cboe BZX,Y,N,
ARKD,ARK DIET Q1 Buffer ETF,Z,Cboe BZX,Y,N,
ARKE,ARK DIET Q3 Buffer ETF,Z,Cboe BZX,Y,N,
ARKF,ARK Blockchain & Fintech Innovation ETF,Z,Cboe BZX,Y,N,
ARKG,ARK Genomic Revolution ETF,Z,Cboe BZX,Y,N,
ARKI,ARK DIET Q2 Buffer ETF,Z,Cboe BZX,Y,N,
ARKK,ARK Innovation ETF,Z,Cboe BZX,Y,N,
ARKO,ARKO Corp. - Common Stock,Q,Nasdaq,N,N,N
ARKQ,ARK Autonomous Technology & Robotics ETF,Z,Cboe BZX,Y,N,
ARKR,Ark Restaurants Corp. - Common Stock,Q,Nasdaq,N,N,N
ARKT,ARK DIET Q4 Buffer ETF,Z,Cboe BZX,Y,N,
ARKW,ARK Next Generation Internet ETF,Z,Cboe BZX,Y,N,
ARKX,ARK Space & Defense Innovation ETF,Z,Cboe BZX,Y,N,
ARL,"American Realty Investors, Inc. Common Stock",N,NYSE,N,N,
ARLI,AllianzIM International Equity Buffer15 Uncapped Apr ETF,Z,Cboe BZX,Y,N,
ARLO,"Arlo Technologies, Inc. Common Stock",N,NYSE,N,N,
ARLP,"Alliance Resource Partners, L.P. - Common Units Representing Limited Partnership Interests",Q,Nasdaq,N,N,N
ARLU,AllianzIM U.S. Equity Buffer15 Uncapped Apr ETF,Z,Cboe BZX,Y,N,
ARM,Arm Holdings plc - American Depositary Shares,Q,Nasdaq,N,N,N
ARMA,Corgi ARM 2x Daily ETF,Z,Cboe BZX,Y,N,
ARMG,Leverage Shares 2X Long ARM Daily ETF,Q,Nasdaq,Y,N,N
ARMH,Arm Holdings PLC ADRhedged,P,NYSE Arca,Y,N,
ARMK,Aramark Common Stock,N,NYSE,N,N,
ARMP,"Armata Pharmaceuticals, Inc. Common Stock",A,NYSE American,N,N,
ARMW,Roundhill ARM WeeklyPay ETF,Z,Cboe BZX,Y,N,
ARMY,Tema International Defense ETF,Q,Nasdaq,Y,N,N
AROC,"Archrock, Inc. Common Stock",N,NYSE,N,N,
AROW,Arrow Financial Corporation - Common Stock,Q,Nasdaq,N,N,N
ARP,PMV Adaptive Risk Parity ETF,P,NYSE Arca,Y,N,
ARQ,"Arq, Inc. - Common Stock",Q,Nasdaq,N,N,N
ARQQ,Arqit Quantum Inc. - Ordinary Shares,Q,Nasdaq,N,N,N
ARQQW,Arqit Quantum Inc. - Warrants,Q,Nasdaq,N,N,N
ARQT,"Arcutis Biotherapeutics, Inc. - Common stock",Q,Nasdaq,N,N,N
ARR,"ARMOUR Residential REIT, Inc.",N,NYSE,N,N,
ARR$C,"ARMOUR Residential REIT, Inc. 7% Series C Cumulative Redeemable Preferred Stock (liquidation preference $25.00 per share)",N,NYSE,N,N,
ARRY,"Array Technologies, Inc. - Common Stock",Q,Nasdaq,N,N,N
ARTC,Art Technology Acquisition Corp. - Class A Ordinary Shares,Q,Nasdaq,N,N,N
ARTCU,Art Technology Acquisition Corp. - Units,Q,Nasdaq,N,N,N
ARTCW,Art Technology Acquisition Corp. - Warrants,Q,Nasdaq,N,N,N
ARTL,"Artelo Biosciences, Inc. - Common Stock",Q,Nasdaq,N,N,N
ARTNA,Artesian Resources Corporation - Class A Non-Voting Common Stock,Q,Nasdaq,N,N,N
ARTV,"Artiva Biotherapeutics, Inc. - Common Stock",Q,Nasdaq,N,N,N
ARTW,"Art's-Way Manufacturing Co., Inc. - Common Stock",Q,Nasdaq,N,N,N
ARTY,iShares Future AI & Tech ETF,P,NYSE Arca,Y,N,
ARVN,"Arvinas, Inc. - Common Stock",Q,Nasdaq,N,N,N
ARVR,First Trust Indxx Metaverse ETF,Q,Nasdaq,Y,N,N
ARW,"Arrow Electronics, Inc. Common Stock",N,NYSE,N,N,
ARWG,Archer Growth ETF,Z,Cboe BZX,Y,N,
ARWR,"Arrowhead Pharmaceuticals, Inc. - Common Stock",Q,Nasdaq,N,N,N
ARX,Accelerant Holdings Class A Common Shares,N,NYSE,N,N,
ARXS,"Arxis, Inc. - Class A Common Stock",Q,Nasdaq,N,N,N
AS,"Amer Sports, Inc. Ordinary Shares",N,NYSE,N,N,
ASA,ASA  Gold and Precious Metals Limited,N,NYSE,N,N,
ASAN,"Asana, Inc. Class A Common Stock",N,NYSE,N,N,
ASB,Associated Banc-Corp Common Stock,N,NYSE,N,N,
ASB$E,"Associated Banc-Corp Depositary Shares, each representing a 1/40th interest in a share of 5.875% Non-Cumulative Perpetual Preferred Stock, Series E",N,NYSE,N,N,
ASB$F,"Associated Banc-Corp Depositary Shares, each representing a 1/40th interest in a share of Associated Banc-Corp 5.625% Non-Cumulative Perpetual Preferred Stock, Series F",N,NYSE,N,N,
ASBA,Associated Banc-Corp 6.625% Fixed-Rate Reset Subordinated Notes due 2033,N,NYSE,N,N,
ASBP,"Aspire Biopharma Holdings, Inc.  - Common Stock",Q,Nasdaq,N,N,N
ASBPW,"Aspire Biopharma Holdings, Inc.  - Warrant",Q,Nasdaq,N,N,N
ASC,Ardmore Shipping Corporation Common Stock,N,NYSE,N,N,
ASCE,Allspring SMID Core ETF,P,NYSE Arca,Y,N,
ASCI,abrdn International Small Cap Active ETF,Q,Nasdaq,Y,N,N
ASD,Defiance Autism Impact ETF,Q,Nasdaq,Y,N,N
ASEA,Global X FTSE Southeast Asia ETF,P,NYSE Arca,Y,N,
ASEC,American Century Securitized Credit ETF,Q,Nasdaq,Y,N,N
ASG,"Liberty All-Star Growth Fund, Inc.",N,NYSE,N,N,
ASGI,abrdn Global Infrastructure Income Fund Common Shares of Beneficial Interest,N,NYSE,N,N,
ASGM,Virtus AlphaSimplex Global Macro ETF,P,NYSE Arca,Y,N,
ASH,Ashland Inc. Common Stock,N,NYSE,N,N,
ASHR,Xtrackers Harvest CSI 300 China A-Shares ETF,P,NYSE Arca,Y,N,
ASHS,Xtrackers Harvest CSI 500 China A-Shares Small Cap ETF,P,NYSE Arca,Y,N,
ASIA,Matthews Pacific Tiger Active ETF,P,NYSE Arca,Y,N,
ASIC,Ategrity Specialty Insurance Company Holdings Common Stock,N,NYSE,N,N,
ASIX,AdvanSix Inc. Common Stock ,N,NYSE,N,N,
ASLE,AerSale Corporation - Common Stock,Q,Nasdaq,N,N,N
ASLV,Allspring Special Large Value ETF,P,NYSE Arca,Y,N,
ASM,Avino Silver & Gold Mines Ltd. Common Shares (Canada),A,NYSE American,N,N,
ASMB,"Assembly Biosciences, Inc. - Common Stock",Q,Nasdaq,N,N,N
ASMF,Virtus AlphaSimplex Managed Futures ETF,P,NYSE Arca,Y,N,
ASMG,Leverage Shares 2X Long ASML Daily ETF,Q,Nasdaq,Y,N,N
ASMH,ASML Holding NV ADRhedged,P,NYSE Arca,Y,N,
ASML,ASML Holding N.V. - New York Registry Shares,Q,Nasdaq,N,N,N
ASMU,Direxion Daily ASML Bull 2X ETF,Q,Nasdaq,Y,N,N
ASMZ,Corgi ASML 2x Daily ETF,Z,Cboe BZX,Y,N,
ASND,Ascendis Pharma A/S - Ordinary Share,Q,Nasdaq,N,N,N
ASO,"Academy Sports and Outdoors, Inc. - Common Stock",Q,Nasdaq,N,N,N
ASPC,A SPAC III Acquisition Corp. - Class A Ordinary Shares,Q,Nasdaq,N,N,D
ASPCR,A SPAC III Acquisition Corp. - Right,Q,Nasdaq,N,N,D
ASPCU,A SPAC III Acquisition Corp. - Unit,Q,Nasdaq,N,N,D
ASPI,ASP Isotopes Inc. - Common Stock,Q,Nasdaq,N,N,N
ASPN,"Aspen Aerogels, Inc. Common Stock",N,NYSE,N,N,
ASPS,Altisource Portfolio Solutions S.A. - Common Stock,Q,Nasdaq,N,N,N
ASPSW,Altisource Portfolio Solutions S.A. - Net Settle Stakeholder Warrants,Q,Nasdaq,N,N,N
ASPSZ,Altisource Portfolio Solutions S.A. - Cash Exercise Stakeholder Warrants,Q,Nasdaq,N,N,N
ASR,"Grupo Aeroportuario del Sureste, S.A. de C.V. Common Stock",N,NYSE,N,N,
ASRV,AmeriServ Financial Inc. - Common Stock,Q,Nasdaq,N,N,N
ASST,"Strive, Inc. - Class A Common Stock",Q,Nasdaq,N,N,N
ASTC,Astrotech Corporation - Common Stock,Q,Nasdaq,N,N,N
ASTE,"Astec Industries, Inc. - Common Stock",Q,Nasdaq,N,N,N
ASTG,Leverage Shares 2X Long ASTS Daily ETF,Z,Cboe BZX,Y,N,
ASTH,Astrana Health Inc. - Common Stock,Q,Nasdaq,N,N,N
ASTI,"Ascent Solar Technologies, Inc - Common Stock",Q,Nasdaq,N,N,N
ASTL,Algoma Steel Group Inc. - Common Shares,Q,Nasdaq,N,N,N
ASTLW,Algoma Steel Group Inc. - Warrant,Q,Nasdaq,N,N,N
ASTN,Defiance Daily Target 2X Short ASTS ETF,Z,Cboe BZX,Y,N,
ASTS,"AST SpaceMobile, Inc. - Class A Common Stock",Q,Nasdaq,N,N,N
ASTT,Corgi ASTS 2x Daily ETF,Z,Cboe BZX,Y,N,
ASTX,Tradr 2X Long ASTS Daily ETF,Z,Cboe BZX,Y,N,
ASTY,Defiance Daily Target 2X Long ASTS ETF,Z,Cboe BZX,Y,N,
ASUP,T-REX 2X Long ASTS Daily Target ETF,Z,Cboe BZX,Y,N,
ASUR,Asure Software Inc - Common Stock,Q,Nasdaq,N,N,N
ASX,"ASE Technology Holding Co., Ltd. American Depositary Shares (each representing Two Common Shares) ",N,NYSE,N,N,
ASYS,"Amtech Systems, Inc. - Common Stock",Q,Nasdaq,N,N,N
ATAI,AtaiBeckley Inc. - Common Stock,Q,Nasdaq,N,N,N
ATAT,Atour Lifestyle Holdings Limited - American Depositary Shares,Q,Nasdaq,N,N,N
ATC,GraniteShares Autocallable COIN ETF,Q,Nasdaq,Y,N,N
ATCH,"AtlasClear Holdings, Inc. Common Stock",A,NYSE American,N,N,
ATCL,REX Autocallable Income ETF,P,NYSE Arca,Y,N,
ATCX,Atlas Critical Minerals Corporation - Common Stock,Q,Nasdaq,N,N,N
ATEC,"Alphatec Holdings, Inc. - Common Stock",Q,Nasdaq,N,N,N
ATEN,"A10 Networks, Inc. Common Stock",N,NYSE,N,N,
ATER,"Aterian, Inc. - Common Stock",Q,Nasdaq,N,N,N
ATEST,Tick Pilot Test Control Common Stock,A,NYSE American,N,Y,
ATEST.A,Tick Pilot Test Group 1 Common Stock,A,NYSE American,N,Y,
ATEST.B,Tick pilot Test 2 Common Stock,A,NYSE American,N,Y,
ATEST.C,Tick Pilot Test 3 Common Stock,A,NYSE American,N,Y,
ATEX,Anterix Inc. - Common Stock,Q,Nasdaq,N,N,N
ATFV,Alger 35 ETF,P,NYSE Arca,Y,N,
ATGL,Alpha Technology Group Limited - Class A Ordinary Shares,Q,Nasdaq,N,N,N
ATH$A,"Athene Holding Ltd. Depositary Shares, Each Representing a 1/1,000th Interest in a 6.35% Fixed-to-Floating Rate Perpetual Non-Cumulative Preference Share, Series A",N,NYSE,N,N,
ATH$B,"Athene Holding Ltd. Depositary Shares, Each Representing a 1/1,000th Interest in a 5.625% Fixed Rate Perpetual Non- Cumulative Preference Share, Series B, par value $1.00 per share",N,NYSE,N,N,
ATH$D,"Athene Holding Ltd. Depositary Shares, Each Representing a 1/1,000th Interest in a 4.875% Fixed-Rate Perpetual Non-Cumulative Preference Share, Series D",N,NYSE,N,N,
ATH$E,"Athene Holding Ltd. Depositary Shares, Each Representing a 1/1,000th Interest in a 7.750% Fixed-Rate Reset Perpetual Non-Cumulative Preference Share, Series E",N,NYSE,N,N,
ATHE,Alterity Therapeutics Limited - American Depositary Shares,Q,Nasdaq,N,N,N
ATHM,"Autohome Inc. American Depositary Shares, each representing four class A ordinary shares.",N,NYSE,N,N,
ATHR,"Aether Holdings, Inc. - Common Stock",Q,Nasdaq,N,N,N
ATHS,Athene Holding Ltd. 7.250% Fixed-Rate Reset Junior Subordinated Debentures due 2064,N,NYSE,N,N,
ATI,ATI Inc. Common Stock,N,NYSE,N,N,
ATII,Archimedes Tech SPAC Partners II Co. - Ordinary Shares,Q,Nasdaq,N,N,N
ATIIU,Archimedes Tech SPAC Partners II Co. - Unit,Q,Nasdaq,N,N,N
ATIIW,Archimedes Tech SPAC Partners II Co. - Warrant,Q,Nasdaq,N,N,N
ATKR,Atkore Inc. Common Stock,N,NYSE,N,N,
ATLC,Atlanticus Holdings Corporation - Common Stock,Q,Nasdaq,N,N,N
ATLCL,Atlanticus Holdings Corporation - 6.125% Senior Notes due 2026,Q,Nasdaq,N,N,N
ATLCP,"Atlanticus Holdings Corporation - 7.625% Series B Cumulative Perpetual Preferred Stock, no par value per share",Q,Nasdaq,N,N,N
ATLCZ,Atlanticus Holdings Corporation - 9.25% Senior Notes due 2029,Q,Nasdaq,N,N,N
ATLO,Ames National Corporation - Common Stock,Q,Nasdaq,N,N,N
ATLX,Atlas Lithium Corporation - Common Stock,Q,Nasdaq,N,N,N
ATMP,iPath Select MLP ETN,Z,Cboe BZX,N,N,
ATMU,Atmus Filtration Technologies Inc. Common Stock,N,NYSE,N,N,
ATNI,"ATN International, Inc. - Common Stock",Q,Nasdaq,N,N,N
ATNM,"Actinium Pharmaceuticals, Inc. (Delaware) Common Stock",A,NYSE American,N,N,
ATO,Atmos Energy Corporation Common Stock,N,NYSE,N,N,
ATOM,Atomera Incorporated - Common Stock,Q,Nasdaq,N,N,N
ATOS,"Atossa Therapeutics, Inc. - Common Stock",Q,Nasdaq,N,N,N
ATPC,Agape ATP Corporation - Common Stock,Q,Nasdaq,N,N,N
ATR,"AptarGroup, Inc. Common Stock",N,NYSE,N,N,
ATRA,"Atara Biotherapeutics, Inc. - Common Stock",Q,Nasdaq,N,N,N
ATRC,"AtriCure, Inc. - Common Stock",Q,Nasdaq,N,N,N
ATRO,Astronics Corporation - Common Stock,Q,Nasdaq,N,N,N
ATS,ATS Corporation Common Shares,N,NYSE,N,N,
ATTR,Arin Tactical Tail Risk ETF,Z,Cboe BZX,Y,N,
ATXG,Addentax Group Corp. - Common Stock,Q,Nasdaq,N,N,N
ATYR,"aTyr Pharma, Inc. - Common Stock",Q,Nasdaq,N,N,D
AU,AngloGold Ashanti PLC Ordinary Shares,N,NYSE,N,N,
AUAU,Global X Gold Miners ETF,P,NYSE Arca,Y,N,
AUB,Atlantic Union Bankshares Corporation Common Stock,N,NYSE,N,N,
AUB$A,"Atlantic Union Bankshares Corporation Depositary Shares each representing a 1/400th ownership interest in a share of 6.875% Perpetual Non-Cumulative Preferred Stock, Series A",N,NYSE,N,N,
AUBN,"Auburn National Bancorporation, Inc. - Common Stock",Q,Nasdaq,N,N,N
AUC,ATIF Holdings Limited - Ordinary Shares,Q,Nasdaq,N,N,N
AUDC,AudioCodes Ltd. - Ordinary Shares,Q,Nasdaq,N,N,N
AUGM,FT Vest U.S. Equity Max Buffer ETF - August,Z,Cboe BZX,Y,N,
AUGO,Aura Minerals Inc. - Common Shares,Q,Nasdaq,N,N,N
AUGP,PGIM S&P 500 Buffer 12 ETF - August,Z,Cboe BZX,Y,N,
AUGT,AllianzIM U.S. Large Cap Buffer10 Aug ETF,Z,Cboe BZX,Y,N,
AUGU,AllianzIM U.S. Equity Buffer15 Uncapped Aug ETF,Z,Cboe BZX,Y,N,
AUGW,AllianzIM U.S. Large Cap Buffer20 Aug ETF,Z,Cboe BZX,Y,N,
AUGZ,TrueShares Structured Outcome (August) ETF,Z,Cboe BZX,Y,N,
AUID,authID Inc. - Common Stock,Q,Nasdaq,N,N,N
AUMI,Themes Gold Miners ETF,Q,Nasdaq,Y,N,N
AUNA,Auna SA Class A Ordinary Shares,N,NYSE,N,N,
AUPH,Aurinia Pharmaceuticals Inc - Common Shares,Q,Nasdaq,N,N,N
AUR,"Aurora Innovation, Inc.  - Class A Common Stock",Q,Nasdaq,N,N,N
AURA,"Aura Biosciences, Inc. - Common Stock",Q,Nasdaq,N,N,N
AURE,Aurelion Inc.  - Class A Ordinary Shares,Q,Nasdaq,N,N,N
AUROW,"Aurora Innovation, Inc.  - Warrant",Q,Nasdaq,N,N,N
AUSF,Global X Adaptive U.S. Factor ETF,P,NYSE Arca,Y,N,
AUSM,Allspring Ultra Short Municipal ETF,P,NYSE Arca,Y,N,
AUST,Austin Gold Corp. Common Shares,A,NYSE American,N,N,
AUTL,Autolus Therapeutics plc - American Depositary Shares,Q,Nasdaq,N,N,N
AUUD,Auddia Inc. - Common Stock,Q,Nasdaq,N,N,D
AV,Corgi Aerospace & Commercial Aviation ETF,Z,Cboe BZX,Y,N,
AVA,Avista Corporation Common Stock,N,NYSE,N,N,
AVAH,Aveanna Healthcare Holdings Inc. - Common Stock,Q,Nasdaq,N,N,N
AVAL,Grupo Aval Acciones y Valores S.A. ADR (Each representing 20 preferred shares),N,NYSE,N,N,
AVAT,Avalanche Treasury Corporation - Class A Common Stock,Q,Nasdaq,N,N,N
AVAV,"AeroVironment, Inc. - Common Stock",Q,Nasdaq,N,N,N
AVAZ,2x Avalanche ETF,Z,Cboe BZX,Y,N,
AVB,"AvalonBay Communities, Inc. Common Stock",N,NYSE,N,N,
AVBC,"Avidia Bancorp, Inc. Common Stock",N,NYSE,N,N,
AVBH,"Avidbank Holdings, Inc. - Common Stock",Q,Nasdaq,N,N,N
AVBP,"ArriVent BioPharma, Inc. - Common Stock",Q,Nasdaq,N,N,N
AVD,American Vanguard Corporation Common Stock ($0.10 Par Value),N,NYSE,N,N,
AVDE,Avantis International Equity ETF,P,NYSE Arca,Y,N,
AVDS,Avantis International Small Cap Equity ETF,P,NYSE Arca,Y,N,
AVDV,Avantis International Small Cap Value ETF,P,NYSE Arca,Y,N,
AVEE,Avantis Emerging Markets Small Cap Equity ETF,P,NYSE Arca,Y,N,
AVEM,Avantis Emerging Markets Equity ETF,P,NYSE Arca,Y,N,
AVES,Avantis Emerging Markets Value ETF,P,NYSE Arca,Y,N,
AVEX,AEVEX Corp. Class A Common Stock,N,NYSE,N,N,
AVGB,Avantis Credit ETF,Q,Nasdaq,Y,N,N
AVGC,Corgi AVGO 2x Daily ETF,Z,Cboe BZX,Y,N,
AVGE,Avantis All Equity Markets ETF,P,NYSE Arca,Y,N,
AVGG,Leverage Shares 2X Long AVGO Daily ETF,Q,Nasdaq,Y,N,N
AVGO,Broadcom Inc. - Common Stock,Q,Nasdaq,N,N,N
AVGU,GraniteShares 2x Long AVGO Daily ETF,Q,Nasdaq,Y,N,N
AVGV,Avantis All Equity Markets Value ETF,P,NYSE Arca,Y,N,
AVGW,Roundhill AVGO WeeklyPay ETF,Z,Cboe BZX,Y,N,
AVGX,Defiance Daily Target 2X Long AVGO ETF,Q,Nasdaq,Y,N,N
AVIE,Avantis Inflation Focused Equity ETF,P,NYSE Arca,Y,N,
AVIG,Avantis Core Fixed Income ETF,P,NYSE Arca,Y,N,
AVIR,"Atea Pharmaceuticals, Inc. - common stock",Q,Nasdaq,N,N,N
AVIV,Avantis International Large Cap Value ETF,P,NYSE Arca,Y,N,
AVK,Advent Convertible and Income Fund,N,NYSE,N,N,
AVL,Direxion Daily AVGO Bull 2X ETF,Q,Nasdaq,Y,N,N
AVLC,Avantis U.S. Large Cap Equity ETF,P,NYSE Arca,Y,N,
AVLN,Avalyn Pharma Inc. - common stock,Q,Nasdaq,N,N,N
AVLV,Avantis U.S. Large Cap Value ETF,P,NYSE Arca,Y,N,
AVMA,Avantis Moderate Allocation ETF,P,NYSE Arca,Y,N,
AVMC,Avantis U.S. Mid Cap Equity ETF,P,NYSE Arca,Y,N,
AVMU,Avantis Core Municipal Fixed Income ETF,P,NYSE Arca,Y,N,
AVMV,Avantis U.S. Mid Cap Value ETF,P,NYSE Arca,Y,N,
AVNM,Avantis All International Markets Equity ETF,P,NYSE Arca,Y,N,
AVNS,"Avanos Medical, Inc. Common Stock",N,NYSE,N,N,
AVNT,Avient Corporation Common Stock,N,NYSE,N,N,
AVNV,Avantis All International Markets Value ETF,P,NYSE Arca,Y,N,
AVNW,"Aviat Networks, Inc. - Common Stock",Q,Nasdaq,N,N,N
AVO,"Mission Produce, Inc. - Common Stock",Q,Nasdaq,N,N,N
AVOS,Avos Global Equities ETF,Q,Nasdaq,Y,N,N
AVPT,"AvePoint, Inc. - Class A Common Stock",Q,Nasdaq,N,N,N
AVR,Anteris Technologies Global Corp. - Common Stock,Q,Nasdaq,N,N,N
AVRE,Avantis Real Estate ETF,P,NYSE Arca,Y,N,
AVRY,Avory Foundational ETF,Z,Cboe BZX,Y,N,
AVS,Direxion Daily AVGO Bear 1X ETF,Q,Nasdaq,Y,N,N
AVSC,Avantis U.S Small Cap Equity ETF,P,NYSE Arca,Y,N,
AVSD,Avantis Responsible International Equity ETF,P,NYSE Arca,Y,N,
AVSE,Avantis Responsible Emerging Markets Equity ETF,P,NYSE Arca,Y,N,
AVSF,Avantis Short-Term Fixed Income ETF,P,NYSE Arca,Y,N,
AVSU,Avantis Responsible U.S. Equity ETF,P,NYSE Arca,Y,N,
AVT,"Avnet, Inc. - Common Stock",Q,Nasdaq,N,N,N
AVTM,Avantis Total Equity Markets ETF,P,NYSE Arca,Y,N,
AVTR,"Avantor, Inc. Common Stock",N,NYSE,N,N,
AVTX,"Avalo Therapeutics, Inc. - Common Stock",Q,Nasdaq,N,N,N
AVUQ,Avantis U.S. Quality ETF,Q,Nasdaq,Y,N,N
AVUS,Avantis U.S. Equity ETF,P,NYSE Arca,Y,N,
AVUV,Avantis U.S. Small Cap Value ETF,P,NYSE Arca,Y,N,
AVX,Avax One Technology Ltd. - Common Shares,Q,Nasdaq,N,N,N
AVXC,Avantis Emerging Markets ex-China Equity ETF,Q,Nasdaq,Y,N,N
AVXL,Anavex Life Sciences Corp. - Common Stock,Q,Nasdaq,N,N,E
AVXX,Defiance Daily Target 2x Long AVAV ETF,Q,Nasdaq,Y,N,N
AVY,Avery Dennison Corporation Common Stock,N,NYSE,N,N,
AWAY,Amplify Travel Tech ETF,P,NYSE Arca,Y,N,
AWF,Alliancebernstein Global High Income Fund,N,NYSE,N,N,
AWI,Armstrong World Industries Inc Common Stock,N,NYSE,N,N,
AWK,"American Water Works Company, Inc. Common Stock",N,NYSE,N,N,
AWP,abrdn Global Premier Properties Fund Common Shares of Beneficial Interest,N,NYSE,N,N,
AWR,American States Water Company Common Stock,N,NYSE,N,N,
AWRE,"Aware, Inc. - Common Stock",Q,Nasdaq,N,N,N
AWX,Avalon Holdings Corporation Common Stock,A,NYSE American,N,N,
AX,"Axos Financial, Inc. Common Stock",N,NYSE,N,N,
AXG,Solowin Holdings - Class A Ordinary Share,Q,Nasdaq,N,N,N
AXGN,"Axogen, Inc. - Common Stock",Q,Nasdaq,N,N,N
AXIA,AXIA Energia American Depositary Shares (Each representing one Common Share),N,NYSE,N,N,
AXIA$C,"AXIA Energia American Depositary Shares, each representing one Preferred Class C Share",N,NYSE,N,N,
AXIL,"AXIL Brands, Inc. Common Stock",A,NYSE American,N,N,
AXIN,Axiom Intelligence Acquisition Corp 1 - Class A Ordinary Shares,Q,Nasdaq,N,N,N
AXINR,Axiom Intelligence Acquisition Corp 1 - Right,Q,Nasdaq,N,N,N
AXINU,Axiom Intelligence Acquisition Corp 1 - Units,Q,Nasdaq,N,N,N
AXON,"Axon Enterprise, Inc. - Common Stock",Q,Nasdaq,N,N,N
AXP,American Express Company Common Stock,N,NYSE,N,N,
AXPG,Leverage Shares 2x Long AXP Daily ETF,Q,Nasdaq,Y,N,N
AXR,AMREP Corporation Common Stock,N,NYSE,N,N,
AXS,Axis Capital Holdings Limited Common Stock,N,NYSE,N,N,
AXS$E,"Axis Capital Holdings Limited Depositary Shares, each representing 1/100th interest in a share of a 5.50% Series E Preferred Shares",N,NYSE,N,N,
AXSM,"Axsome Therapeutics, Inc. - Common Stock",Q,Nasdaq,N,N,N
AXTA,Axalta Coating Systems Ltd. Common Shares,N,NYSE,N,N,
AXTC,Corgi AXTI 2x Daily ETF,Z,Cboe BZX,Y,N,
AXTI,AXT Inc - Common Stock,Q,Nasdaq,N,N,N
AXTL,Leverage Shares 2X Long AXTI Daily ETF,Z,Cboe BZX,Y,N,
AXTU,T-REX 2X Long AXTI Daily Target ETF,Z,Cboe BZX,Y,N,
AXTX,Tradr 2X Long AXTI Daily ETF,Z,Cboe BZX,Y,N,
AYA,Aya Gold & Silver Inc. - Common Shares,Q,Nasdaq,N,N,N
AYI,Acuity Inc. Common Stock,N,NYSE,N,N,
AYTU,"Aytu BioPharma, Inc.  - Common Stock",Q,Nasdaq,N,N,N
AZ,A2Z Cust2Mate Solutions Corp. - Common Shares,Q,Nasdaq,N,N,N
AZI,Autozi Internet Technology (Global) Ltd. - Class A Ordinary Shares,Q,Nasdaq,N,N,N
AZIO,"Azio AI Holdings, Inc. - Common stock",Q,Nasdaq,N,N,D
AZN,AstraZeneca PLC Ordinary Shares,N,NYSE,N,N,
AZO,"AutoZone, Inc. Common Stock",N,NYSE,N,N,
AZTA,"Azenta, Inc. - Common Stock",Q,Nasdaq,N,N,N
AZTD,Aztlan Global Stock Selection DM SMID ETF,P,NYSE Arca,Y,N,
AZTR,Azitra Inc Common Stock,A,NYSE American,N,N,
AZUL,"Azul S.A. American Depositary Shares, each representing two (2) Common Shares",N,NYSE,N,N,
AZYY,GraniteShares YieldBoost AMZN ETF,Q,Nasdaq,Y,N,N
AZZ,AZZ Inc.,N,NYSE,N,N,
B,Barrick Mining Corporation Common Shares,N,NYSE,N,N,
BA,Boeing Company (The) Common Stock,N,NYSE,N,N,
BA$A,"Boeing Company (The) Depositary Shares, each representing a 1/20th interest in a share of 6.00% Series A Mandatory Convertible Preferred Stock, par value $1.00",N,NYSE,N,N,
BAB,Invesco Taxable Municipal Bond ETF,P,NYSE Arca,Y,N,
BABA,Alibaba Group Holding Limited American Depositary Shares each representing eight Ordinary share,N,NYSE,N,N,
BABC,Corgi BABA 2x Daily ETF,Z,Cboe BZX,Y,N,
BABO,YieldMax BABA Option Income Strategy ETF,P,NYSE Arca,Y,N,
BABU,Direxion Daily BABA Bull 2X ETF,Q,Nasdaq,Y,N,N
BABW,Roundhill BABA WeeklyPay ETF,Z,Cboe BZX,Y,N,
BABX,GraniteShares 2x Long BABA Daily ETF,Q,Nasdaq,Y,N,N
BAC,Bank of America Corporation Common Stock,N,NYSE,N,N,
BAC$B,"Bank of America Corporation Depositary Shares, each representing a 1/1,000th interest in a share of 6.000% Non-Cumulative Preferred Stock, Series GG",N,NYSE,N,N,
BAC$E,Bank of America Corporation Depositary Sh repstg 1/1000th Perp Pfd Ser E,N,NYSE,N,N,
BAC$K,"Bank of America Corporation Depositary Shares, each representing a 1/1,000th interest in a share of 5.875% Non- Cumulative Preferred Stock, Series HH",N,NYSE,N,N,
BAC$L,Bank of America Corporation Non Cumulative Perpetual Conv Pfd Ser L,N,NYSE,N,N,
BAC$M,"Bank of America Corporation Depositary Shares, each representing a 1/1,000th interest in a share of 5.375% Non-Cumulative Preferred Stock, Series KK",N,NYSE,N,N,
BAC$N,"Bank of America Corporation Depositary shares, each representing 1/1,000th interest in a share of 5.000% Non-Cumulative Preferred Stock, Series LL",N,NYSE,N,N,
BAC$O,"Bank of America Corporation Depositary shares, each representing 1/1,000th interest in a share of 4.375% Non-Cumulative Preferred Stock, Series NN",N,NYSE,N,N,
BAC$P,"Bank of America Corporation Depositary Shares, each representing a 1/1,000th interest in a share of 4.125% Non-Cumulative Preferred Stock, Series PP",N,NYSE,N,N,
BAC$Q,"Bank of America Corporation Depositary shares, each representing 1/1,000th interest in a share of 4.250% Non-Cumulative Preferred Stock, Series QQ",N,NYSE,N,N,
BAC$S,"Bank of America Corporation Depositary shares, each representing 1/1,000th interest in a share of 4.750% Non-Cumulative Preferred Stock, Series SS",N,NYSE,N,N,
BACC,Blue Acquisition Corp. - Class A Ordinary Shares,Q,Nasdaq,N,N,N
BACCR,Blue Acquisition Corp. - Right,Q,Nasdaq,N,N,N
BACCU,Blue Acquisition Corp. - Unit,Q,Nasdaq,N,N,N
BAER,"Bridger Aerospace Group Holdings, Inc. - Common Stock",Q,Nasdaq,N,N,N
BAERW,"Bridger Aerospace Group Holdings, Inc. - Warrant",Q,Nasdaq,N,N,N
BAFE,Brown Advisory Flexible Equity ETF,Q,Nasdaq,Y,N,N
BAFN,BayFirst Financial Corp. - Common Stock,Q,Nasdaq,N,N,N
BAGY,Amplify Bitcoin Max Income Covered Call ETF,Z,Cboe BZX,Y,N,
BAH,Booz Allen Hamilton Holding Corporation Common Stock,N,NYSE,N,N,
BAI,iShares A.I. Innovation and Tech Active ETF,P,NYSE Arca,Y,N,
BAIG,Leverage Shares 2X Long BBAI Daily ETF,Q,Nasdaq,Y,N,N
BAIV,Brown Advisory International Value Select ETF,Q,Nasdaq,Y,N,N
BAK,Braskem SA ADR,N,NYSE,N,N,
BALI,iShares U.S. Large Cap Premium Income Active ETF,Z,Cboe BZX,Y,N,
BALL,Ball Corporation Common Stock,N,NYSE,N,N,
BALQ,iShares Nasdaq Premium Income Active ETF,Q,Nasdaq,Y,N,N
BALT,Innovator Defined Wealth Shield ETF,Z,Cboe BZX,Y,N,
BALY,Bally's Corporation Common Stock,N,NYSE,N,N,
BAM,Brookfield Asset Management Inc Class A Limited Voting Shares,N,NYSE,N,N,
BAMA,Brookstone Active ETF,Z,Cboe BZX,Y,N,
BAMB,Brookstone Intermediate Bond ETF,Z,Cboe BZX,Y,N,
BAMD,Brookstone Dividend Stock ETF,Z,Cboe BZX,Y,N,
BAMG,Brookstone Growth Stock ETF,Z,Cboe BZX,Y,N,
BAMO,Brookstone Opportunities ETF,Z,Cboe BZX,Y,N,
BAMU,Brookstone Ultra-Short Bond ETF,Z,Cboe BZX,Y,N,
BAMV,Brookstone Value Stock ETF,Z,Cboe BZX,Y,N,
BAMY,Brookstone Yield ETF,Z,Cboe BZX,Y,N,
BANC,"Banc of California, Inc. Common Stock",N,NYSE,N,N,
BANC$F,"Banc of California, Inc. Depositary Shares, each representing a 1/40th interest in a share of 7.75% non-cumulative perpetual preferred stock, Series F",N,NYSE,N,N,
BAND,Bandwidth Inc. - Class A Common Stock,Q,Nasdaq,N,N,N
BANF,BancFirst Corporation - Common Stock,Q,Nasdaq,N,N,N
BANFP,BancFirst Corporation - 7.2% Cumulative Trust Preferred Securities,Q,Nasdaq,N,N,N
BANL,CBL International Limited - Class B Ordinary Shares,Q,Nasdaq,N,N,D
BANR,Banner Corporation - Common Stock,Q,Nasdaq,N,N,N
BANX,ArrowMark Financial Corp. - Closed End Fund,Q,Nasdaq,N,N,N
BAOS,Baosheng Media Group Holdings Limited - Ordinary shares,Q,Nasdaq,N,N,N
BAP,Credicorp Ltd. Common Stock,N,NYSE,N,N,
BAPR,Innovator U.S. Equity Buffer ETF - April,Z,Cboe BZX,Y,N,
BAR,GraniteShares Gold Trust Shares of Beneficial Interest,P,NYSE Arca,N,N,
BARK,"BARK, Inc. Class A Common Stock",N,NYSE,N,N,
BASG,Brown Advisory Sustainable Growth ETF,Q,Nasdaq,Y,N,N
BASV,Brown Advisory Sustainable Value ETF,Q,Nasdaq,Y,N,N
BATL,Battalion Oil Corporation Common Stock,A,NYSE American,N,N,
BATRA,"Atlanta Braves Holdings, Inc. - Series A Common Stock",Q,Nasdaq,N,N,N
BATRK,"Atlanta Braves Holdings, Inc. - Series C Common Stock",Q,Nasdaq,N,N,N
BATT,Amplify Lithium & Battery Technology ETF,P,NYSE Arca,Y,N,
BAUG,Innovator U.S. Equity Buffer ETF - August,Z,Cboe BZX,Y,N,
BAVA,Common Shares of Beneficial Interest of Bitwise Avalanche ETF,P,NYSE Arca,Y,N,
BAX,Baxter International Inc. Common Stock,N,NYSE,N,N,
BAY,Corgi Bay Area Based ETF,Z,Cboe BZX,Y,N,
BB,BlackBerry Limited Common Stock,N,NYSE,N,N,
BBAG,JPMorgan BetaBuilders U.S. Aggregate Bond ETF,Z,Cboe BZX,Y,N,
BBAI,"BigBear.ai, Inc. Common Stock",N,NYSE,N,N,
BBAI.W,"BigBear.ai, Inc. Redeemable Warrants, each exercisable for one share of Common Stock at an exercise price of $11.50 per share",N,NYSE,N,N,
BBAR,Banco BBVA Argentina S.A. ADS,N,NYSE,N,N,
BBAX,JPMorgan BetaBuilders Developed Asia Pacific-ex Japan ETF,Z,Cboe BZX,Y,N,
BBB,CYBER HORNET S&P 500 and Bitcoin 75/25 Strategy ETF,Q,Nasdaq,Y,N,N
BBBI,BondBloxx BBB Rated 5-10 Year Corporate Bond ETF,P,NYSE Arca,Y,N,
BBBL,BondBloxx BBB Rated 10+ Year Corporate Bond ETF,P,NYSE Arca,Y,N,
BBBS,BondBloxx BBB Rated 1-5 Year Corporate Bond ETF,P,NYSE Arca,Y,N,
BBBY,"Bed Bath & Beyond, Inc. Common Stock",N,NYSE,N,N,
BBBY.W,"Bed Bath & Beyond, Inc. Warrants to Purchase Common Stock",N,NYSE,N,N,
BBC,Virtus Biotech Clinical Trials ETF,P,NYSE Arca,Y,N,
BBCA,JPMorgan BetaBuilders Canada ETF,Z,Cboe BZX,Y,N,
BBCB,JPMorgan BetaBuilders USD Investment Grade Corporate Bond ETF,Z,Cboe BZX,Y,N,
BBCP,"Concrete Pumping Holdings, Inc.  - Common Stock",Q,Nasdaq,N,N,N
BBCQ,Bleichroeder Acquisition Corp. II - Class A Ordinary Shares,Q,Nasdaq,N,N,N
BBCQU,Bleichroeder Acquisition Corp. II - Units,Q,Nasdaq,N,N,N
BBCQW,Bleichroeder Acquisition Corp. II - Warrants,Q,Nasdaq,N,N,N
BBD,Banco Bradesco Sa American Depositary Shares,N,NYSE,N,N,
BBDC,"Barings BDC, Inc. Common Stock",N,NYSE,N,N,
BBDO,Banco Bradesco Sa American Depositary Shares (each representing one Common Share),N,NYSE,N,N,
BBEM,JPMorgan BetaBuilders Emerging Markets Equity ETF,Z,Cboe BZX,Y,N,
BBEU,JPMorgan BetaBuilders Europe ETF,Z,Cboe BZX,Y,N,
BBGI,"Beasley Broadcast Group, Inc. - Class A Common Stock",Q,Nasdaq,N,N,D
BBH,VanEck Biotech ETF,Q,Nasdaq,Y,N,N
BBHL,BBH Select Large Cap ETF,P,NYSE Arca,Y,N,
BBHM,BBH Select Mid Cap ETF,P,NYSE Arca,Y,N,
BBHY,JPMorgan BetaBuilders USD High Yield Corporate Bond ETF,Z,Cboe BZX,Y,N,
BBIB,JPMorgan BetaBuilders U.S. Treasury Bond 3-10 Year ETF,Z,Cboe BZX,Y,N,
BBIN,JPMorgan BetaBuilders International Equity ETF,Z,Cboe BZX,Y,N,
BBIO,"BridgeBio Pharma, Inc. - Common Stock",Q,Nasdaq,N,N,N
BBJP,JPMorgan BetaBuilders Japan ETF,Z,Cboe BZX,Y,N,
BBLB,JPMorgan BetaBuilders U.S. Treasury Bond 20+ Year ETF,Z,Cboe BZX,Y,N,
BBLG,Bone Biologics Corp - Common Stock,Q,Nasdaq,N,N,N
BBLGW,Bone Biologics Corp - warrants,Q,Nasdaq,N,N,N
BBLU,EA Bridgeway Blue Chip ETF,P,NYSE Arca,Y,N,
BBMC,JPMorgan BetaBuilders U.S. Mid Cap Equity ETF,Z,Cboe BZX,Y,N,
BBN,BlackRock Taxable Municipal Bond Trust Common Shares of Beneficial Interest,N,NYSE,N,N,
BBNX,"Beta Bionics, Inc. - Common Stock",Q,Nasdaq,N,N,N
BBOT,"BridgeBio Oncology Therapeutics, Inc. - Common Stock",Q,Nasdaq,N,N,N
BBP,Virtus Biotech ETF,P,NYSE Arca,Y,N,
BBRE,JPMorgan BetaBuilders MSCI U.S. REIT ETF,Z,Cboe BZX,Y,N,
BBSB,JPMorgan BetaBuilders U.S. Treasury Bond 1-3 Year ETF,Z,Cboe BZX,Y,N,
BBSC,JPMorgan BetaBuilders U.S. Small Cap Equity ETF,Z,Cboe BZX,Y,N,
BBSI,"Barrett Business Services, Inc. - Common Stock",Q,Nasdaq,N,N,N
BBT,Beacon Financial Corporation Common stock,N,NYSE,N,N,
BBUC,Brookfield Business Corporation Class A Subordinate Voting Shares,N,NYSE,N,N,
BBUL,GraniteShares 2x Long BB Daily ETF,Q,Nasdaq,Y,N,N
BBUS,JPMorgan BetaBuilders U.S. Equity ETF,Z,Cboe BZX,Y,N,
BBVA,Banco Bilbao Vizcaya Argentaria S.A. Common Stock,N,NYSE,N,N,
BBW,"Build-A-Bear Workshop, Inc. Common Stock",N,NYSE,N,N,
BBWI,"Bath & Body Works, Inc.",N,NYSE,N,N,
BBY,"Best Buy Co., Inc. Common Stock",N,NYSE,N,N,
BBYY,GraniteShares YieldBOOST BABA ETF,Q,Nasdaq,Y,N,N
BC,Brunswick Corporation Common Stock,N,NYSE,N,N,
BC$C,Brunswick Corporation 6.375% Notes due 2049,N,NYSE,N,N,
BCAB,"BioAtla, Inc. - Common Stock",Q,Nasdaq,N,N,D
BCAL,California BanCorp - Common Stock,Q,Nasdaq,N,N,N
BCAR,D. Boral ARC Acquisition I Corp. - Class A Ordinary Shares,Q,Nasdaq,N,N,N
BCARU,D. Boral ARC Acquisition I Corp. - Units,Q,Nasdaq,N,N,N
BCARW,D. Boral ARC Acquisition I Corp. - Warrant,Q,Nasdaq,N,N,N
BCAT,BlackRock Capital Allocation Term Trust Common Shares of Beneficial Interest,N,NYSE,N,N,
BCAX,Bicara Therapeutics Inc. - Common Stock,Q,Nasdaq,N,N,N
BCBP,"BCB Bancorp, Inc. (NJ) - Common Stock",Q,Nasdaq,N,N,N
BCC,"Boise Cascade, L.L.C. Common Stock",N,NYSE,N,N,
BCCC,Global X Bitcoin Covered Call ETF,Z,Cboe BZX,Y,N,
BCCQU,Bleichroeder Acquisition Corp. III - Units,Q,Nasdaq,N,N,N
BCD,abrdn Bloomberg All Commodity Longer Dated Strategy K-1 Free ETF,P,NYSE Arca,Y,N,
BCDA,"BioCardia, Inc. - Common Stock",Q,Nasdaq,N,N,D
BCDF,Horizon Kinetics Blockchain Development ETF,P,NYSE Arca,Y,N,
BCE,"BCE, Inc. Common Stock",N,NYSE,N,N,
BCEM,Baron Emerging Markets Select ETF,N,NYSE,Y,N,
BCFN,Baron Financials ETF,Q,Nasdaq,Y,N,N
BCG,"Binah Capital Group, Inc. - Common Stock",Q,Nasdaq,N,N,N
BCGD,Baron Global Durable Advantage ETF,N,NYSE,Y,N,
BCGS,Bancreek Global Select ETF,P,NYSE Arca,Y,N,
BCGWW,"Binah Capital Group, Inc. - Warrants",Q,Nasdaq,N,N,N
BCH,Banco De Chile ADS,N,NYSE,N,N,
BCHI,GMO Beyond China ETF,P,NYSE Arca,Y,N,
BCHP,Principal Focused Blue Chip ETF,Z,Cboe BZX,Y,N,
BCHT,Birchtech Corp. Common Stock,A,NYSE American,N,N,
BCI,abrdn Bloomberg All Commodity Strategy K-1 Free ETF,P,NYSE Arca,Y,N,
BCIC,BCP Investment Corporation - Closed End Fund,Q,Nasdaq,N,N,N
BCIL,Bancreek International Large Cap ETF,P,NYSE Arca,Y,N,
BCKT,LifeX 2030 Income Bucket ETF,Z,Cboe BZX,Y,N,
BCLO,iShares BBB-B CLO Active ETF,Q,Nasdaq,Y,N,N
BCML,BayCom Corp - Common Stock,Q,Nasdaq,N,N,N
BCO,Brinks Company (The) Common Stock,N,NYSE,N,N,
BCOR,Grayscale Bitcoin Adopters ETF,P,NYSE Arca,Y,N,
BCPC,Balchem Corporation - Common Stock,Q,Nasdaq,N,N,N
BCPL,BNY Mellon Core Plus ETF,P,NYSE Arca,Y,N,
BCRX,"BioCryst Pharmaceuticals, Inc. - Common Stock",Q,Nasdaq,N,N,N
BCS,Barclays PLC Common Stock,N,NYSE,N,N,
BCSF,"Bain Capital Specialty Finance, Inc. Common Stock",N,NYSE,N,N,
BCSM,Baron SMID Cap ETF,N,NYSE,Y,N,
BCSS,Bain Capital GSS Investment Corp. Class A Ordinary Shares,N,NYSE,N,N,
BCSS.U,"Bain Capital GSS Investment Corp. Units, each consisting of one Class A Ordinary Share and one-fifth of one redeemable warrant",N,NYSE,N,N,
BCSS.W,"Bain Capital GSS Investment Corp. Redeemable warrants, each whole warrant exercisable for one Class A ordinary share at an exercise price of $11.50",N,NYSE,N,N,
BCTK,Baron Technology ETF,Q,Nasdaq,Y,N,N
BCTX,BriaCell Therapeutics Corp. - Common Shares,Q,Nasdaq,N,N,N
BCTXL,BriaCell Therapeutics Corp. - Warrants,Q,Nasdaq,N,N,N
BCTXZ,BriaCell Therapeutics Corp. - Warrant,Q,Nasdaq,N,N,N
BCUS,Bancreek U.S. Large Cap ETF,P,NYSE Arca,Y,N,
BCV,"Bancroft Fund, Ltd.",A,NYSE American,N,N,
BCV$A,Bancroft Fund Limited 5.375% Series A Cumulative Preferred Shares,A,NYSE American,N,N,
BCX,BlackRock Resources Common Shares of Beneficial Interest,N,NYSE,N,N,
BCYC,Bicycle Therapeutics plc - American Depositary Shares,Q,Nasdaq,N,N,N
BD,Russell Investments Core Plus Bond ETF,P,NYSE Arca,Y,N,
BDBT,Bluemonte Core Bond ETF,P,NYSE Arca,Y,N,
BDC,Belden Inc Common Stock,N,NYSE,N,N,
BDCI,BTC Development Corp. - Class A Ordinary Shares,Q,Nasdaq,N,N,N
BDCIU,BTC Development Corp. - Unit,Q,Nasdaq,N,N,N
BDCIW,BTC Development Corp. - Warrant,Q,Nasdaq,N,N,N
BDCX,"ETRACS Quarterly Pay 1.5x Leveraged MarketVector BDC Liquid Index ETN due June 10, 2050",P,NYSE Arca,Y,N,
BDCZ,"ETRACS MarketVector Business Development Companies Liquid Index ETN due April 26, 2041",P,NYSE Arca,N,N,
BDEC,Innovator U.S. Equity Buffer ETF - December,Z,Cboe BZX,Y,N,
BDGS,Bridges Capital Tactical ETF,Q,Nasdaq,Y,N,N
BDIV,AAM Brentview Dividend Growth ETF,P,NYSE Arca,Y,N,
BDJ,Blackrock Enhanced Equity Dividend Trust,N,NYSE,N,N,
BDL,"Flanigan's Enterprises, Inc. Common Stock",A,NYSE American,N,N,
BDMD,Baird Medical Investment Holdings Ltd - Ordinary Share,Q,Nasdaq,N,N,N
BDMDW,Baird Medical Investment Holdings Ltd - Warrant,Q,Nasdaq,N,N,N
BDN,Brandywine Realty Trust Common Stock,N,NYSE,N,N,
BDRX,Biodexa Pharmaceuticals plc - American Depositary Shares,Q,Nasdaq,N,N,N
BDRY,Breakwave Dry Bulk Shipping ETF,P,NYSE Arca,Y,N,
BDSX,"Biodesix, Inc. - Common Stock",Q,Nasdaq,N,N,N
BDTX,"Black Diamond Therapeutics, Inc. - Common Stock",Q,Nasdaq,N,N,N
BDVG,IMGP Berkshire Dividend Growth ETF,P,NYSE Arca,Y,N,
BDVL,iShares Disciplined Volatility Equity Active ETF,Q,Nasdaq,Y,N,N
BDX,"Becton, Dickinson and Company Common Stock",N,NYSE,N,N,
BDYN,iShares Dynamic Equity Active ETF,Q,Nasdaq,Y,N,N
BE,Bloom Energy Corporation Class A Common Stock,N,NYSE,N,N,
BEAG,Bold Eagle Acquisition Corp. - Class A Ordinary Shares,Q,Nasdaq,N,N,N
BEAGR,Bold Eagle Acquisition Corp. - Right,Q,Nasdaq,N,N,N
BEAGU,Bold Eagle Acquisition Corp. - Units,Q,Nasdaq,N,N,N
BEAM,Beam Therapeutics Inc. - Common Stock,Q,Nasdaq,N,N,N
BEAT,"Heartbeam, Inc. - Common Stock",Q,Nasdaq,N,N,D
BEATW,"Heartbeam, Inc. - Warrant",Q,Nasdaq,N,N,N
BEBE,TGE Value Creative Solutions Corp Class A Ordinary Shares,N,NYSE,N,N,
BEBE.U,"TGE Value Creative Solutions Corp Units, each consisting of one Class A ordinary share and one-half of one redeemable warrant",N,NYSE,N,N,
BEBE.W,"TGE Value Creative Solutions Corp Redeemable warrants, each whole warrant exercisable for one Class A ordinary share at an exercise price of $11.50 per share",N,NYSE,N,N,
BEC,Corgi BE 2x Daily ETF,Z,Cboe BZX,Y,N,
BEDY,BNY Mellon Enhanced Dividend and Income ETF,Q,Nasdaq,Y,N,N
BEDZ,AdvisorShares Hotel ETF,P,NYSE Arca,Y,N,
BEEM,Beam Global - Common Stock,Q,Nasdaq,N,N,N
BEEP,Mobile Infrastructure Corporation - Common Stock,Q,Nasdaq,N,N,N
BEEX,The Beehive ETF,Q,Nasdaq,Y,N,N
BEEZ,Honeytree U.S. Equity ETF,Q,Nasdaq,Y,N,N
BEG,Leverage Shares 2x Long BE Daily ETF,Q,Nasdaq,Y,N,N
BEGS,Rareview 2x Bull Cryptocurrency & Precious Metals ETF,Z,Cboe BZX,Y,N,
BEKE,KE Holdings Inc American Depositary Shares (each representing three Class A Ordinary Shares),N,NYSE,N,N,
BELFA,Bel Fuse Inc. - Class A Common Stock,Q,Nasdaq,N,N,N
BELFB,Bel Fuse Inc. - Class B Common Stock,Q,Nasdaq,N,N,N
BELT,iShares U.S. Select Equity Active ETF,Q,Nasdaq,Y,N,N
BEMB,iShares J.P. Morgan Broad USD Emerging Markets Bond ETF,Z,Cboe BZX,Y,N,
BEN,"Franklin Resources, Inc. Common Stock",N,NYSE,N,N,
BENF,Beneficient - Class A Common Stock,Q,Nasdaq,N,N,N
BENFW,Beneficient - Warrant,Q,Nasdaq,N,N,N
BENJ,Horizon Landmark ETF,P,NYSE Arca,Y,N,
BEP,Brookfield Renewable Partners L.P. Limited Partnership Units,N,NYSE,N,N,
BEP$A,"Brookfield Renewable Partners L.P. 5.25% Class A Preferred Limited Partnership Units, Series 17",N,NYSE,N,N,
BEPC,Brookfield Renewable Corporation Brookfield Renewable Corporation Class A Subordinate Voting Shares,N,NYSE,N,N,
BEPH,Brookfield BRP Holdings (Canada) Inc. 4.625% Perpetual Subordinated Notes,N,NYSE,N,N,
BEPI,Brookfield BRP Holdings (Canada) Inc. 4.875% Perpetual Subordinated Notes,N,NYSE,N,N,
BEPJ,Brookfield BRP Holdings (Canada) Inc. 7.250% Perpetual Subordinated Notes,N,NYSE,N,N,
BERZ,MicroSectors FANG & Innovation -3x Inverse Leveraged ETN,P,NYSE Arca,Y,N,
BESF,Bastion Energy ETF,Z,Cboe BZX,Y,N,
BESO,GSR Crypto Core3 ETF,Q,Nasdaq,Y,N,N
BESS,Bimergen Energy Corporation Common Stock,A,NYSE American,N,N,
BESS.W,"Bimergen Energy Corporation Warrants, each share exercisable to purchase one share of Common Stock",A,NYSE American,N,N,
BETA,"Beta Technologies, Inc. Class A Common Stock",N,NYSE,N,N,
BETE,ProShares Bitcoin & Ether Equal Weight ETF,P,NYSE Arca,Y,N,
BETH,ProShares Bitcoin & Ether Market Cap Weight ETF,P,NYSE Arca,Y,N,
BETR,Better Home & Finance Holding Company - Class A Common Stock,Q,Nasdaq,N,N,N
BETRW,Better Home & Finance Holding Company - Warrant,Q,Nasdaq,N,N,N
BETZ,Roundhill Sports Betting & iGaming ETF,P,NYSE Arca,Y,N,
BEX,Tradr 2X Long BE Daily ETF,Z,Cboe BZX,Y,N,
BEZ,Tradr 2X Short BE Daily ETF,Z,Cboe BZX,Y,N,
BF.A,Brown Forman Inc Class A Common Stock,N,NYSE,N,N,
BF.B,Brown Forman Inc Class B Common Stock,N,NYSE,N,N,
BFAM,Bright Horizons Family Solutions Inc. Common Stock,N,NYSE,N,N,
BFAP,FT Vest Bitcoin Strategy Floor15 ETF April,P,NYSE Arca,Y,N,
BFC,Bank First Corporation - Common Stock,Q,Nasdaq,N,N,N
BFEB,Innovator U.S. Equity Buffer ETF - February,Z,Cboe BZX,Y,N,
BFEW,FT Vest Laddered U.S. Equity Equal Weight Buffer ETF,Z,Cboe BZX,Y,N,
BFH,"Bread Financial Holdings, Inc. Common Stock",N,NYSE,N,N,
BFH$A,"Bread Financial Holdings, Inc. Depositary Shares, each representing a 1/40th interest in a share of 8.625% Non-Cumulative Perpetual Preferred Stock, Series A",N,NYSE,N,N,
BFH$B,"Bread Financial Holdings, Inc. Depositary Shares, each representing a 1/40th interest in a share of 8.875% Fixed Rate Reset Non-Cumulative Perpetual Preferred Stock, Series B",N,NYSE,N,N,
BFIX,Build Bond Innovation ETF,P,NYSE Arca,Y,N,
BFJA,FT Vest Bitcoin Strategy Floor15 ETF - January,P,NYSE Arca,Y,N,
BFJL,FT Vest Bitcoin Strategy Floor15 ETF July,P,NYSE Arca,Y,N,
BFLB,BufferLABS US Equity Dynamic Buffer ETF,Z,Cboe BZX,Y,N,
BFLX,iShares Flexible Equity Active ETF,Q,Nasdaq,Y,N,N
BFLY,"Butterfly Network, Inc. Class A Common Stock",N,NYSE,N,N,
BFOC,FT Vest Bitcoin Strategy Floor15 ETF - October,P,NYSE Arca,Y,N,
BFOR,Barron's 400 ETF,P,NYSE Arca,Y,N,
BFRG,"Bullfrog AI Holdings, Inc. - Common Stock",Q,Nasdaq,N,N,D
BFRGW,"Bullfrog AI Holdings, Inc. - Warrants",Q,Nasdaq,N,N,N
BFRI,Biofrontera Inc. - Common Stock,Q,Nasdaq,N,N,N
BFRIW,Biofrontera Inc. - Warrants,Q,Nasdaq,N,N,N
BFRZ,Innovator Equity Managed 100 Buffer ETF,P,NYSE Arca,Y,N,
BFS,"Saul Centers, Inc. Common Stock",N,NYSE,N,N,
BFS$D,"Saul Centers, Inc. Depositary Shares, each representing 1/100th of a share of 6.125% Series D Cumulative Redeemable Preferred Stock",N,NYSE,N,N,
BFS$E,"Saul Centers, Inc. Depositary shares, each representing a 1/100th fractional interest in a share of 6.000% Series E Cumulative Redeemable Preferred Stock",N,NYSE,N,N,
BFST,"Business First Bancshares, Inc. - Common Stock",Q,Nasdaq,N,N,N
BFXU,FT Vest Laddered U.S. Equity Uncapped Accelerator ETF,Z,Cboe BZX,Y,N,
BG,Bunge Limited Common Shares,N,NYSE,N,N,
BGB,Blackstone Strategic Credit 2027 Term Fund Common Shares of Beneficial Interest,N,NYSE,N,N,
BGC,"BGC Group, Inc. - Class A Common Stock",Q,Nasdaq,N,N,N
BGCG,Baillie Gifford International Concentrated Growth ETF,Q,Nasdaq,Y,N,N
BGDE,"Big Digital Energy, Inc. - Common Stock",Q,Nasdaq,N,N,N
BGDV,Bahl & Gaynor Dividend ETF,P,NYSE Arca,Y,N,
BGEG,Baillie Gifford Emerging Markets ETF,Q,Nasdaq,Y,N,N
BGGG,Baillie Gifford Long Term Global Growth ETF,Q,Nasdaq,Y,N,N
BGH,Barings Global Short Duration High Yield Fund Common Shares of Beneficial Interests,N,NYSE,N,N,
BGI,Birks Group Inc. Common Stock,A,NYSE American,N,N,
BGIA,Baillie Gifford International Alpha ETF,Q,Nasdaq,Y,N,N
BGIG,Bahl & Gaynor Income Growth ETF,P,NYSE Arca,Y,N,
BGIN,Bgin Blockchain Limited - Class A Ordinary Shares,Q,Nasdaq,N,N,N
BGL,Blue Gold Limited - Class A ordinary shares,Q,Nasdaq,N,N,D
BGLC,BioNexus Gene Lab Corp - Common stock,Q,Nasdaq,N,N,N
BGLD,FT Vest Gold Strategy Quarterly Buffer ETF,Z,Cboe BZX,Y,N,
BGLWW,Blue Gold Limited - Warrant,Q,Nasdaq,N,N,N
BGM,BGM Group Ltd. - Class A Ordinary Shares,Q,Nasdaq,N,N,H
BGMS,"Bio Green Med Solution, Inc. - Common Stock",Q,Nasdaq,N,N,N
BGR,BlackRock Energy and Resources Trust,N,NYSE,N,N,
BGRN,iShares USD Green Bond ETF,Q,Nasdaq,Y,N,N
BGRO,iShares Large Cap Growth Active ETF,Q,Nasdaq,Y,N,N
BGS,"B&G Foods, Inc. Common Stock",N,NYSE,N,N,
BGSF,"BGSF, Inc. Common Stock",N,NYSE,N,N,
BGSI,Boyd Group Services Inc. Common Shares,N,NYSE,N,N,
BGT,BlackRock Floating Rate Income Trust,N,NYSE,N,N,
BGX,Blackstone Long Short Credit Income Fund Common Shares,N,NYSE,N,N,
BGY,Blackrock Enhanced International Dividend Trust,N,NYSE,N,N,
BH,Biglari Holdings Inc. Class B Common Stock,N,NYSE,N,N,
BH.A,Biglari Holdings Inc. Class A Common Stock,N,NYSE,N,N,
BHAV,BHAV Acquisition Corp - Class A Ordinary Shares,Q,Nasdaq,N,N,N
BHAVR,BHAV Acquisition Corp - Rights,Q,Nasdaq,N,N,N
BHAVU,BHAV Acquisition Corp - Units,Q,Nasdaq,N,N,N
BHB,"Bar Harbor Bankshares, Inc. Common Stock",A,NYSE American,N,N,
BHC,Bausch Health Companies Inc. Common Stock,N,NYSE,N,N,
BHDG,Nicholas Bitcoin Tail ETF,Q,Nasdaq,Y,N,N
BHE,"Benchmark Electronics, Inc. Common Stock",N,NYSE,N,N,
BHF,"Brighthouse Financial, Inc. - Common Stock",Q,Nasdaq,N,N,N
BHFAL,"Brighthouse Financial, Inc. - Junior Subordinated Debentures due 2058",Q,Nasdaq,N,N,N
BHFAM,"Brighthouse Financial, Inc. - Depositary shares each representing a 1/1,000th Interest in a Share of 4.625% Non-Cumulative Preferred Stock, Series D",Q,Nasdaq,N,N,N
BHFAN,"Brighthouse Financial, Inc. - depositary shares, each representing a 1/1,000th interest in a share of 5.375% Non-Cumulative Preferred Stock, Series C",Q,Nasdaq,N,N,N
BHFAO,"Brighthouse Financial, Inc. - Depositary Shares, each representing a 1/1,000th interest in a share of 6.750% Non-Cumulative Preferred Stock, Series B",Q,Nasdaq,N,N,N
BHFAP,"Brighthouse Financial, Inc. - Depositary Shares 6.6% Non-Cumulative Preferred Stock, Series A",Q,Nasdaq,N,N,N
BHK,Blackrock Core Bond Trust,N,NYSE,N,N,
BHM,"Bluerock Homes Trust, Inc. Class A Common Stock",A,NYSE American,N,N,
BHP,BHP Group Limited American Depositary Shares (Each representing two Ordinary Shares),N,NYSE,N,N,
BHR,Braemar Hotels & Resorts Inc. Common Stock,N,NYSE,N,N,
BHR$B,"Braemar Hotels & Resorts Inc. 5.50% Series B Cumulative Convertible Preferred Stock, par value $0.01 per share",N,NYSE,N,N,
BHR$D,"Braemar Hotels & Resorts Inc. 8.25% Series D Cumulative Preferred Stock,  par value $0.01 per share",N,NYSE,N,N,
BHRB,Burke & Herbert Financial Services Corp. - Common Stock,Q,Nasdaq,N,N,N
BHST,BioHarvest Sciences Inc. - Common Stock,Q,Nasdaq,N,N,N
BHV,BlackRock Virginia Municipal Bond Trust,N,NYSE,N,N,
BHVN,Biohaven Ltd. Common Shares ,N,NYSE,N,N,
BHYB,Xtrackers USD High Yield BB-B ex Financials ETF,Z,Cboe BZX,Y,N,
BHYP,Common Shares of Beneficial Interest of Bitwise Hyperliquid ETF,P,NYSE Arca,Y,N,
BIAF,"bioAffinity Technologies, Inc. - Common Stock",Q,Nasdaq,N,N,N
BIAFW,"bioAffinity Technologies, Inc. - Warrant",Q,Nasdaq,N,N,N
BIB,ProShares Ultra Nasdaq Biotechnology,Q,Nasdaq,Y,N,N
BIBL,Inspire 100 ETF,P,NYSE Arca,Y,N,
BIDD,iShares International Dividend Active ETF,P,NYSE Arca,Y,N,
BIDG,Leverage Shares 2X Long BIDU Daily ETF,Q,Nasdaq,Y,N,N
BIDU,"Baidu, Inc. - American Depositary Shares, each representing 8 ordinary share",Q,Nasdaq,N,N,N
BIDWU,Tribeca Strategic Acquisition Corp. - Unit,Q,Nasdaq,N,N,N
BIGY,YieldMax Target 12 Big 50 Option Income ETF,P,NYSE Arca,Y,N,
BIIB,Biogen Inc. - Common Stock,Q,Nasdaq,N,N,N
BIII,Black Spade Acquisition III Co Class A Ordinary Shares,N,NYSE,N,N,
BIII.U,"Black Spade Acquisition III Co Units, each consisting of one Class A ordinary share and one-third of one redeemable warrant",N,NYSE,N,N,
BIII.W,"Black Spade Acquisition III Co Redeemable warrants, each whole warrant exercisable for one Class A ordinary share at an exercise price of $11.50",N,NYSE,N,N,
BIL,State Street SPDR Bloomberg 1-3 Month T-Bill ETF,P,NYSE Arca,Y,N,
BILD,Nomura Global Listed Infrastructure ETF,P,NYSE Arca,Y,N,
BILI,Bilibili Inc. - American Depositary Shares,Q,Nasdaq,N,N,N
BILL,"BILL Holdings, Inc. Common Stock",N,NYSE,N,N,
BILS,State Street SPDR Bloomberg 3-12 Month T-Bill ETF,P,NYSE Arca,Y,N,
BILT,iShares Infrastructure Active ETF,Z,Cboe BZX,Y,N,
BILZ,PIMCO Ultra Short Government Active Exchange-Traded Fund,P,NYSE Arca,Y,N,
BINC,iShares Flexible Income Active ETF,P,NYSE Arca,Y,N,
BINT,Bluemonte Global Equity ETF,P,NYSE Arca,Y,N,
BINV,Brandes International ETF,Z,Cboe BZX,Y,N,
BIO,"Bio-Rad Laboratories, Inc. Class A Common Stock",N,NYSE,N,N,
BIO.B,"Bio-Rad Laboratories, Inc. Class B  Common Stock",N,NYSE,N,N,
BIOA,"BioAge Labs, Inc. - Common Stock",Q,Nasdaq,N,N,N
BIOX,Bioceres Crop Solutions Corp. - Ordinary Shares,Q,Nasdaq,N,N,D
BIOY,GraniteShares YieldBOOST Biotech ETF,Q,Nasdaq,Y,N,N
BIP,Brookfield Infrastructure Partners LP Limited Partnership Units,N,NYSE,N,N,
BIP$A,"Brookfield Infrastructure Partners LP 5.125% Class A Preferred Limited Partnership Units, Series 13",N,NYSE,N,N,
BIP$B,"Brookfield Infrastructure Partners LP 5.000% Class A Preferred Limited Partnership Units, Series 14",N,NYSE,N,N,
BIPC,Brookfield Infrastructure Corporation Brookfield Infrastructure Corporation,N,NYSE,N,N,
BIPH,Brookfield Infrastructure Corporation 5.000% Subordinated Notes due 2081,N,NYSE,N,N,
BIPI,BIP Bermuda Holdings I Limited 5.125% Perpetual Subordinated Notes,N,NYSE,N,N,
BIPJ,Brookfield Infrastructure Corporation 7.250% Subordinated Notes due 2084,N,NYSE,N,N,
BIRD,"Smartbird, Inc. - Class A Common Stock",Q,Nasdaq,N,N,N
BIRK,Birkenstock Holding plc Ordinary Shares,N,NYSE,N,N,
BIS,ProShares UltraShort Nasdaq Biotechnology,Q,Nasdaq,Y,N,N
BIT,BlackRock Multi-Sector Income Trust Common Shares of Beneficial Interest,N,NYSE,N,N,
BITA,iShares Bitcoin Premium Income ETF,Q,Nasdaq,Y,N,N
BITB,Bitwise Bitcoin ETF ,P,NYSE Arca,Y,N,
BITC,Bitwise Trendwise Bitcoin and Treasuries Rotation Strategy ETF,P,NYSE Arca,Y,N,
BITI,ProShares Short Bitcoin ETF,P,NYSE Arca,Y,N,
BITO,ProShares Bitcoin ETF,P,NYSE Arca,Y,N,
BITQ,Bitwise Crypto Industry Innovators ETF,P,NYSE Arca,Y,N,
BITS,Global X Blockchain & Bitcoin Strategy ETF,Q,Nasdaq,Y,N,N
BITU,ProShares Ultra Bitcoin ETF,P,NYSE Arca,Y,N,
BITW,Common Shares of Beneficial Interest,P,NYSE Arca,Y,N,
BITX,2x Bitcoin ETF,Z,Cboe BZX,Y,N,
BITY,Amplify Bitcoin 2% Monthly Option Income ETF,Z,Cboe BZX,Y,N,
BIV,Vanguard Intermediate-Term Bond ETF,P,NYSE Arca,Y,N,
BIVI,BioVie Inc. - Common stock,Q,Nasdaq,N,N,N
BIVIW,BioVie Inc. - Warrant,Q,Nasdaq,N,N,N
BIXI,Bitcoin Infrastructure Acquisition Corp Ltd. - Class A Ordinary Shares,Q,Nasdaq,N,N,N
BIXIU,Bitcoin Infrastructure Acquisition Corp Ltd. - Units,Q,Nasdaq,N,N,N
BIXIW,Bitcoin Infrastructure Acquisition Corp Ltd. - Warrants,Q,Nasdaq,N,N,N
BIYA,Baiya International Group Inc.  - Ordinary Shares,Q,Nasdaq,N,N,N
BIZD,VanEck BDC Income ETF,P,NYSE Arca,Y,N,
BJ,"BJ's Wholesale Club Holdings, Inc. Common Stock",N,NYSE,N,N,
BJAN,Innovator U.S. Equity Buffer ETF - January,Z,Cboe BZX,Y,N,
BJDX,"Bluejay Diagnostics, Inc. - Common Stock",Q,Nasdaq,N,N,N
BJRI,"BJ's Restaurants, Inc. - Common Stock",Q,Nasdaq,N,N,N
BJUL,Innovator U.S. Equity Buffer ETF - July,Z,Cboe BZX,Y,N,
BJUN,Innovator U.S. Equity Buffer ETF - June,Z,Cboe BZX,Y,N,
BKAG,BNY Mellon Core Bond ETF,P,NYSE Arca,Y,N,
BKCG,BNY Mellon Concentrated Growth ETF,P,NYSE Arca,Y,N,
BKCH,Global X Blockchain ETF,Q,Nasdaq,Y,N,N
BKCI,BNY Mellon Concentrated International ETF,P,NYSE Arca,Y,N,
BKD,Brookdale Senior Living Inc. Common Stock,N,NYSE,N,N,
BKDV,BNY Mellon Dynamic Value ETF,P,NYSE Arca,Y,N,
BKE,"Buckle, Inc. (The) Common Stock",N,NYSE,N,N,
BKEM,BNY Mellon Emerging Markets Equity ETF,P,NYSE Arca,Y,N,
BKF,iShares MSCI BIC ETF,P,NYSE Arca,Y,N,
BKFI,BNY Mellon Active Core Bond ETF,P,NYSE Arca,Y,N,
BKGI,BNY Mellon Global Infrastructure Income ETF,Z,Cboe BZX,Y,N,
BKH,Black Hills Corporation Common Stock,N,NYSE,N,N,
BKHA,Black Hawk Acquisition Corporation - Class A Ordinary Shares,Q,Nasdaq,N,N,D
BKHAR,Black Hawk Acquisition Corporation - Rights,Q,Nasdaq,N,N,D
BKHAU,Black Hawk Acquisition Corporation - Units,Q,Nasdaq,N,N,D
BKHY,BNY Mellon High Yield ETF,P,NYSE Arca,Y,N,
BKIE,BNY Mellon International Equity ETF,P,NYSE Arca,Y,N,
BKKT,"Bakkt, Inc. Class A Common Stock",N,NYSE,N,N,
BKKT.W,"Bakkt, Inc. Warrants to purchase Class A Common Stock, each Warrant entitles a holder to purchase 1/25th of a share of Class A common stock at an exercise price of $287.50 for one share",N,NYSE,N,N,
BKLC,BNY Mellon US Large Cap Core Equity ETF,P,NYSE Arca,Y,N,
BKLG,BNY Mellon US Large Cap Equity Growth ETF,P,NYSE Arca,Y,N,
BKLN,Invesco Senior Loan ETF,P,NYSE Arca,Y,N,
BKMC,BNY Mellon US Mid Cap Core Equity ETF,P,NYSE Arca,Y,N,
BKMI,BNY Mellon Municipal Intermediate ETF,Q,Nasdaq,Y,N,N
BKMS,BNY Mellon Municipal Short Duration ETF,Q,Nasdaq,Y,N,N
BKNG,Booking Holdings Inc. - Common Stock,Q,Nasdaq,N,N,N
BKR,Baker Hughes Company - Common Stock,Q,Nasdaq,N,N,N
BKSE,BNY Mellon US Small Cap Core Equity ETF,P,NYSE Arca,Y,N,
BKSY,BlackSky Technology Inc. Class A Common Stock,N,NYSE,N,N,
BKSY.W,"BlackSky Technology Inc. Redeemable Warrants, each whole Warrant exercisable for one share of Class A Common Stock",N,NYSE,N,N,
BKT,BlackRock Income Trust Inc. (The),N,NYSE,N,N,
BKTI,BK Technologies Corporation Common Stock,A,NYSE American,N,N,
BKU,"BankUnited, Inc. Common Stock",N,NYSE,N,N,
BKUI,BNY Mellon Ultra Short Income ETF,P,NYSE Arca,Y,N,
BKV,BKV Corporation Common Stock,N,NYSE,N,N,
BKYI,"BIO-key International, Inc. - Common Stock",Q,Nasdaq,N,N,N
BL,"BlackLine, Inc. - Common Stock",Q,Nasdaq,N,N,N
BLBD,Blue Bird Corporation - Common Stock,Q,Nasdaq,N,N,N
BLCK,Corgi Crypto Infrastructure ETF,Z,Cboe BZX,Y,N,
BLCN,Siren NexGen Economy ETF,Q,Nasdaq,Y,N,N
BLCO,Bausch + Lomb Corporation Common Shares,N,NYSE,N,N,
BLCR,iShares Large Cap Core Active ETF,Q,Nasdaq,Y,N,N
BLCV,iShares Large Cap Value Active ETF,P,NYSE Arca,Y,N,
BLDG,Cambria Global Real Estate ETF,Z,Cboe BZX,Y,N,
BLDP,"Ballard Power Systems, Inc. - Common Shares",Q,Nasdaq,N,N,N
BLDR,"Builders FirstSource, Inc. Common Stock",N,NYSE,N,N,
BLDX,Impax Global Sustainable Infrastructure ETF,P,NYSE Arca,Y,N,
BLES,Inspire Global Hope ETF,P,NYSE Arca,Y,N,
BLFS,"BioLife Solutions, Inc. - Common Stock",Q,Nasdaq,N,N,N
BLGR,Bluemonte Large Cap Growth ETF,P,NYSE Arca,Y,N,
BLIN,"Bridgeline Digital, Inc. - Common Stock",Q,Nasdaq,N,N,N
BLIV,BeLive Holdings - ordinary shares,Q,Nasdaq,N,N,N
BLK,"BlackRock, Inc. Common Stock",N,NYSE,N,N,
BLKB,"Blackbaud, Inc. - Common Stock",Q,Nasdaq,N,N,N
BLLN,"BillionToOne, Inc. - Class A common stock",Q,Nasdaq,N,N,N
BLMN,"Bloomin' Brands, Inc. - Common Stock",Q,Nasdaq,N,N,N
BLND,"Blend Labs, Inc. Class A Common Stock",N,NYSE,N,N,
BLNE,"Beeline Holdings, Inc. - Common Stock",Q,Nasdaq,N,N,N
BLNK,Blink Charging Co. - Common Stock,Q,Nasdaq,N,N,D
BLOK,Amplify Blockchain Technology ETF,P,NYSE Arca,Y,N,
BLOX,Nicholas Crypto Income ETF,P,NYSE Arca,Y,N,
BLRK,Bluerock Acquisition Corp. - Class A Ordinary Shares,Q,Nasdaq,N,N,N
BLRKU,Bluerock Acquisition Corp. - Units,Q,Nasdaq,N,N,N
BLRKW,Bluerock Acquisition Corp. - Warrants,Q,Nasdaq,N,N,N
BLRX,BioLineRx Ltd. - American Depositary Shares,Q,Nasdaq,N,N,N
BLSG,Leverage Shares 2X Long BLSH Daily ETF,Q,Nasdaq,Y,N,N
BLSH,Bullish Ordinary Shares,N,NYSE,N,N,
BLST,Bluemonte Short Term Bond ETF,P,NYSE Arca,Y,N,
BLTD,Bluemonte Long Term Bond ETF,P,NYSE Arca,Y,N,
BLTE,"Belite Bio, Inc - American Depositary Shares",Q,Nasdaq,N,N,N
BLUC,Bluemonte Large Cap Core ETF,P,NYSE Arca,Y,N,
BLUI,Bluemonte Diversified Income ETF,P,NYSE Arca,Y,N,
BLUW,Blue Water Acquisition Corp. III - Class A Ordinary Shares,Q,Nasdaq,N,N,N
BLUWU,Blue Water Acquisition Corp. III - Unit.,Q,Nasdaq,N,N,N
BLUWW,Blue Water Acquisition Corp. III - Warrant.,Q,Nasdaq,N,N,N
BLUX,Bluemonte Dynamic Total Market ETF,P,NYSE Arca,Y,N,
BLV,Vanguard Long-Term Bond ETF,P,NYSE Arca,Y,N,
BLW,Blackrock Limited Duration Income Trust,N,NYSE,N,N,
BLX,"Bladex, Inc. Class E Common Stock",N,NYSE,N,N,
BLZE,"Backblaze, Inc. - Common Stock",Q,Nasdaq,N,N,N
BLZR,Trailblazer Acquisition Corp. - Class A Ordinary Shares,Q,Nasdaq,N,N,N
BLZRU,Trailblazer Acquisition Corp. - Unit,Q,Nasdaq,N,N,N
BLZRW,Trailblazer Acquisition Corp. - Warrant,Q,Nasdaq,N,N,N
BMA,Banco Macro S.A.  ADR (representing Ten Class B Common Shares),N,NYSE,N,N,
BMAR,Innovator U.S. Equity Buffer ETF - March,Z,Cboe BZX,Y,N,
BMAY,Innovator U.S. Equity Buffer ETF - May,Z,Cboe BZX,Y,N,
BMBL,Bumble Inc. - common stock,Q,Nasdaq,N,N,N
BME,Blackrock Health Sciences Trust,N,NYSE,N,N,
BMEA,"Biomea Fusion, Inc. - Common Stock",Q,Nasdaq,N,N,N
BMED,iShares Health Innovation Active ETF,P,NYSE Arca,Y,N,
BMEZ,BlackRock Health Sciences Term Trust Common Shares of Beneficial Interest,N,NYSE,N,N,
BMGL,Basel Medical Group Ltd - ordinary shares,Q,Nasdaq,N,N,N
BMHL,Bluemount Holdings Limited - Class B Ordinary Shares,Q,Nasdaq,N,N,N
BMI,"Badger Meter, Inc. Common Stock",N,NYSE,N,N,
BML$G,"Bank of America Corporation Depositary Shares (Each representing a 1/1200th interest in a share of Floating Rate Non-Cumulative Preferred Stock , Series 1)",N,NYSE,N,N,
BML$H,"Bank of America Corporation Depositary Shares (Each representing a 1/1200th interest in a Share of Floating Rate Non-Cumulative Preferred Stock, Series 2)",N,NYSE,N,N,
BML$J,"Bank of America Corporation Depositary Shares (Each representing a 1/1200th interest in a Share of Floating Rate Non-Cumulative Preferred Stock, Series 4)",N,NYSE,N,N,
BML$L,"Bank of America Corporation Depositary Shares (Each representing a 1/1200th Interest in a Share of Floating Rate Non-Cumulative Preferred Stock, Series 5)",N,NYSE,N,N,
BMM,Blue Moon Metals Inc. - Common Shares,Q,Nasdaq,N,N,N
BMN,BlackRock 2037 Municipal Target Term Trust Common Shares of Beneficial Interest,N,NYSE,N,N,
BMNG,Leverage Shares 2X Long BMNR Daily ETF,Q,Nasdaq,Y,N,N
BMNP,"BitMine Immersion Technologies, Inc. 9.5% Series A Perpetual Preferred Stock",N,NYSE,N,N,
BMNR,"BitMine Immersion Technologies, Inc. Common Stock",N,NYSE,N,N,
BMNU,T-REX 2X Long BMNR Daily Target ETF,Z,Cboe BZX,Y,N,
BMNZ,Defiance Daily Target 2X Short BMNR ETF,P,NYSE Arca,Y,N,
BMO,Bank Of Montreal Common Stock,N,NYSE,N,N,
BMOP,BNY Mellon Municipal Opportunities ETF,Q,Nasdaq,Y,N,N
BMR,Beamr Imaging Ltd. - Ordinary Share,Q,Nasdaq,N,N,N
BMRA,"Biomerica, Inc. - Common Stock",Q,Nasdaq,N,N,N
BMRC,Bank of Marin Bancorp - Common Stock,Q,Nasdaq,N,N,N
BMRN,BioMarin Pharmaceutical Inc. - Common Stock,Q,Nasdaq,N,N,N
BMVP,Invesco Bloomberg MVP Multi-factor ETF,P,NYSE Arca,Y,N,
BMY,Bristol-Myers Squibb Company Common Stock,N,NYSE,N,N,
BN,Brookfield Corporation Class A Limited Voting Shares,N,NYSE,N,N,
BNAI,Brand Engagement Network Inc. - Common Stock,Q,Nasdaq,N,N,N
BNAIW,Brand Engagement Network Inc. - Warrant,Q,Nasdaq,N,N,N
BNC,CEA Industries Inc. - Common Stock,Q,Nasdaq,N,N,D
BNCWW,CEA Industries Inc. - Warrant,Q,Nasdaq,N,N,D
BNCWZ,CEA Industries Inc. - Warrants,Q,Nasdaq,N,N,D
BND,Vanguard Total Bond Market ETF,Q,Nasdaq,Y,N,N
BNDC,FlexShares Core Select Bond Fund,P,NYSE Arca,Y,N,
BNDD,Quadratic Deflation ETF,P,NYSE Arca,Y,N,
BNDI,NEOS Enhanced Income Aggregate Bond ETF,P,NYSE Arca,Y,N,
BNDP,Vanguard Core-Plus Bond Index ETF,Q,Nasdaq,Y,N,N
BNDS,Infrastructure Capital Bond Income ETF,P,NYSE Arca,Y,N,
BNDW,Vanguard Total World Bond ETF,Q,Nasdaq,Y,N,N
BNDX,Vanguard Total International Bond ETF,Q,Nasdaq,Y,N,N
BNDY,Horizon Core Bond ETF,Z,Cboe BZX,Y,N,
BNED,"Barnes & Noble Education, Inc Common Stock",N,NYSE,N,N,
BNGE,First Trust S-Network Streaming and Gaming ETF,P,NYSE Arca,Y,N,
BNGO,"Bionano Genomics, Inc. - Common Stock",Q,Nasdaq,N,N,N
BNH,"Brookfield Finance Inc. 4.625% Subordinated Notes due October 16, 2080",N,NYSE,N,N,
BNJ,Brookfield Finance Inc. 4.50% Perpetual Subordinated Notes,N,NYSE,N,N,
BNKD,"MicroSectors U.S. Big Banks -3 Inverse Leveraged ETNs due February 17, 2045",P,NYSE Arca,Y,N,
BNKK,"Bonk, Inc. - Common Stock",Q,Nasdaq,N,N,N
BNKU,"MicroSectors U.S. Big Banks 3 Leveraged ETNs due February 17, 2045",P,NYSE Arca,Y,N,
BNL,"Broadstone Net Lease, Inc. Common Stock",N,NYSE,N,N,
BNMC,Corgi BMNR 2x Daily ETF,Z,Cboe BZX,Y,N,
BNO,"United States Brent Oil Fund, LP ETV",P,NYSE Arca,Y,N,
BNOV,Innovator U.S. Equity Buffer ETF - November,Z,Cboe BZX,Y,N,
BNR,Burning Rock Biotech Limited - American Depositary Shares,Q,Nasdaq,N,N,N
BNRG,Brenmiller Energy Ltd - Ordinary Shares,Q,Nasdaq,N,N,N
BNS,Bank Nova Scotia Halifax Pfd 3 Ordinary Shares,N,NYSE,N,N,
BNT,Brookfield Wealth Solutions Ltd. Class A Exchangeable Limited Voting Shares,N,NYSE,N,N,
BNTC,Benitec Biopharma Inc. - Common Stock,Q,Nasdaq,N,N,N
BNTX,BioNTech SE - American Depositary Shares,Q,Nasdaq,N,N,N
BNY,The Bank of New York Mellon Corporation Common Stock,N,NYSE,N,N,
BNY$K,"The Bank Of New York Mellon Corporation  Depositary Shares, each representing a 1/4,000th interest in a share of Series K Noncumulative Perpetual Preferred Stock",N,NYSE,N,N,
BNZI,"Banzai International, Inc. - Class A Common Stock",Q,Nasdaq,N,N,N
BNZIW,"Banzai International, Inc. - Warrant",Q,Nasdaq,N,N,N
BOAT,SonicShares Global Shipping ETF,P,NYSE Arca,Y,N,
BOBP,CORE16 Best of Breed Premier Index ETF,P,NYSE Arca,Y,N,
BOBS,"Bob's Discount Furniture, Inc. Common Stock",N,NYSE,N,N,
BOC,Boston Omaha Corporation Class A Common Stock,N,NYSE,N,N,
BOCT,Innovator U.S. Equity Buffer ETF - October,Z,Cboe BZX,Y,N,
BODI,"The Beachbody Company, Inc. - Class A Common Stock",Q,Nasdaq,N,N,N
BOE,Blackrock Enhanced Global Dividend Trust Common Shares of Beneficial Interest,N,NYSE,N,N,
BOEG,Leverage Shares 2X Long BA Daily ETF,Q,Nasdaq,Y,N,N
BOEU,Direxion Daily BA Bull 2X ETF,Q,Nasdaq,Y,N,N
BOF,BranchOut Food Inc. - Common Stock,Q,Nasdaq,N,N,N
BOH,Bank of Hawaii Corporation Common Stock,N,NYSE,N,N,
BOH$A,"Bank of Hawaii Corporation Depositary Shares Each Representing a 1/40th Interest in a Share of 4.375% Fixed Rate Non-Cumulative Perpetual Preferred Stock, Series A",N,NYSE,N,N,
BOH$B,"Bank of Hawaii Corporation Depositary Shares, Each Representing a 1/40th Interest in a Share of 8.000% Fixed Rate Non-Cumulative Perpetual Preferred Stock, Series B",N,NYSE,N,N,
BOIL,ProShares Ultra Bloomberg Natural Gas,P,NYSE Arca,Y,N,
BOKF,BOK Financial Corporation - Common Stock,Q,Nasdaq,N,N,N
BOLD,"Boundless Bio, Inc. - Common Stock",Q,Nasdaq,N,N,N
BOLT,"Bolt Biotherapeutics, Inc. - Common Stock",Q,Nasdaq,N,N,N
BON,Bon Natural Life Limited - Class A Ordinary Shares,Q,Nasdaq,N,N,N
BOND,PIMCO Active Bond Exchange-Traded Fund Exchange-Traded Fund,N,NYSE,Y,N,
BOOM,DMC Global Inc. - Common Stock,Q,Nasdaq,N,N,N
BOOT,"Boot Barn Holdings, Inc. Common Stock",N,NYSE,N,N,
BORR,Borr Drilling Limited Common Shares,N,NYSE,N,N,
BOSC,B.O.S. Better Online Solutions - Ordinary Shares,Q,Nasdaq,N,N,N
BOT,"RoboStrategy, Inc. - Common Stock",Q,Nasdaq,N,N,N
BOTJ,"Bank of the James Financial Group, Inc. - Common Stock",Q,Nasdaq,N,N,N
BOTT,Themes Humanoid Robotics ETF,Q,Nasdaq,Y,N,N
BOTZ,Global X Robotics & Artificial Intelligence ETF,Q,Nasdaq,Y,N,N
BOUT,CapForce IBD Breakout Opportunities ETF,P,NYSE Arca,Y,N,
BOW,Bowhead Specialty Holdings Inc. Common Stock,N,NYSE,N,N,
BOX,"Box, Inc. Class A Common Stock",N,NYSE,N,N,
BOXA,Alpha Architect Aggregate Bond ETF,Z,Cboe BZX,Y,N,
BOXL,Boxlight Corporation - Class A Common Stock,Q,Nasdaq,N,N,D
BOXX,Alpha Architect 1-3 Month Box ETF,Z,Cboe BZX,Y,N,
BP,BP p.l.c. Common Stock,N,NYSE,N,N,
BPAC,Blueport Acquisition Ltd - Class A Ordinary Shares,Q,Nasdaq,N,N,N
BPACR,Blueport Acquisition Ltd - Rights,Q,Nasdaq,N,N,N
BPACU,Blueport Acquisition Ltd - Units,Q,Nasdaq,N,N,N
BPAY,iShares FinTech Active ETF,P,NYSE Arca,Y,N,
BPH,BP plc ADRhedged,P,NYSE Arca,Y,N,
BPI,Grayscale Bitcoin Premium Income ETF,P,NYSE Arca,Y,N,
BPOP,"Popular, Inc. - Common Stock",Q,Nasdaq,N,N,N
BPOPM,"Popular, Inc. - Popular Capital Trust II - 6.125% Cumulative Monthly Income Trust Preferred Securities",Q,Nasdaq,N,N,N
BPRE,Bluerock Private Real Estate Fund Common Shares of Beneficial Interest,N,NYSE,N,N,
BPRN,"Princeton Bancorp, Inc. - Common Stock",Q,Nasdaq,N,N,N
BPRO,Bitwise Proficio Currency Debasement ETF,P,NYSE Arca,Y,N,
BPYPM,"Brookfield Property Partners L.P. - 6.25% Class A Cumulative Redeemable Preferred Units, Series 1",Q,Nasdaq,N,N,N
BPYPN,"Brookfield Property Partners L.P. - 5.750% Class A Cumulative Redeemable Perpetual Preferred Units, Series 3",Q,Nasdaq,N,N,N
BPYPO,"Brookfield Property Partners L.P. - 6.375% Class A Cumulative Redeemable Perpetual Preferred Units, Series 2",Q,Nasdaq,N,N,N
BPYPP,Brookfield Property Partners L.P. - 6.50% Class A Cumulative Redeemable Perpetual Preferred Units,Q,Nasdaq,N,N,N
BQ,Boqii Holding Limited Class A Ordinary Shares,A,NYSE American,N,N,
BR,"Broadridge Financial Solutions, Inc. Common Stock",N,NYSE,N,N,
BRAG,Bragg Gaming Group Inc. - Common Shares,Q,Nasdaq,N,N,N
BRAI,Braiin Limited - Common Stock,Q,Nasdaq,N,N,N
BRAZ,Global X Brazil Active ETF,P,NYSE Arca,Y,N,
BRBI,BRBI BR Partners S.A. - ADSs,Q,Nasdaq,N,N,N
BRBR,"BellRing Brands, Inc. Common Stock ",N,NYSE,N,N,
BRBS,"Blue Ridge Bankshares, Inc. Common Stock",A,NYSE American,N,N,
BRC,Brady Corporation Common Stock,N,NYSE,N,N,
BRCB,"Black Rock Coffee Bar, Inc. - Class A Common Stock",Q,Nasdaq,N,N,N
BRCC,BRC Inc. Class A Common Stock,N,NYSE,N,N,
BRCE,MFS Blended Research Core Equity ETF,N,NYSE,Y,N,
BREE,MFS Blended Research Emerging Markets Equity ETF,N,NYSE,Y,N,
BREM,iShares Emerging Markets Bond Active ETF,Q,Nasdaq,Y,N,N
BRES,Burney U.S. Equity Select ETF,Q,Nasdaq,Y,N,N
BREW,Corgi Coffee & Energy Drinks ETF,Z,Cboe BZX,Y,N,
BREZ,Breeze Acquisition Corp. II - Ordinary Shares,Q,Nasdaq,N,N,N
BREZR,Breeze Acquisition Corp. II - Rights,Q,Nasdaq,N,N,N
BRF,VanEck Brazil Small-Cap ETF,P,NYSE Arca,Y,N,
BRFH,Barfresh Food Group Inc. - Common Stock,Q,Nasdaq,N,N,N
BRHY,iShares High Yield Active ETF,Q,Nasdaq,Y,N,N
BRIA,BrilliA Inc Class A Ordinary Shares,A,NYSE American,N,N,
BRIB,FIS Bright Portfolios Core Bond ETF,P,NYSE Arca,Y,N,
BRID,Bridgford Foods Corporation - Common Stock,Q,Nasdaq,N,N,N
BRIE,MFS Blended Research International Equity ETF,N,NYSE,Y,N,
BRIF,FIS Bright Portfolios Focused Equity ETF,P,NYSE Arca,Y,N,
BRK.A,Berkshire Hathaway Inc. Common Stock,N,NYSE,N,N,
BRK.B,Berkshire Hathaway Inc. New Common Stock,N,NYSE,N,N,
BRKC,YieldMax BRK.B Option Income Strategy ETF,P,NYSE Arca,Y,N,
BRKH,Burtech Acquisition Corp II - Class A Ordinary Shares,Q,Nasdaq,N,N,N
BRKHU,Burtech Acquisition Corp II - Units,Q,Nasdaq,N,N,N
BRKHW,Burtech Acquisition Corp II - Warrants,Q,Nasdaq,N,N,N
BRKL,Corgi BRKB 2x Daily ETF,Z,Cboe BZX,Y,N,
BRKR,Bruker Corporation - Common Stock,Q,Nasdaq,N,N,N
BRKRP,"Bruker Corporation - 6.375% Mandatory Convertible Preferred Stock, Series A",Q,Nasdaq,N,N,N
BRKU,Direxion Daily BRKB Bull 2X ETF,Q,Nasdaq,Y,N,N
BRKW,Roundhill BRKB WeeklyPay ETF,Z,Cboe BZX,Y,N,
BRLN,iShares Floating Rate Loan Active ETF,Z,Cboe BZX,Y,N,
BRLS,Borealis Foods Inc. - Class A Common Shares,Q,Nasdaq,N,N,D
BRLSW,Borealis Foods Inc. - Warrant,Q,Nasdaq,N,N,D
BRLT,"Brilliant Earth Group, Inc. - Class A Common Stock",Q,Nasdaq,N,N,N
BRN,"Barnwell Industries, Inc. Common Stock",A,NYSE American,N,N,
BRNS,Barinthus Biotherapeutics plc - American Depositary Shares,Q,Nasdaq,N,N,D
BRNY,Burney U.S. Factor Rotation ETF,Q,Nasdaq,Y,N,N
BRO,"Brown & Brown, Inc. Common Stock",N,NYSE,N,N,
BROL,Baron Risk Optimized Large Cap ETF,N,NYSE,Y,N,
BROS,Dutch Bros Inc. Class A Common Stock,N,NYSE,N,N,
BRR,"ProCap Financial, Inc. - Common Stock",Q,Nasdaq,N,N,D
BRRR,Coinshares Bitcoin ETF,Q,Nasdaq,Y,N,N
BRRWW,"ProCap Financial, Inc. - Warrant.",Q,Nasdaq,N,N,D
BRSL,"Brightstar Lottery PLC Trading under the Legal Name to begin at the market open on July 21, 2025. Ordinary Shares",N,NYSE,N,N,
BRSM,MFS Blended Research Small-Mid Cap ETF,P,NYSE Arca,Y,N,
BRSP,"BrightSpire Capital, Inc. Class A Common Stock",N,NYSE,N,N,
BRT,BRT Apartments Corp. (MD) Common Stock,N,NYSE,N,N,
BRTR,iShares Total Return Active ETF,Q,Nasdaq,Y,N,N
BRTX,"BioRestorative Therapies, Inc. - Common Stock",Q,Nasdaq,N,N,D
BRUN,Boost Run Inc. - Class A Common Stock,Q,Nasdaq,N,N,N
BRUNW,Boost Run Inc. - Warrant,Q,Nasdaq,N,N,N
BRW,Saba Capital Income & Opportunities Fund SBI,N,NYSE,N,N,
BRX,Brixmor Property Group Inc. Common Stock,N,NYSE,N,N,
BRZE,"Braze, Inc. - Class A Common Stock",Q,Nasdaq,N,N,N
BRZU,Direxion Daily Brazil Bull 2X ETF,P,NYSE Arca,Y,N,
BRZX,Corgi Brazil 2x Daily ETF,Z,Cboe BZX,Y,N,
BSAA,BEST SPAC I Acquisition Corp. - Class A Ordinary Shares,Q,Nasdaq,N,N,N
BSAAR,BEST SPAC I Acquisition Corp. - Rights,Q,Nasdaq,N,N,N
BSAAU,BEST SPAC I Acquisition Corp. - Unit,Q,Nasdaq,N,N,N
BSAC,Banco Santander - Chile ADS,N,NYSE,N,N,
BSBK,Bogota Financial Corp. - Common Stock,Q,Nasdaq,N,N,N
BSBR,"Banco Santander Brasil SA American Depositary Shares, each representing one unit",N,NYSE,N,N,
BSCA,Invesco BulletShares 2036 Corporate Bond ETF,Q,Nasdaq,Y,N,N
BSCQ,Invesco BulletShares 2026 Corporate Bond ETF,Q,Nasdaq,Y,N,N
BSCR,Invesco BulletShares 2027 Corporate Bond ETF,Q,Nasdaq,Y,N,N
BSCS,Invesco BulletShares 2028 Corporate Bond ETF,Q,Nasdaq,Y,N,N
BSCT,Invesco BulletShares 2029 Corporate Bond ETF,Q,Nasdaq,Y,N,N
BSCU,Invesco BulletShares 2030 Corporate Bond ETF,Q,Nasdaq,Y,N,N
BSCV,Invesco BulletShares 2031 Corporate Bond ETF,Q,Nasdaq,Y,N,N
BSCW,Invesco BulletShares 2032 Corporate Bond ETF,Q,Nasdaq,Y,N,N
BSCX,Invesco BulletShares 2033 Corporate Bond ETF,Q,Nasdaq,Y,N,N
BSCY,Invesco BulletShares 2034 Corporate Bond ETF,Q,Nasdaq,Y,N,N
BSCZ,Invesco BulletShares 2035 Corporate Bond ETF,Q,Nasdaq,Y,N,N
BSEP,Innovator U.S. Equity Buffer ETF - September,Z,Cboe BZX,Y,N,
BSET,"Bassett Furniture Industries, Incorporated - Common Stock",Q,Nasdaq,N,N,N
BSGR,Invesco BulletShares 2027 Treasury Bond ETF,Q,Nasdaq,Y,N,N
BSGT,Invesco BulletShares 2029 Treasury Bond ETF,Q,Nasdaq,Y,N,N
BSIN,Big Sky Industrial Inc. - Common Stock,Q,Nasdaq,N,N,N
BSJQ,Invesco BulletShares 2026 High Yield Corporate Bond ETF,Q,Nasdaq,Y,N,N
BSJR,Invesco BulletShares 2027 High Yield Corporate Bond ETF,Q,Nasdaq,Y,N,N
BSJS,Invesco BulletShares 2028 High Yield Corporate Bond ETF,Q,Nasdaq,Y,N,N
BSJT,Invesco BulletShares 2029 High Yield Corporate Bond ETF,Q,Nasdaq,Y,N,N
BSJU,Invesco BulletShares 2030 High Yield Corporate Bond ETF,Q,Nasdaq,Y,N,N
BSJV,Invesco BulletShares 2031 High Yield Corporate Bond ETF,Q,Nasdaq,Y,N,N
BSJW,Invesco BulletShares 2032 High Yield Corporate Bond ETF,Q,Nasdaq,Y,N,N
BSJX,Invesco BulletShares 2033 High Yield Corporate Bond ETF,Q,Nasdaq,Y,N,N
BSJY,Invesco BulletShares 2034 High Yield Corporate Bond ETF,Q,Nasdaq,Y,N,N
BSL,Blackstone Senior Floating Rate 2027 Term Fund Common Shares of Beneficial Interest,N,NYSE,N,N,
BSM,"Black Stone Minerals, L.P. Common units representing limited partner interests",N,NYSE,N,N,
BSMC,Brandes U.S. Small-Mid Cap Value ETF,Z,Cboe BZX,Y,N,
BSMQ,Invesco BulletShares 2026 Municipal Bond ETF,Q,Nasdaq,Y,N,N
BSMR,Invesco BulletShares 2027 Municipal Bond ETF,Q,Nasdaq,Y,N,N
BSMS,Invesco BulletShares 2028 Municipal Bond ETF,Q,Nasdaq,Y,N,N
BSMT,Invesco BulletShares 2029 Municipal Bond ETF,Q,Nasdaq,Y,N,N
BSMU,Invesco BulletShares 2030 Municipal Bond ETF,Q,Nasdaq,Y,N,N
BSMV,Invesco BulletShares 2031 Municipal Bond ETF,Q,Nasdaq,Y,N,N
BSMW,Invesco BulletShares 2032 Municipal Bond ETF,Q,Nasdaq,Y,N,N
BSMY,Invesco BulletShares 2034 Municipal Bond ETF,Q,Nasdaq,Y,N,N
BSMZ,Invesco BulletShares 2035 Municipal Bond ETF,Q,Nasdaq,Y,N,N
BSOL,Bitwise Solana Staking ETF,P,NYSE Arca,Y,N,
BSP,Bending Spoons S.p.A. - Ordinary Shares,Q,Nasdaq,N,N,N
BSR,Beacon Unified Catalyst ETF,P,NYSE Arca,Y,N,
BSRR,Sierra Bancorp - Common Stock,Q,Nasdaq,N,N,N
BSSX,Invesco BulletShares 2033 Municipal Bond ETF,Q,Nasdaq,Y,N,N
BST,BlackRock Science and Technology Trust Common Shares of Beneficial Interest,N,NYSE,N,N,
BSTP,Innovator Buffer Step-Up Strategy ETF,P,NYSE Arca,Y,N,
BSTS,Invesco BulletShares 2028 Treasury Bond ETF,Q,Nasdaq,Y,N,N
BSTU,Invesco BulletShares 2030 Treasury Bond ETF,Q,Nasdaq,Y,N,N
BSTV,Invesco BulletShares 2031 Treasury Bond ETF,Q,Nasdaq,Y,N,N
BSTZ,BlackRock Science and Technology Term Trust Common Shares of Beneficial Interest,N,NYSE,N,N,
BSV,Vanguard Short-Term Bond ETF,P,NYSE Arca,Y,N,
BSVN,Bank7 Corp. - Common stock,Q,Nasdaq,N,N,N
BSVO,EA Bridgeway Omni Small-Cap Value ETF,Q,Nasdaq,Y,N,N
BSX,Boston Scientific Corporation Common Stock,N,NYSE,N,N,
BSY,"Bentley Systems, Incorporated - Class B Common Stock",Q,Nasdaq,N,N,N
BTAI,"BioXcel Therapeutics, Inc. - Common Stock",Q,Nasdaq,N,N,N
BTAL,AGF U.S. Market Neutral Anti-Beta Fund,P,NYSE Arca,Y,N,
BTBD,"BT Brands, Inc. - Common Stock",Q,Nasdaq,N,N,N
BTBDW,"BT Brands, Inc. - Warrant",Q,Nasdaq,N,N,N
BTBT,"Bit Digital, Inc. - Ordinary Share",Q,Nasdaq,N,N,N
BTC,Grayscale Bitcoin Mini Trust (BTC),P,NYSE Arca,Y,N,
BTCC,Grayscale Bitcoin Covered Call ETF,P,NYSE Arca,Y,N,
BTCI,NEOS Bitcoin High Income ETF,Z,Cboe BZX,Y,N,
BTCK,7RCC Spot Bitcoin and Carbon Credit Futures ETF,P,NYSE Arca,Y,N,
BTCL,T-Rex 2X Long Bitcoin Daily Target ETF,Z,Cboe BZX,Y,N,
BTCO,Invesco Galaxy Bitcoin ETF ,Z,Cboe BZX,Y,N,
BTCS,BTCS Inc. - Common Stock,Q,Nasdaq,N,N,N
BTCT,BTC Digital Ltd. - Ordinary Shares,Q,Nasdaq,N,N,N
BTCU,Direxion Daily Bitcoin Bull 2X ETF,P,NYSE Arca,Y,N,
BTCW,WisdomTree Bitcoin Fund ,Z,Cboe BZX,Y,N,
BTCZ,T-Rex 2X Inverse Bitcoin Daily Target ETF,Z,Cboe BZX,Y,N,
BTDL,GraniteShares 2x Long BTDR Daily ETF,Q,Nasdaq,Y,N,N
BTDR,Bitdeer Technologies Group - Ordinary Shares,Q,Nasdaq,N,N,N
BTE,Baytex Energy Corp Common Shares,N,NYSE,N,N,
BTF,CoinShares Bitcoin and Ether ETF,Q,Nasdaq,Y,N,N
BTG,B2Gold Corp Common shares (Canada),A,NYSE American,N,N,
BTGD,STKd 100% Bitcoin & 100% Gold ETF,Q,Nasdaq,Y,N,N
BTGO,"BitGo Holdings, Inc. Class A Common Stock",N,NYSE,N,N,
BTI,"British American Tobacco  Industries, p.l.c. Common Stock ADR",N,NYSE,N,N,
BTMD,Biote Corp. - Class A common stock,Q,Nasdaq,N,N,N
BTO,John Hancock Financial Opportunities Fund Common Stock,N,NYSE,N,N,
BTOC,Armlogi Holding Corp. - common stock,Q,Nasdaq,N,N,D
BTOG,Bit Origin Limited - Class A Ordinary Shares,Q,Nasdaq,N,N,N
BTOT,iShares Total USD Fixed Income Market ETF,P,NYSE Arca,Y,N,
BTQ,BTQ Technologies Corp. - Common Stock,Q,Nasdaq,N,N,N
BTR,Beacon Tactical Risk ETF,P,NYSE Arca,Y,N,
BTRN,Global X Bitcoin Trend Strategy ETF,P,NYSE Arca,Y,N,
BTSG,"BrightSpring Health Services, Inc. - Common Stock",Q,Nasdaq,N,N,N
BTSGU,"BrightSpring Health Services, Inc. - Tangible Equity Unit",Q,Nasdaq,N,N,N
BTT,BlackRock Municipal 2030 Target Term Trust,N,NYSE,N,N,
BTTC,Black Titan Corp - Ordinary Shares,Q,Nasdaq,N,N,N
BTU,Peabody Energy Corporation Common Stock ,N,NYSE,N,N,
BTX,BlackRock Technology and Private Equity Term Trust Common Shares of Beneficial Interest,N,NYSE,N,N,
BTZ,BlackRock Credit Allocation Income Trust,N,NYSE,N,N,
BUCK,Simplify Treasury Option Income ETF,P,NYSE Arca,Y,N,
BUD,Anheuser-Busch Inbev SA Sponsored ADR (Belgium),N,NYSE,N,N,
BUDA,"Buda Juice, Inc. Common Stock",A,NYSE American,N,N,
BUFB,Innovator Laddered Allocation Buffer ETF,Z,Cboe BZX,Y,N,
BUFC,AB Conservative Buffer ETF,Q,Nasdaq,Y,N,N
BUFD,FT Vest Laddered Deep Buffer ETF,Z,Cboe BZX,Y,N,
BUFE,FT Vest Laddered Emerging Markets Buffer ETF,Z,Cboe BZX,Y,N,
BUFF,Innovator Laddered Allocation Power Buffer ETF,Z,Cboe BZX,Y,N,
BUFG,FT Vest Buffered Allocation Growth ETF,Z,Cboe BZX,Y,N,
BUFH,FT Vest Laddered Max Buffer ETF,Z,Cboe BZX,Y,N,
BUFI,AB International Buffer ETF,Q,Nasdaq,Y,N,N
BUFM,AB Moderate Buffer ETF,Q,Nasdaq,Y,N,N
BUFP,PGIM Laddered S&P 500 Buffer 12 ETF,Z,Cboe BZX,Y,N,
BUFQ,FT Vest Laddered Nasdaq Buffer ETF,Z,Cboe BZX,Y,N,
BUFR,FT Vest Laddered Buffer ETF,Z,Cboe BZX,Y,N,
BUFS,FT Vest Laddered Small Cap Moderate Buffer ETF,Z,Cboe BZX,Y,N,
BUFT,FT Vest Buffered Allocation Defensive ETF,Z,Cboe BZX,Y,N,
BUFX,FT Vest Laddered Enhance & Moderate Buffer ETF,Z,Cboe BZX,Y,N,
BUFY,FT Vest Laddered International Moderate Buffer ETF,Z,Cboe BZX,Y,N,
BUFZ,FT Vest Laddered Moderate Buffer ETF,Z,Cboe BZX,Y,N,
BUG,Global X Cybersecurity ETF,Q,Nasdaq,Y,N,N
BUI,"BlackRock Utility, Infrastructure & Power Opportunities Trust",N,NYSE,N,N,
BUL,Pacer US Cash Cows Growth ETF,P,NYSE Arca,Y,N,
BULD,Pacer BlueStar Engineering the Future ETF,Q,Nasdaq,Y,N,N
BULG,Leverage Shares 2X Long BULL Daily ETF,Q,Nasdaq,Y,N,N
BULL,Webull Corporation - Class A Ordinary Shares,Q,Nasdaq,N,N,N
BULLW,Webull Corporation - Warrants,Q,Nasdaq,N,N,N
BULZ,MicroSectors FANG & Innovation 3x Leveraged ETN,P,NYSE Arca,Y,N,
BUR,Burford Capital Limited Ordinary Shares,N,NYSE,N,N,
BURL,"Burlington Stores, Inc. Common Stock",N,NYSE,N,N,
BURU,"Nuburu, Inc. Common Stock",A,NYSE American,N,N,
BUSA,Brandes U.S. Value ETF,Z,Cboe BZX,Y,N,
BUSE,First Busey Corporation - Common Stock,Q,Nasdaq,N,N,N
BUSEP,"First Busey Corporation - Depositary Shares, Each Representing a 1/40th Interest in a Share of 8.25% Fixed-Rate Series B Non-Cumulative Perpetual Preferred Stock, $0.001 par value",Q,Nasdaq,N,N,N
BUUU,BUUU Group Limited - Class A Ordinary Share,Q,Nasdaq,N,N,N
BUXX,Strive Enhanced Income Short Maturity ETF,N,NYSE,Y,N,
BUYB,ProShares S&P 500 Buyback Aristocrats ETF,P,NYSE Arca,Y,N,
BUYO,KraneShares Man Buyout Beta Index ETF,P,NYSE Arca,Y,N,
BUYW,Main BuyWrite ETF,Z,Cboe BZX,Y,N,
BUYZ,Franklin Disruptive Commerce ETF,Z,Cboe BZX,Y,N,
BUZZ,VanEck Social Sentiment ETF,P,NYSE Arca,Y,N,
BV,"BrightView Holdings, Inc. Common Stock",N,NYSE,N,N,
BVAL,Bluemonte Large Cap Value ETF,P,NYSE Arca,Y,N,
BVC,BitVentures Limited - Ordinary Share,Q,Nasdaq,N,N,N
BVFL,"BV Financial, Inc. - Common Stock",Q,Nasdaq,N,N,N
BVN,Buenaventura Mining Company Inc.,N,NYSE,N,N,
BVS,Bioventus Inc. - Class A Common Stock,Q,Nasdaq,N,N,N
BW,"Babcock & Wilcox Enterprises, Inc. Common Stock",N,NYSE,N,N,
BW$A,"Babcock & Wilcox Enterprises, Inc. 7.75% Series A Cumulative Perpetual Preferred Stock",N,NYSE,N,N,
BWA,BorgWarner Inc. Common Stock,N,NYSE,N,N,
BWAY,BrainsWay Ltd. - American Depositary Shares,Q,Nasdaq,N,N,N
BWB,"Bridgewater Bancshares, Inc. - Common Stock",Q,Nasdaq,N,N,N
BWBBP,"Bridgewater Bancshares, Inc. - Depositary Shares, Each Representing a 1/100th Interest in a Share of 5.875% Non-Cumulative Perpetual Preferred Stock, Series A",Q,Nasdaq,N,N,N
BWEN,"Broadwind, Inc. - Common Stock",Q,Nasdaq,N,N,N
BWET,Breakwave Tanker Shipping ETF,P,NYSE Arca,Y,N,
BWFG,"Bankwell Financial Group, Inc. - Common Stock",Q,Nasdaq,N,N,N
BWG,BrandywineGLOBAL Global Income Opportunities Fund Inc.,N,NYSE,N,N,
BWIN,"The Baldwin Insurance Group, Inc. - Class A Common Stock",Q,Nasdaq,N,N,N
BWIV,Blue Water Acquisition Corp. IV Class A Ordinary Shares,N,NYSE,N,N,
BWIV.U,"Blue Water Acquisition Corp. IV Units, each consisting of one Class A ordinary share and one-half of one redeemable warrant",N,NYSE,N,N,
BWIV.W,Blue Water Acquisition Corp. IV Warrants entitling the holder to purchase one Class A ordinary share at a price of $11.50 per share,N,NYSE,N,N,
BWLP,BW LPG Limited Common Shares,N,NYSE,N,N,
BWMN,Bowman Consulting Group Ltd. - Common Stock,Q,Nasdaq,N,N,N
BWMX,"Betterware de Mexico, S.A.P.I. de C.V. Ordinary Shares",N,NYSE,N,N,
BWNB,"Babcock & Wilcox Enterprises, Inc. 6.50% Senior Notes due 2026",N,NYSE,N,N,
BWOW,Bitwise Dogecoin ETF,P,NYSE Arca,Y,N,
BWQG,BWM Quality Growth ETF,Z,Cboe BZX,Y,N,
BWTG,Brendan Wood TopGun Index ETF,Z,Cboe BZX,Y,N,
BWX,State Street SPDR Bloomberg International Treasury Bond ETF,P,NYSE Arca,Y,N,
BWXT,"BWX Technologies, Inc. Common Stock",N,NYSE,N,N,
BWZ,State Street SPDR Bloomberg Short Term International Treasury Bond ETF,P,NYSE Arca,Y,N,
BX,Blackstone Inc. Common Stock,N,NYSE,N,N,
BXC,Bluelinx Holdings Inc. Common Stock,N,NYSE,N,N,
BXDC,Blackstone Digital Infrastructure Trust Inc. Common Stock,N,NYSE,N,N,
BXMT,"Blackstone Mortgage Trust, Inc. Common Stock",N,NYSE,N,N,
BXP,"BXP, Inc. Common Stock",N,NYSE,N,N,
BXSL,Blackstone Secured Lending Fund Common Shares of Beneficial Interest,N,NYSE,N,N,
BY,"Byline Bancorp, Inc. Common Stock",N,NYSE,N,N,
BYAH,"Park Ha Biological Technology Co., Ltd. - Class A Ordinary Shares",Q,Nasdaq,N,N,N
BYD,Boyd Gaming Corporation Common Stock,N,NYSE,N,N,
BYFC,Broadway Financial Corporation - Class A Common Stock,Q,Nasdaq,N,N,N
BYLD,iShares Yield Optimized Bond ETF,P,NYSE Arca,Y,N,
BYND,"Beyond Meat, Inc. - Common stock",Q,Nasdaq,N,N,D
BYRE,Principal Real Estate Active Opportunities ETF,P,NYSE Arca,Y,N,
BYRN,"Byrna Technologies, Inc. - Common Stock",Q,Nasdaq,N,N,N
BYSI,"BeyondSpring, Inc. - Ordinary Shares",Q,Nasdaq,N,N,N
BZ,KANZHUN LIMITED - American Depository Shares,Q,Nasdaq,N,N,N
BZAI,"Blaize Holdings, Inc. - Common Stock",Q,Nasdaq,N,N,N
BZAIW,"Blaize Holdings, Inc. - Warrant",Q,Nasdaq,N,N,N
BZFD,"BuzzFeed, Inc. - Class A Common Stock",Q,Nasdaq,N,N,N
BZFDW,"BuzzFeed, Inc. - Warrant",Q,Nasdaq,N,N,N
BZH,"Beazer Homes USA, Inc. Common Stock",N,NYSE,N,N,
BZQ,ProShares UltraShort MSCI Brazil Capped,P,NYSE Arca,Y,N,
BZUN,Baozun Inc. - American Depositary Shares,Q,Nasdaq,N,N,N
BZZ,Corgi Drones & Urban Air Mobility ETF,Z,Cboe BZX,Y,N,
C,"Citigroup, Inc. Common Stock",N,NYSE,N,N,
C$N,Citigroup Capital XIII 7.875% Fixed rate Floating Rate trust Preferred Securities (TruPS),N,NYSE,N,N,
C$R,"Citigroup Inc. Depositary Shares, Each Representing a 1/1,000th Interest in a Share of 6.250% Noncumulative Preferred Stock, Series II",N,NYSE,N,N,
CAAA,First Trust AAA CMBS ETF,P,NYSE Arca,Y,N,
CAAP,Corporacion America Airports SA Common Shares,N,NYSE,N,N,
CAAS,"China Automotive Systems, Inc. - Ordinary Share",Q,Nasdaq,N,N,N
CABA,"Cabaletta Bio, Inc. - Common Stock",Q,Nasdaq,N,N,N
CABO,"Cable One, Inc. Common Stock",N,NYSE,N,N,
CABR,"Caring Brands, Inc. - Common Stock",Q,Nasdaq,N,N,D
CABZ,"Roundhill Robotaxi, Autonomous Vehicles & Technology ETF",Z,Cboe BZX,Y,N,
CAC,Camden National Corporation - Common Stock,Q,Nasdaq,N,N,N
CACC,Credit Acceptance Corporation - Common Stock,Q,Nasdaq,N,N,N
CACI,"CACI International, Inc. Class A Common Stock",N,NYSE,N,N,
CADL,"Candel Therapeutics, Inc. - Common Stock",Q,Nasdaq,N,N,N
CAE,CAE Inc. Ordinary Shares,N,NYSE,N,N,
CAES,"Cantor Equity Partners VII, Inc. - Class A Ordinary Shares",Q,Nasdaq,N,N,N
CAF,Morgan Stanley China A Share Fund Inc. Common Stock,N,NYSE,N,N,
CAFG,Pacer US Small Cap Cash Cows Growth Leaders ETF,Q,Nasdaq,Y,N,N
CAFX,Congress Intermediate Bond ETF,P,NYSE Arca,Y,N,
CAG,"ConAgra Brands, Inc. Common Stock",N,NYSE,N,N,
CAGE,Calamos Autocallable Growth ETF,P,NYSE Arca,Y,N,
CAH,"Cardinal Health, Inc. Common Stock",N,NYSE,N,N,
CAI,"Caris Life Sciences, Inc. - Common Stock",Q,Nasdaq,N,N,N
CAIE,Calamos Autocallable Income ETF,P,NYSE Arca,Y,N,
CAII,Collective Acquisition Corp. II - Class A Ordinary Shares,Q,Nasdaq,N,N,N
CAIIU,Collective Acquisition Corp. II - Units,Q,Nasdaq,N,N,N
CAIIW,Collective Acquisition Corp. II - Warrants,Q,Nasdaq,N,N,N
CAIQ,Calamos Nasdaq Autocallable Income ETF,Q,Nasdaq,Y,N,N
CAKE,The Cheesecake Factory Incorporated - Common Stock,Q,Nasdaq,N,N,N
CAL,"Caleres, Inc. Common Stock",N,NYSE,N,N,
CALC,"CalciMedica, Inc. - Common Stock",Q,Nasdaq,N,N,D
CALF,Pacer US Small Cap Cash Cows ETF,Z,Cboe BZX,Y,N,
CALI,iShares Short-Term California Muni Active ETF,Q,Nasdaq,Y,N,N
CALM,"Cal-Maine Foods, Inc. - Common Stock",Q,Nasdaq,N,N,N
CALX,"Calix, Inc Common Stock",N,NYSE,N,N,
CALY,Callaway Golf Company Common Stock,N,NYSE,N,N,
CAM,AB California Intermediate Municipal ETF,P,NYSE Arca,Y,N,
CAMC,Corgi CAMT 2x Daily ETF,Z,Cboe BZX,Y,N,
CAML,Congress Large Cap Growth ETF,P,NYSE Arca,Y,N,
CAMP,CAMP4 Therapeutics Corporation - Common Stock,Q,Nasdaq,N,N,N
CAMT,Camtek Ltd. - Ordinary Shares,Q,Nasdaq,N,N,N
CAMX,Cambiar Aggressive Value ETF,P,NYSE Arca,Y,N,
CAN,Canaan Inc. - American Depositary Shares,Q,Nasdaq,N,N,D
CANC,Tema Oncology ETF,Q,Nasdaq,Y,N,N
CANE,Teucrium Sugar Fund ETV,P,NYSE Arca,Y,N,
CANF,"Can-Fite Biopharma Ltd American Depositary Shares, each representing two (2) Ordinary Shares",A,NYSE American,N,N,
CANG,Cango Inc. Class A Ordinary Shares,N,NYSE,N,N,
CANQ,Calamos Nasdaq Equity & Income ETF,Q,Nasdaq,Y,N,N
CAOS,Alpha Architect Tail Risk ETF,Z,Cboe BZX,Y,N,
CAPE,DoubleLine Shiller CAPE U.S. Equities ETF,P,NYSE Arca,Y,N,
CAPL,CrossAmerica Partners LP Common Units representing limited partner interests,N,NYSE,N,N,
CAPN,Cayson Acquisition Corp - Ordinary Shares,Q,Nasdaq,N,N,D
CAPNR,Cayson Acquisition Corp - Right,Q,Nasdaq,N,N,N
CAPNU,Cayson Acquisition Corp - Units,Q,Nasdaq,N,N,N
CAPR,"Capricor Therapeutics, Inc. - Common Stock",Q,Nasdaq,N,N,N
CAPS,Capstone Holding Corp. - Common Stock,Q,Nasdaq,N,N,D
CAQ,Cambridge Acquisition Corp. - Class A Ordinary Shares,Q,Nasdaq,N,N,N
CAQUU,Cambridge Acquisition Corp. - Unit,Q,Nasdaq,N,N,N
CAQUW,Cambridge Acquisition Corp. - Warrants,Q,Nasdaq,N,N,N
CAR,"Avis Budget Group, Inc. - Common Stock",Q,Nasdaq,N,N,N
CARD,MAX Auto Industry -3x Inverse Leveraged ETN,P,NYSE Arca,Y,N,
CARE,"Carter Bankshares, Inc. - Common Stock",Q,Nasdaq,N,N,N
CARG,"CarGurus, Inc. - Class A Common Stock",Q,Nasdaq,N,N,N
CARK,CastleArk Large Growth ETF,P,NYSE Arca,Y,N,
CARL,"Carlsmed, Inc. - Common Stock",Q,Nasdaq,N,N,N
CARR,Carrier Global Corporation Common Stock ,N,NYSE,N,N,
CARS,Cars.com Inc. Common Stock ,N,NYSE,N,N,
CART,Maplebear Inc. - Common Stock,Q,Nasdaq,N,N,N
CARU,MAX Auto Industry 3x Leveraged ETN,P,NYSE Arca,Y,N,
CARX,Corgi CART 2x Daily ETF,Z,Cboe BZX,Y,N,
CARY,Angel Oak Income ETF,Q,Nasdaq,Y,N,N
CARZ,First Trust S-Network Future Vehicles & Technology ETF,Q,Nasdaq,Y,N,N
CAS,Simplify China A Shares PLUS Income ETF,P,NYSE Arca,Y,N,
CASH,"Pathward Financial, Inc. - Common Stock",Q,Nasdaq,N,N,N
CASS,"Cass Information Systems, Inc - Common Stock",Q,Nasdaq,N,N,N
CAST,"FreeCast, Inc. - Class A common stock",Q,Nasdaq,N,N,N
CASY,"Caseys General Stores, Inc. - Common Stock",Q,Nasdaq,N,N,N
CAT,"Caterpillar, Inc. Common Stock",N,NYSE,N,N,
CATF,American Century California Municipal Bond ETF,P,NYSE Arca,Y,N,
CATG,Leverage Shares 2X Long CAT Daily ETF,Z,Cboe BZX,Y,N,
CATH,Global X S&P 500 Catholic Values ETF,Q,Nasdaq,Y,N,N
CATO,Cato Corporation (The) Class A Common Stock,N,NYSE,N,N,
CATX,"Perspective Therapeutics, Inc. Common Stock",A,NYSE American,N,N,
CATY,Cathay General Bancorp - Common Stock,Q,Nasdaq,N,N,N
CAVA,"CAVA Group, Inc. Common Stock",N,NYSE,N,N,
CB,Chubb Limited  Common Stock,N,NYSE,N,N,
CBAN,"Colony Bankcorp, Inc. Common Stock",N,NYSE,N,N,
CBAT,CBAK Energy Technology Limited - Ordinary Shares,Q,Nasdaq,N,N,D
CBC,"Central Bancompany, Inc. - Class A Common Stock",Q,Nasdaq,N,N,N
CBFV,"CB Financial Services, Inc. - Common Stock",Q,Nasdaq,N,N,N
CBIL,Corgi 3-12 Month T-Bill ETF,Z,Cboe BZX,Y,N,
CBIO,"Crescent Biopharma, Inc. - Common Stock",Q,Nasdaq,N,N,N
CBK,"Commercial Bancgroup, Inc. - Common Stock",Q,Nasdaq,N,N,N
CBL,"CBL & Associates Properties, Inc. Common Stock",N,NYSE,N,N,
CBLL,"CeriBell, Inc. - Common Stock",Q,Nasdaq,N,N,N
CBLS,Clough Hedged Equity ETF,P,NYSE Arca,Y,N,
CBNA,"Chain Bridge Bancorp, Inc. Class A Common Stock",N,NYSE,N,N,
CBNK,"Capital Bancorp, Inc. - Common Stock",Q,Nasdaq,N,N,N
CBO,CBO (Listing Market - NYSE - Networks A/E) Common Stock,N,NYSE,N,Y,
CBOA,Calamos Bitcoin Structured Alt Protection ETF - April,Z,Cboe BZX,Y,N,
CBOE,"Cboe Global Markets, Inc. Common Stock",Z,Cboe BZX,N,N,
CBOJ,Calamos Bitcoin Structured Alt Protection ETF - January,Z,Cboe BZX,Y,N,
CBOL,Calamos Laddered Bitcoin Structured Alt Protection ETF,Z,Cboe BZX,Y,N,
CBON,VanEck China Bond ETF,P,NYSE Arca,Y,N,
CBOO,Calamos Bitcoin Structured Alt Protection ETF - October,Z,Cboe BZX,Y,N,
CBOT,Corgi Robots & Humanoids ETF,Z,Cboe BZX,Y,N,
CBOX,Calamos Tax-Aware Collateral ETF,Z,Cboe BZX,Y,N,
CBOY,Calamos Bitcoin Structured Alt Protection ETF - July,Z,Cboe BZX,Y,N,
CBRE,CBRE Group Inc Common Stock Class A,N,NYSE,N,N,
CBRG,Leverage Shares 2X Long CBRS Daily ETF,Z,Cboe BZX,Y,N,
CBRL,"Cracker Barrel Old Country Store, Inc. - Common Stock",Q,Nasdaq,N,N,N
CBRS,Cerebras Systems Inc. - Class A Common Stock,Q,Nasdaq,N,N,N
CBRX,Tradr 2X Long CBRS Daily ETF,Z,Cboe BZX,Y,N,
CBRZ,Tradr 2X Short CBRS Daily ETF,Z,Cboe BZX,Y,N,
CBSE,Clough Select Equity ETF,P,NYSE Arca,Y,N,
CBSH,"Commerce Bancshares, Inc. - Common Stock",Q,Nasdaq,N,N,N
CBT,Cabot Corporation Common Stock,N,NYSE,N,N,
CBTA,Calamos Bitcoin 80 Series Structured Alt Protection ETF - April,Z,Cboe BZX,Y,N,
CBTJ,Calamos Bitcoin 80 Series Structured Alt Protection ETF - January,Z,Cboe BZX,Y,N,
CBTL,Calamos Laddered Bitcoin 80 Series Structured Alt Protection ETF,Z,Cboe BZX,Y,N,
CBTO,Calamos Bitcoin 80 Series Structured Alt Protection ETF - October,Z,Cboe BZX,Y,N,
CBTY,Calamos Bitcoin 80 Series Structured Alt Protection ETF - July,Z,Cboe BZX,Y,N,
CBU,"Community Financial System, Inc. Common Stock",N,NYSE,N,N,
CBUS,"Cibus, Inc. - Class A Common Stock",Q,Nasdaq,N,N,N
CBX,CBX (Listing Market NYSE Networks AE) Common Stock,N,NYSE,N,Y,
CBXA,Calamos Bitcoin 90 Series Structured Alt Protection ETF - April,Z,Cboe BZX,Y,N,
CBXJ,Calamos Bitcoin 90 Series Structured Alt Protection ETF - January,Z,Cboe BZX,Y,N,
CBXL,Calamos Laddered Bitcoin 90 Series Structured Alt Protection ETF,Z,Cboe BZX,Y,N,
CBXO,Calamos Bitcoin 90 Series Structured Alt Protection ETF - October,Z,Cboe BZX,Y,N,
CBXY,Calamos Bitcoin 90 Series Structured Alt Protection ETF - July,Z,Cboe BZX,Y,N,
CBZ,"CBIZ, Inc. Common Stock",N,NYSE,N,N,
CC,Chemours Company (The) Common Stock,N,NYSE,N,N,
CCAP,"Crescent Capital BDC, Inc. - Common Stock",Q,Nasdaq,N,N,N
CCAQ,Collective Acquisition Corp. - Class A ordinary shares,Q,Nasdaq,N,N,N
CCAQU,Collective Acquisition Corp. - Units,Q,Nasdaq,N,N,N
CCAQW,Collective Acquisition Corp. - Warrants,Q,Nasdaq,N,N,N
CCB,Coastal Financial Corporation - Common Stock,Q,Nasdaq,N,N,N
CCBG,Capital City Bank Group - Common Stock,Q,Nasdaq,N,N,N
CCC,CCC Intelligent Solutions Holdings Inc. - Common Stock,Q,Nasdaq,N,N,N
CCCC,"C4 Therapeutics, Inc. - Common Stock",Q,Nasdaq,N,N,N
CCCTU,Columbus Circle Capital Corp III - Units,Q,Nasdaq,N,N,N
CCD,Calamos Dynamic Convertible & Income Fund - Closed End Fund,Q,Nasdaq,N,N,N
CCEC,Capital Clean Energy Carriers Corp. - Common Share,Q,Nasdaq,N,N,N
CCEF,Calamos CEF Income & Arbitrage ETF,P,NYSE Arca,Y,N,
CCEL,"Cryo-Cell International, Inc. Common Stock",A,NYSE American,N,N,
CCEP,Coca-Cola Europacific Partners plc - Ordinary Shares,Q,Nasdaq,N,N,N
CCFE,Concourse Capital Focused Equity ETF,Q,Nasdaq,Y,N,N
CCG,Cheche Group Inc. - Class A Ordinary Shares,Q,Nasdaq,N,N,D
CCGWW,Cheche Group Inc. - Warrant,Q,Nasdaq,N,N,N
CCHH,CCH Holdings Ltd - Class A Ordinary Shares,Q,Nasdaq,N,N,D
CCI,Crown Castle Inc. Common Stock,N,NYSE,N,N,
CCID,Carlyle Credit Income Fund 7.375% Series D Term Preferred Shares due 2028,N,NYSE,N,N,
CCIF,Carlyle Credit Income Fund Shares of Beneficial Interest,N,NYSE,N,N,
CCII,Cohen Circle Acquisition Corp. II - Class A Ordinary Shares,Q,Nasdaq,N,N,N
CCIIU,Cohen Circle Acquisition Corp. II - Unit,Q,Nasdaq,N,N,N
CCIIW,Cohen Circle Acquisition Corp. II - Warrant,Q,Nasdaq,N,N,N
CCIX,Churchill Capital Corp IX - Ordinary Shares,Q,Nasdaq,N,N,N
CCIXU,Churchill Capital Corp IX - Unit,Q,Nasdaq,N,N,N
CCIXW,Churchill Capital Corp IX - Warrant,Q,Nasdaq,N,N,N
CCJ,Cameco Corporation Common Stock,N,NYSE,N,N,
CCK,"Crown Holdings, Inc.",N,NYSE,N,N,
CCL,Carnival Corporation Ltd. Common Shares,N,NYSE,N,N,
CCLD,"CareCloud, Inc. - Common Stock",Q,Nasdaq,N,N,N
CCM,Concord Medical Services Holdings Limited American Depositary Shares (Each represents thirty (30) Class A ordinary shares),N,NYSE,N,N,
CCNE,CNB Financial Corporation - Common Stock,Q,Nasdaq,N,N,N
CCNEP,"CNB Financial Corporation - Depositary shares, each representing a 1/40th ownership interest in a share of 7.125% Series A Fixed- Rate Non-Cumulative Perpetual Preferred Stock",Q,Nasdaq,N,N,N
CCNR,ALPS/CoreCommodity Natural Resources ETF,Q,Nasdaq,Y,N,N
CCO,"Clear Channel Outdoor Holdings, Inc. Common Stock",N,NYSE,N,N,
CCOI,"Cogent Communications Holdings, Inc. - Common Stock",Q,Nasdaq,N,N,N
CCOM,Simplify Chinese Commodities Strategy No K-1 ETF,P,NYSE Arca,Y,N,
CCOR,Core Alternative ETF,P,NYSE Arca,Y,N,
CCPX,Corgi China 2x Daily ETF,Z,Cboe BZX,Y,N,
CCRN,"Cross Country Healthcare, Inc. - Common Stock",Q,Nasdaq,N,N,N
CCRP,Columbia Corporate Bond ETF,P,NYSE Arca,Y,N,
CCS,"Century Communities, Inc. Common Stock",N,NYSE,N,N,
CCSB,Carbon Collective Short Duration Green Bond ETF,Q,Nasdaq,Y,N,N
CCSI,"Consensus Cloud Solutions, Inc. - Common Stock",Q,Nasdaq,N,N,N
CCSO,Carbon Collective Climate Solutions U.S. Equity ETF,Q,Nasdaq,Y,N,N
CCTG,CCSC Technology International Holdings Limited - Class A Ordinary Shares,Q,Nasdaq,N,N,D
CCU,"Compania Cervecerias Unidas, S.A. Common Stock",N,NYSE,N,N,
CCUP,T-REX 2X Long CRCL Daily Target ETF,Z,Cboe BZX,Y,N,
CCXI,Churchill Capital Corp XI - Class A Ordinary Shares,Q,Nasdaq,N,N,N
CCXIU,Churchill Capital Corp XI - Units,Q,Nasdaq,N,N,N
CCXIW,Churchill Capital Corp XI - Warrants,Q,Nasdaq,N,N,N
CCZ,Comcast Holdings ZONES,N,NYSE,N,N,
CD,Chaince Digital Holdings Inc. - American Ordinary Shares,Q,Nasdaq,N,N,N
CDC,VictoryShares US EQ Income Enhanced Volatility Wtd ETF,Q,Nasdaq,Y,N,N
CDE,"Coeur Mining, Inc. Common Stock",N,NYSE,N,N,
CDEI,"Calvert US Large-Cap Diversity, Equity and Inclusion Index ETF",P,NYSE Arca,Y,N,
CDIG,City Different Investments Global Equity ETF,Q,Nasdaq,Y,N,N
CDIO,Cardio Diagnostics Holdings Inc. - Common stock,Q,Nasdaq,N,N,N
CDIOW,Cardio Diagnostics Holdings Inc. - Warrant,Q,Nasdaq,N,N,N
CDL,VictoryShares US Large Cap High Div Volatility Wtd ETF,Q,Nasdaq,Y,N,N
CDLR,Cadeler A/S American Depositary Share (each representing four (4) Ordinary Shares),N,NYSE,N,N,
CDLX,"Cardlytics, Inc. - Common Stock",Q,Nasdaq,N,N,N
CDNA,"CareDx, Inc. - Common Stock",Q,Nasdaq,N,N,N
CDNG,Leverage Shares 2X Long CDNS Daily ETF,Z,Cboe BZX,Y,N,
CDNL,Cardinal Infrastructure Group Inc. - Class A Common Stock,Q,Nasdaq,N,N,N
CDNS,"Cadence Design Systems, Inc. - Common Stock",Q,Nasdaq,N,N,N
CDP,COPT Defense Properties Common Shares of Beneficial Interest,N,NYSE,N,N,
CDPI,Columbia High Dividend Premium Income ETF,P,NYSE Arca,Y,N,
CDR$B,"Cedar Realty Trust, Inc. 7.25% Series B Cumulative Redeemable Preferred Stock",N,NYSE,N,N,
CDR$C,"Cedar Realty Trust, Inc. 6.50% Series C Cumulative Redeemable Preferred Stock",N,NYSE,N,N,
CDRE,"Cadre Holdings, Inc. Common Stock",N,NYSE,N,N,
CDRO,"Codere Online Luxembourg, S.A. - Ordinary Shares",Q,Nasdaq,N,N,N
CDROW,"Codere Online Luxembourg, S.A. - Warrants",Q,Nasdaq,N,N,N
CDT,CDT Equity Inc. - Common Stock,Q,Nasdaq,N,N,E
CDTG,CDT Environmental Technology Investment Holdings Limited - ordinary shares,Q,Nasdaq,N,N,N
CDTTW,CDT Equity Inc. - Warrant,Q,Nasdaq,N,N,E
CDW,CDW Corporation - Common Stock,Q,Nasdaq,N,N,N
CDX,Simplify High Yield ETF,P,NYSE Arca,Y,N,
CDXS,"Codexis, Inc. - Common Stock",Q,Nasdaq,N,N,N
CDZI,"Cadiz, Inc. - Common Stock",Q,Nasdaq,N,N,N
CDZIP,"Cadiz, Inc. - Depositary Shares",Q,Nasdaq,N,N,N
CE,Celanese Corporation Common Stock,N,NYSE,N,N,
CECO,CECO Environmental Corp. - Common Stock,Q,Nasdaq,N,N,N
CEE,"The Central and Eastern Europe Fund, Inc. (The) Common Stock",N,NYSE,N,N,
CEF,Sprott Physical Gold and Silver Trust Units,P,NYSE Arca,Y,N,
CEFA,Global X S&P Catholic Values Developed ex-U.S. ETF,Q,Nasdaq,Y,N,N
CEFD,ETRACS Monthly Pay 1.5X Leveraged Closed-End Fund Index ETN,P,NYSE Arca,Y,N,
CEFS,Saba Closed-End Funds ETF,Z,Cboe BZX,Y,N,
CEFZ,RiverNorth Active Income ETF,Z,Cboe BZX,Y,N,
CEG,Constellation Energy Corporation - Common Stock When-Issued,Q,Nasdaq,N,N,N
CEGX,Tradr 2X Long CEG Daily ETF,Z,Cboe BZX,Y,N,
CELC,Celcuity Inc. - Common Stock,Q,Nasdaq,N,N,N
CELG.R,Bristol-Myers Squibb Company Celegne Contingent Value Rights,N,NYSE,N,N,
CELH,"Celsius Holdings, Inc. - Common Stock",Q,Nasdaq,N,N,N
CELU,Celularity Inc. - Class A Common Stock,Q,Nasdaq,N,N,H
CELUW,Celularity Inc. - Warrant,Q,Nasdaq,N,N,H
CELZ,"Creative Medical Technology Holdings, Inc. - Common Stock",Q,Nasdaq,N,N,N
CEMB,iShares J.P. Morgan EM Corporate Bond ETF,Z,Cboe BZX,Y,N,
CENN,Cenntro Inc. - Common Stock,Q,Nasdaq,N,N,N
CENT,Central Garden & Pet Company - Common Stock,Q,Nasdaq,N,N,N
CENTA,Central Garden & Pet Company - Class A Common Stock Nonvoting,Q,Nasdaq,N,N,N
CENX,Century Aluminum Company - Common Stock,Q,Nasdaq,N,N,N
CEPF,"Cantor Equity Partners IV, Inc. - Class A Ordinary Shares",Q,Nasdaq,N,N,N
CEPI,REX Crypto Equity Premium Income ETF,Q,Nasdaq,Y,N,N
CEPL,"Capstone Energy Plus, Inc. - Common Stock",Q,Nasdaq,N,N,N
CEPO,"Cantor Equity Partners I, Inc. - Class A Ordinary Shares",Q,Nasdaq,N,N,N
CEPS,"Cantor Equity Partners VI, Inc. - Class A Ordinary Shares",Q,Nasdaq,N,N,N
CEPU,Central Puerto S.A. American Depositary Shares (each represents ten Common Shares),N,NYSE,N,N,
CEPV,"Cantor Equity Partners V, Inc. - Class A Ordinary Shares",Q,Nasdaq,N,N,N
CERS,Cerus Corporation - Common Stock,Q,Nasdaq,N,N,N
CERT,"Certara, Inc. - Common Stock",Q,Nasdaq,N,N,N
CERY,State Street SPDR Bloomberg Enhanced Roll Yield Commodity Strategy No K-1 ETF,P,NYSE Arca,Y,N,
CET,Central Securities Corporation Common Stock,A,NYSE American,N,N,
CETX,Cemtrex Inc. - Common Stock,Q,Nasdaq,N,N,N
CETY,"Clean Energy Technologies, Inc. - Common Stock",Q,Nasdaq,N,N,E
CEV,Eaton Vance California Municipal Income Trust Shares of Beneficial Interest,A,NYSE American,N,N,
CEVA,"CEVA, Inc. - Common Stock",Q,Nasdaq,N,N,N
CEW,WisdomTree Emerging Currency Strategy Fund,P,NYSE Arca,Y,N,
CF,"CF Industries Holdings, Inc. Common Stock",N,NYSE,N,N,
CFA,VictoryShares US 500 Volatility Wtd ETF,Q,Nasdaq,Y,N,N
CFBK,CF Bankshares Inc. - Common Stock,Q,Nasdaq,N,N,N
CFFI,C&F Financial Corporation - Common Stock,Q,Nasdaq,N,N,N
CFFN,"Capitol Federal Financial, Inc. - Common Stock",Q,Nasdaq,N,N,N
CFG,"Citizens Financial Group, Inc. Common Stock",N,NYSE,N,N,
CFG$E,"Citizens Financial Group, Inc. Depositary Shares Each Representing 1/40th Interest in a Share of 5.000% Fixed-Rate Non-Cumulative Perpetual Preferred Stock, Series E",N,NYSE,N,N,
CFG$H,"Citizens Financial Group, Inc. Depositary Shares Each Representing a 1/40th Interest in a Share of 7.375% Fixed-Rate Non-Cumulative Perpetual Preferred Stock, Series H",N,NYSE,N,N,
CFG$I,"Citizens Financial Group, Inc. Depositary Shares, Each Representing a 1/40th Interest in a Share of 6.500% Fixed-Rate Reset Non-Cumulative Perpetual Preferred Stock, Series I",N,NYSE,N,N,
CFIT,Cambria Fixed Income Trend ETF,Z,Cboe BZX,Y,N,
CFND,C1 Fund Inc. Common Stock,N,NYSE,N,N,
CFO,VictoryShares US 500 Enhanced Volatility Wtd ETF,Q,Nasdaq,Y,N,N
CFR,"Cullen/Frost Bankers, Inc. Common Stock",N,NYSE,N,N,
CFR$B,"Cullen/Frost Bankers, Inc. Depositary Shares, each representing a 1/40th ownership interest in a share of 4.450% non-cumulative perpetual preferred stock, Series B",N,NYSE,N,N,
CFTR$A,"Cantor Fitzgerald Income Trust, Inc. 9.50% Series A Cumulative Redeemable Preferred Stock",N,NYSE,N,N,
CG,The Carlyle Group Inc. - Common Stock,Q,Nasdaq,N,N,N
CGABL,The Carlyle Group Inc. - 4.625% Subordinated Notes due 2061,Q,Nasdaq,N,N,N
CGAU,Centerra Gold Inc. Common Shares,N,NYSE,N,N,
CGBD,"Carlyle Secured Lending, Inc. - Closed End Fund",Q,Nasdaq,N,N,N
CGBL,Capital Group Core Balanced ETF,P,NYSE Arca,Y,N,
CGC,Canopy Growth Corporation - Common Shares,Q,Nasdaq,N,N,N
CGCB,Capital Group Core Bond ETF,P,NYSE Arca,Y,N,
CGCFU,Cartesian Growth Corporation IV - Units,Q,Nasdaq,N,N,N
CGCP,Capital Group Core Plus Income ETF,P,NYSE Arca,Y,N,
CGCV,Capital Group Conservative Equity ETF,P,NYSE Arca,Y,N,
CGDG,Capital Group Dividend Growers ETF,P,NYSE Arca,Y,N,
CGDV,Capital Group Dividend Value ETF,P,NYSE Arca,Y,N,
CGEM,"Cullinan Therapeutics, Inc. - Common Stock",Q,Nasdaq,N,N,N
CGEN,Compugen Ltd. - Ordinary Shares,Q,Nasdaq,N,N,N
CGGE,Capital Group Global Equity ETF,P,NYSE Arca,Y,N,
CGGG,Capital Group U.S. Large Growth ETF,P,NYSE Arca,Y,N,
CGGO,Capital Group Global Growth Equity ETF,P,NYSE Arca,Y,N,
CGGR,Capital Group Growth ETF,P,NYSE Arca,Y,N,
CGHM,Capital Group Municipal High-Income ETF,P,NYSE Arca,Y,N,
CGHY,Capital Group High Yield Bond ETF,P,NYSE Arca,Y,N,
CGIB,Capital Group International Bond ETF (USD-Hedged),P,NYSE Arca,Y,N,
CGIC,Capital Group International Core Equity ETF,P,NYSE Arca,Y,N,
CGIE,Capital Group International Equity ETF,P,NYSE Arca,Y,N,
CGMM,Capital Group U.S. Small and Mid Cap ETF,P,NYSE Arca,Y,N,
CGMS,Capital Group U.S. Multi-Sector Income ETF,P,NYSE Arca,Y,N,
CGMU,Capital Group Municipal Income ETF,P,NYSE Arca,Y,N,
CGNG,Capital Group New Geography Equity ETF,P,NYSE Arca,Y,N,
CGNT,Cognyte Software Ltd. - Ordinary Shares,Q,Nasdaq,N,N,N
CGNX,Cognex Corporation - Common Stock,Q,Nasdaq,N,N,N
CGO,Calamos Global Total Return Fund - Closed End Fund,Q,Nasdaq,N,N,N
CGON,"CG Oncology, Inc. - Common stock",Q,Nasdaq,N,N,N
CGOV,Corgi 0-3 Month T-Bill ETF,Z,Cboe BZX,Y,N,
CGRO,CoreValues Alpha Greater China Growth ETF,P,NYSE Arca,Y,N,
CGSD,Capital Group Short Duration Income ETF,P,NYSE Arca,Y,N,
CGSM,Capital Group Short Duration Municipal Income ETF,P,NYSE Arca,Y,N,
CGTL,Creative Global Technology Holdings Limited - Class A Ordinary Shares,Q,Nasdaq,N,N,D
CGTX,"Cognition Therapeutics, Inc. - Common Stock",Q,Nasdaq,N,N,N
CGUI,Capital Group Ultra Short Income ETF,P,NYSE Arca,Y,N,
CGUS,Capital Group Core Equity ETF,P,NYSE Arca,Y,N,
CGV,Conductor Global Equity Value ETF,N,NYSE,Y,N,
CGVV,Capital Group U.S. Large Value ETF,P,NYSE Arca,Y,N,
CGW,Invesco S&P Global Water Index ETF,P,NYSE Arca,Y,N,
CGXU,Capital Group International Focus Equity ETF,P,NYSE Arca,Y,N,
CHA,"Chagee Holdings Limited - American Depositary Shares, each representing 1 Class A ordinary share",Q,Nasdaq,N,N,N
CHAI,"Core AI Holdings, Inc. - Common Shares",Q,Nasdaq,N,N,N
CHAR,Charlton Aria Acquisition Corporation - Class A Ordinary Shares,Q,Nasdaq,N,N,N
CHARR,Charlton Aria Acquisition Corporation - Rights,Q,Nasdaq,N,N,N
CHARU,Charlton Aria Acquisition Corporation - Units,Q,Nasdaq,N,N,N
CHAT,Roundhill Generative AI & Technology ETF,P,NYSE Arca,Y,N,
CHAU,Direxion Daily CSI 300 China A Share Bull 2X ETF,P,NYSE Arca,Y,N,
CHCI,"Comstock Holding Companies, Inc. - Class A Common Stock",Q,Nasdaq,N,N,N
CHCO,City Holding Company - Common Stock,Q,Nasdaq,N,N,N
CHCT,Community Healthcare Trust Incorporated Common Stock,N,NYSE,N,N,
CHD,"Church & Dwight Company, Inc. Common Stock",N,NYSE,N,N,
CHDN,"Churchill Downs, Incorporated - Common Stock",Q,Nasdaq,N,N,N
CHE,Chemed Corp,N,NYSE,N,N,
CHEC,Chenghe Acquisition III Co. - Class A Ordinary Shares,Q,Nasdaq,N,N,N
CHECU,Chenghe Acquisition III Co. - Units,Q,Nasdaq,N,N,N
CHECW,Chenghe Acquisition III Co. - Warrants,Q,Nasdaq,N,N,N
CHEF,"The Chefs' Warehouse, Inc. - Common Stock",Q,Nasdaq,N,N,N
CHGG,"Chegg, Inc. Common Stock",N,NYSE,N,N,
CHGX,Stance Sustainable Beta ETF,Q,Nasdaq,Y,N,N
CHH,"Choice Hotels International, Inc. Common Stock",N,NYSE,N,N,
CHI,Calamos Convertible Opportunities and Income Fund - Closed End Fund,Q,Nasdaq,N,N,N
CHIQ,Global X MSCI China Consumer Discretionary ETF,P,NYSE Arca,Y,N,
CHKP,Check Point Software Technologies Ltd. - Ordinary Shares,Q,Nasdaq,N,N,N
CHMG,Chemung Financial Corp  - Common Stock,Q,Nasdaq,N,N,N
CHMI,Cherry Hill Mortgage Investment Corporation Common Stock,N,NYSE,N,N,
CHMI$A,Cherry Hill Mortgage Investment Corporation 8.20% Series A Cumulative Redeemable Preferred Stock,N,NYSE,N,N,
CHMI$B,Cherry Hill Mortgage Investment Corporation 8.250% Series B Fixed-to-Floating Rate Cumulative Redeemable Preferred Stock,N,NYSE,N,N,
CHNL,Chainlink ETF,Z,Cboe BZX,Y,N,
CHNR,"China Natural Resources, Inc. - Common Shares",Q,Nasdaq,N,N,N
CHNU,2x Chainlink ETF,Z,Cboe BZX,Y,N,
CHOW,ChowChow Cloud International Holdings Limited Ordinary Shares,A,NYSE American,N,N,
CHPG,ChampionsGate Acquisition Corporation - Class A Ordinary Share,Q,Nasdaq,N,N,N
CHPGR,ChampionsGate Acquisition Corporation - Rights,Q,Nasdaq,N,N,N
CHPGU,ChampionsGate Acquisition Corporation - Unit,Q,Nasdaq,N,N,N
CHPS,Xtrackers Semiconductor Select Equity ETF,Q,Nasdaq,Y,N,N
CHPT,"ChargePoint Holdings, Inc. Common Stock",N,NYSE,N,N,
CHPX,Global X AI Semiconductor & Quantum ETF,Q,Nasdaq,Y,N,N
CHPY,YieldMax Semiconductor Portfolio Option Income ETF,P,NYSE Arca,Y,N,
CHR,"Cheer Holding, Inc.  - Class A Ordinary Share",Q,Nasdaq,N,N,N
CHRD,Chord Energy Corporation - Common Stock,Q,Nasdaq,N,N,N
CHRI,Global X S&P 500 Christian Values ETF,Q,Nasdaq,Y,N,N
CHRN,ChronoScale Holdings Corporation - Common Stock,Q,Nasdaq,N,N,N
CHRS,"Coherus Oncology, Inc. - Common Stock",Q,Nasdaq,N,N,N
CHRW,"C.H. Robinson Worldwide, Inc. - Common Stock",Q,Nasdaq,N,N,N
CHSCL,"CHS Inc - Class B Cumulative Redeemable Preferred Stock, Series 4",Q,Nasdaq,N,N,N
CHSCM,"CHS Inc - Class B Reset Rate Cumulative Redeemable Preferred Stock, Series 3",Q,Nasdaq,N,N,N
CHSCN,CHS Inc - Preferred Class B Series 2 Reset Rate,Q,Nasdaq,N,N,N
CHSCO,CHS Inc - Class B Cumulative Redeemable Preferred Stock,Q,Nasdaq,N,N,N
CHSCP,CHS Inc - 8%  Cumulative Redeemable Preferred Stock,Q,Nasdaq,N,N,N
CHSN,Chanson International Holding - Class A Ordinary Shares,Q,Nasdaq,N,N,N
CHT,"Chunghwa Telecom Co., Ltd.",N,NYSE,N,N,
CHTR,"Charter Communications, Inc. - Class A Common Stock",Q,Nasdaq,N,N,N
CHW,Calamos Global Dynamic Income Fund - Closed End Fund,Q,Nasdaq,N,N,N
CHWY,"Chewy, Inc. Class A Common Stock",N,NYSE,N,N,
CHY,Calamos Convertible and High Income Fund - Closed End Fund,Q,Nasdaq,N,N,N
CHYG,Corgi 0-5 Year High Yield Corporate Bond ETF,Z,Cboe BZX,Y,N,
CHYM,"Chime Financial, Inc. - Class A Common Stock",Q,Nasdaq,N,N,N
CI,The Cigna Group Common Stock,N,NYSE,N,N,
CIA,"Citizens, Inc. Class A Common Stock ($1.00 Par)",N,NYSE,N,N,
CIB,Grupo Cibest S.A. American Depositary Shares each representing four Preferred Shares,N,NYSE,N,N,
CIBR,First Trust NASDAQ Cybersecurity ETF,Q,Nasdaq,Y,N,N
CICB,CION Investment Corporation 7.50% Notes due 2029,N,NYSE,N,N,
CICC,CION Investment Corporation 7.50% Notes due 2031,N,NYSE,N,N,
CIEG,Leverage Shares 2X Long CIEN Daily ETF,Z,Cboe BZX,Y,N,
CIEI,Corgi 3-7 Year Treasury Bond ETF,Z,Cboe BZX,Y,N,
CIEN,Ciena Corporation Common Stock,N,NYSE,N,N,
CIEX,Tradr 2X Long CIEN Daily ETF,Z,Cboe BZX,Y,N,
CIFC,Corgi CIFR 2x Daily ETF,Z,Cboe BZX,Y,N,
CIFG,Leverage Shares 2X Long CIFR Daily ETF,Q,Nasdaq,Y,N,N
CIFR,Cipher Digital Inc. - Common Stock,Q,Nasdaq,N,N,N
CIFU,T-REX 2X Long CIFR Daily Target ETF,Z,Cboe BZX,Y,N,
CIG,Comp En De Mn Cemig ADS American Depositary Shares,N,NYSE,N,N,
CIG.C,Comp En De Mn Cemig ADS American Depositary Receipts,N,NYSE,N,N,
CIGI,Colliers International Group Inc.  - Subordinate Voting Shares,Q,Nasdaq,N,N,N
CII,"BlackRock Enhanced Large Cap Core Fund, Inc. Common Stock",N,NYSE,N,N,
CIIT,"Tianci International, Inc. - Common Stock",Q,Nasdaq,N,N,N
CIK,"Credit Suisse Asset Management Income Fund, Inc. Common Stock",A,NYSE American,N,N,
CIM,Chimera Investment Corporation Common Stock,N,NYSE,N,N,
CIM$A,Chimera Investment Corporation 8.00% Series A Cumulative Redeemable Preferred Stock,N,NYSE,N,N,
CIM$B,Chimera Investment Corporation 8.00% Series B Fixed-to-Floating Rate Cumulative Redeemable Preferred Stock,N,NYSE,N,N,
CIM$C,Chimera Investment Corporation 7.75% Series C Fixed-to-Floating Rate  Cumulative Redeemable  Preferred Stock,N,NYSE,N,N,
CIM$D,Chimera Investment Corporation 8.00% Series D Fixed-to-Floating Rate Cumulative Redeemable Preferred Stock,N,NYSE,N,N,
CIMN,Chimera Investment Corporation 9.000% Senior Notes due 2029,N,NYSE,N,N,
CIMO,Chimera Investment Corporation 9.250% Senior Notes due 2029,N,NYSE,N,N,
CIMP,Chimera Investment Corporation 8.875% Senior Notes due 2030,N,NYSE,N,N,
CINF,Cincinnati Financial Corporation - Common Stock,Q,Nasdaq,N,N,N
CING,Cingulate Inc. - Common Stock,Q,Nasdaq,N,N,N
CINGW,Cingulate Inc. - Warrants,Q,Nasdaq,N,N,N
CINT,CI&T Inc Class A Common Shares,N,NYSE,N,N,
CION,CION Investment Corporation Common Stock,N,NYSE,N,N,
CIR,Corgi CRCL 2x Daily ETF,Z,Cboe BZX,Y,N,
CIRC,"Circle8 Group, Inc. - Common Stock",Q,Nasdaq,N,N,N
CISO,"CISO Global, Inc. - Common Stock",Q,Nasdaq,N,N,D
CISS,C3is Inc. - Common Stock,Q,Nasdaq,N,N,N
CITR,CitroTech Inc. Common Stock,A,NYSE American,N,N,
CIVB,"Civista Bancshares, Inc.  - Common Stock",Q,Nasdaq,N,N,N
CIVG,Corgi 1-5 Year Investment Grade Corporate Bond ETF,Z,Cboe BZX,Y,N,
CIX,CompX International Inc. Common Stock,A,NYSE American,N,N,
CJMB,Callan JMB Inc. - Common Stock,Q,Nasdaq,N,N,D
CJUL,Corgi U.S. Equities 15% Structured Buffer ETF - July Series,Z,Cboe BZX,Y,N,
CJUN,Corgi U.S. Equities 15% Structured Buffer ETF - June Series,Z,Cboe BZX,Y,N,
CKX,"CKX Lands, Inc. Common Stock",A,NYSE American,N,N,
CL,Colgate-Palmolive Company Common Stock,N,NYSE,N,N,
CLAR,Clarus Corporation - Common Stock,Q,Nasdaq,N,N,N
CLB,Core Laboratories Inc. Common Stock,N,NYSE,N,N,
CLBK,"Columbia Financial, Inc. - Common Stock",Q,Nasdaq,N,N,N
CLBR,Colombier Acquisition Corp. III Class A Ordinary Shares,N,NYSE,N,N,
CLBR.U,"Colombier Acquisition Corp. III Units, each consisting of one Class A ordinary share and one-eighth of one warrant",N,NYSE,N,N,
CLBR.W,"Colombier Acquisition Corp. III Warrants, each whole warrant exercisable for one Class A ordinary share at an exercise price of $11.50 per share",N,NYSE,N,N,
CLBT,Cellebrite DI Ltd. - Ordinary Shares,Q,Nasdaq,N,N,N
CLCG,Crossmark Large Cap Growth ETF,P,NYSE Arca,Y,N,
CLCV,Crossmark Large Cap Value ETF,P,NYSE Arca,Y,N,
CLDI,"Calidi Biotherapeutics, Inc. Common Stock",A,NYSE American,N,N,
CLDT,Chatham Lodging Trust (REIT) Common Shares of Beneficial Interest,N,NYSE,N,N,
CLDT$A,Chatham Lodging Trust (REIT) 6.625% Series A Cumulative Redeemable Preferred Shares of Beneficial Interest,N,NYSE,N,N,
CLDX,"Celldex Therapeutics, Inc. - Common Stock",Q,Nasdaq,N,N,N
CLF,Cleveland-Cliffs Inc. Common Stock,N,NYSE,N,N,
CLFD,"Clearfield, Inc. - Common Stock",Q,Nasdaq,N,N,N
CLGN,CollPlant Biotechnologies Ltd. - Ordinary Shares,Q,Nasdaq,N,N,D
CLH,"Clean Harbors, Inc. Common Stock",N,NYSE,N,N,
CLIK,Click Holdings Limited - Ordinary Share,Q,Nasdaq,N,N,N
CLIM,Climate Global - Climate Resilient REIT Index ETF,P,NYSE Arca,Y,N,
CLIP,Global X 1-3 Month T-Bill ETF,P,NYSE Arca,Y,N,
CLIR,ClearSign Technologies Corporation - Common Stock,Q,Nasdaq,N,N,N
CLIX,ProShares Long Online/Short Stores ETF,P,NYSE Arca,Y,N,
CLLS,Cellectis S.A. - American Depositary Shares,Q,Nasdaq,N,N,N
CLM,"Cornerstone Strategic Investment Fund, Inc. Common Shares",A,NYSE American,N,N,
CLMB,"Climb Global Solutions, Inc. - Common Stock",Q,Nasdaq,N,N,N
CLMT,"Calumet, Inc - Common Stock",Q,Nasdaq,N,N,N
CLNE,Clean Energy Fuels Corp. - Common Stock,Q,Nasdaq,N,N,N
CLNK,Common Shares of Beneficial Interest of Bitwise Chainlink ETF,P,NYSE Arca,Y,N,
CLNN,Clene Inc. - Common Stock,Q,Nasdaq,N,N,N
CLOA,iShares AAA CLO Active ETF,Q,Nasdaq,Y,N,N
CLOB,VanEck AA-BB CLO ETF,P,NYSE Arca,Y,N,
CLOC,AAM Crescent CLO ETF,P,NYSE Arca,Y,N,
CLOD,Themes Cloud Computing ETF,Q,Nasdaq,Y,N,N
CLOI,VanEck CLO ETF,P,NYSE Arca,Y,N,
CLOO,NYLI Investment Grade CLO ETF,P,NYSE Arca,Y,N,
CLOU,Global X Cloud Computing ETF,Q,Nasdaq,Y,N,N
CLOV,"Clover Health Investments, Corp.  - Class A Common stock",Q,Nasdaq,N,N,N
CLOX,Eldridge AAA CLO ETF,P,NYSE Arca,Y,N,
CLOZ,Eldridge BBB-B CLO ETF,P,NYSE Arca,Y,N,
CLPR,Clipper Realty Inc. Common Stock,N,NYSE,N,N,
CLPS,CLPS Incorporation - Common Stock,Q,Nasdaq,N,N,D
CLPT,ClearPoint Neuro Inc. - Common Stock,Q,Nasdaq,N,N,N
CLRB,"Cellectar Biosciences, Inc. - Common Stock",Q,Nasdaq,N,N,N
CLRO,"ClearOne, Inc. - Common Stock",Q,Nasdaq,N,N,D
CLS,"Celestica, Inc. Common Stock",N,NYSE,N,N,
CLSE,Convergence Long/Short Equity ETF,Z,Cboe BZX,Y,N,
CLSK,"CleanSpark, Inc. - Common Stock",Q,Nasdaq,N,N,N
CLSKW,"CleanSpark, Inc. - Warrant",Q,Nasdaq,N,N,N
CLSM,ETC Cabana Target Leading Sector Moderate ETF,Q,Nasdaq,Y,N,N
CLST,"Catalyst Bancorp, Inc. - common stock",Q,Nasdaq,N,N,N
CLSX,Tradr 2X Long CLSK Daily ETF,Z,Cboe BZX,Y,N,
CLUB,Billionaires Club ETF,P,NYSE Arca,Y,N,
CLVT,Clarivate Plc Ordinary Shares,N,NYSE,N,N,
CLW,Clearwater Paper Corporation Common Stock,N,NYSE,N,N,
CLWT,Euro Tech Holdings Company Limited - Ordinary Shares,Q,Nasdaq,N,N,N
CLX,Clorox Company (The) Common Stock,N,NYSE,N,N,
CLYM,"Climb Bio, Inc. - Common Stock",Q,Nasdaq,N,N,N
CM,Canadian Imperial Bank of Commerce Common Stock,N,NYSE,N,N,
CMAG,Corgi Mag 7 ETF,Z,Cboe BZX,Y,N,
CMAY,Corgi U.S. Equities 15% Structured Buffer ETF - May Series,Z,Cboe BZX,Y,N,
CMBO,Wayfinder Dynamic U.S. Interest Rate ETF,Q,Nasdaq,Y,N,N
CMBS,iShares CMBS Bond ETF,P,NYSE Arca,Y,N,
CMBT,CMB.TECH NV Ordinary Shares,N,NYSE,N,N,
CMC,Commercial Metals Company Common Stock,N,NYSE,N,N,
CMCI,VanEck CMCI Commodity Strategy ETF,Z,Cboe BZX,Y,N,
CMCL,Caledonia Mining Corporation Plc Common Shares,A,NYSE American,N,N,
CMCM,"Cheetah Mobile Inc. American Depositary Shares, each representing fifty (50) Class A Ordinary Shares",N,NYSE,N,N,
CMCO,Columbus McKinnon Corporation - Common Stock,Q,Nasdaq,N,N,N
CMCSA,Comcast Corporation - Class A Common Stock,Q,Nasdaq,N,N,N
CMCT,Creative Media  - Common Stock,Q,Nasdaq,N,N,N
CMDB,Costamare Bulkers Holdings Limited Common Stock,N,NYSE,N,N,
CMDT,PIMCO Commodity Strategy Active Exchange-Traded Fund,P,NYSE Arca,Y,N,
CMDY,iShares Bloomberg Roll Select Commodity Strategy ETF,P,NYSE Arca,Y,N,
CME,CME Group Inc. - Class A Common Stock,Q,Nasdaq,N,N,N
CMF,iShares California Muni Bond ETF,P,NYSE Arca,Y,N,
CMG,"Chipotle Mexican Grill, Inc. Common Stock",N,NYSE,N,N,
CMGG,Leverage Shares 2X Long CMG Daily ETF,Q,Nasdaq,Y,N,N
CMI,Cummins Inc. Common Stock,N,NYSE,N,N,
CMII,Columbus Circle Capital Corp II - Class A Ordinary Shares,Q,Nasdaq,N,N,N
CMIIU,Columbus Circle Capital Corp II - Unit,Q,Nasdaq,N,N,N
CMIIW,Columbus Circle Capital Corp II - Warrant,Q,Nasdaq,N,N,N
CMMB,Chemomab Therapeutics Ltd.  - American Depositary Shares,Q,Nasdaq,N,N,N
CMND,Clearmind Medicine Inc. - Common Shares,Q,Nasdaq,N,N,N
CMP,Compass Minerals Intl Inc Common Stock,N,NYSE,N,N,
CMPR,Cimpress plc - Ordinary Shares,Q,Nasdaq,N,N,N
CMPS,COMPASS Pathways Plc - American Depository Shares,Q,Nasdaq,N,N,N
CMPX,"Compass Therapeutics, Inc. - Common Stock",Q,Nasdaq,N,N,N
CMRC,"Commerce.com, Inc. - Series 1 Common Stock",Q,Nasdaq,N,N,N
CMRE,Costamare Inc. Common Stock $0.0001 par value,N,NYSE,N,N,
CMRE$B,Costamare Inc. Perpetual Preferred Stock Series B (Marshall Islands),N,NYSE,N,N,
CMRE$C,Costamare Inc. Perpetual Preferred Series C (Marshall Islands),N,NYSE,N,N,
CMRE$D,Costamare Inc. 8.75% Series D Cumulative Redeemable Perpetual Preferred Stock,N,NYSE,N,N,
CMS,CMS Energy Corporation Common Stock,N,NYSE,N,N,
CMS$B,CMS Energy Corporation Preferred Stock,N,NYSE,N,N,
CMS$C,"CMS Energy Corporation Depositary Shares, each representing a 1/1,000th interest in a share of 4.200% Cumulative Redeemable Perpetual Preferred Stock, Series C",N,NYSE,N,N,
CMSA,CMS Energy Corporation 5.625% Junior Subordinated Notes due 2078,N,NYSE,N,N,
CMSC,CMS Energy Corporation 5.875% Junior Subordinated Notes due 2078,N,NYSE,N,N,
CMSD,CMS Energy Corporation 5.875% Junior Subordinated Notes due 2079,N,NYSE,N,N,
CMT,Core Molding Technologies Inc Common Stock,A,NYSE American,N,N,
CMTG,"Claros Mortgage Trust, Inc. Common Stock",N,NYSE,N,N,
CMTL,Comtech Telecommunications Corp. - Common Stock,Q,Nasdaq,N,N,N
CMTV,Community Bancorp.  - Common stock,Q,Nasdaq,N,N,N
CNA,CNA Financial Corporation Common Stock,N,NYSE,N,N,
CNAV,Mohr Company Nav ETF,Z,Cboe BZX,Y,N,
CNBS,Amplify Seymour Cannabis ETF,P,NYSE Arca,Y,N,
CNC,Centene Corporation Common Stock,N,NYSE,N,N,
CNCG,Leverage Shares 2X Long CNC Daily ETF,Q,Nasdaq,Y,N,N
CNCK,Coincheck Group N.V. - Ordinary Shares,Q,Nasdaq,N,N,N
CNCKW,Coincheck Group N.V. - Warrants,Q,Nasdaq,N,N,N
CNDT,Conduent Incorporated - Common Stock,Q,Nasdaq,N,N,N
CNEQ,Alger Concentrated Equity ETF,P,NYSE Arca,Y,N,
CNET,ZW Data Action Technologies Inc. - Common Stock,Q,Nasdaq,N,N,D
CNEY,CN Energy Group Inc. - Class A Ordinary Shares,Q,Nasdaq,N,N,N
CNF,"CNFinance Holdings Limited American Depositary Shares, each representing two hundred (200) Ordinary Shares",N,NYSE,N,N,
CNH,CNH Industrial N.V. Common Shares,N,NYSE,N,N,
CNI,Canadian National Railway Company Common Stock,N,NYSE,N,N,
CNK,"Cinemark Holdings Inc Cinemark Holdings, Inc. Common Stock",N,NYSE,N,N,
CNL,Collective Mining Ltd. Common Shares,A,NYSE American,N,N,
CNM,"Core & Main, Inc. Class A Common Stock",N,NYSE,N,N,
CNMD,CONMED Corporation Common Stock,N,NYSE,N,N,
CNNE,"Cannae Holdings, Inc. Common Stock",N,NYSE,N,N,
CNO,"CNO Financial Group, Inc. Common Stock",N,NYSE,N,N,
CNO$A,"CNO Financial Group, Inc. 5.125% Subordinated Debentures due 2060",N,NYSE,N,N,
CNOB,"ConnectOne Bancorp, Inc. - Common Stock",Q,Nasdaq,N,N,N
CNOBP,"ConnectOne Bancorp, Inc. - Depositary Shares (each representing a 1/40th interest in a share of 5.25% Fixed-Rate Reset Non-Cumulative Perpetual Preferred Stock, Series A, par value $0.00 per share)",Q,Nasdaq,N,N,N
CNP,"CenterPoint Energy, Inc (Holding Co) Common Stock",N,NYSE,N,N,
CNQ,Canadian Natural Resources Limited Common Stock,N,NYSE,N,N,
CNQQ,Rayliant-ChinaAMC Transformative China Tech ETF,Q,Nasdaq,Y,N,N
CNR,"Core Natural Resources, Inc. Common Stock",N,NYSE,N,N,
CNRG,State Street SPDR S&P Kensho Clean Power ETF,P,NYSE Arca,Y,N,
CNS,Cohen & Steers Inc Common Stock,N,NYSE,N,N,
CNSP,"CNS Pharmaceuticals, Inc. - Common Stock",Q,Nasdaq,N,N,N
CNTB,Connect Biopharma Holdings Limited - Ordinary Shares,Q,Nasdaq,N,N,N
CNTN,"Canton Strategic Holdings, Inc. - Common Stock",Q,Nasdaq,N,N,N
CNTX,Context Therapeutics Inc. - Common Stock,Q,Nasdaq,N,N,N
CNTY,"Century Casinos, Inc. - Common Stock",Q,Nasdaq,N,N,N
CNVS,Cineverse Corp. - Class A Common Stock,Q,Nasdaq,N,N,N
CNX,CNX Resources Corporation Common Stock,N,NYSE,N,N,
CNXC,Concentrix Corporation - Common Stock,Q,Nasdaq,N,N,N
CNXN,"PC Connection, Inc. - Common Stock",Q,Nasdaq,N,N,N
CNXT,VanEck ChiNext Innovators ETF,P,NYSE Arca,Y,N,
CNXU,Conexeu Sciences Inc. - Common Stock,Q,Nasdaq,N,N,N
CNYA,iShares MSCI China A ETF,Z,Cboe BZX,Y,N,
COAG,"Hemab Therapeutics Holdings, Inc. - Common Stock",Q,Nasdaq,N,N,N
COAL,Range Global Coal Index ETF,P,NYSE Arca,Y,N,
COCH,"Envoy Medical, Inc. - Class A Common Stock",Q,Nasdaq,N,N,D
COCHW,"Envoy Medical, Inc. - Warrant",Q,Nasdaq,N,N,N
COCO,"The Vita Coco Company, Inc. - Common Stock",Q,Nasdaq,N,N,N
COCP,"Cocrystal Pharma, Inc. - Common Stock",Q,Nasdaq,N,N,N
CODA,"Coda Octopus Group, Inc. - Common stock",Q,Nasdaq,N,N,N
CODI,D/B/A Compass Diversified Holdings Shares of Beneficial Interest,N,NYSE,N,N,
CODI$A,Compass Diversified Holdings 7.250% Series A Preferred Shares representing beneficial interest in Compass Diversified Holdings,N,NYSE,N,N,
CODI$B,Compass Diversified Holdings 7.875% Series B Fixed-to-Floating Rate Cumulative Preferred Shares representing beneficial interests in Compass Diversified Holdings,N,NYSE,N,N,
CODI$C,Compass Diversified Holdings 7.875% Series C Cumulative Preferred Shares,N,NYSE,N,N,
CODX,"Co-Diagnostics, Inc. - Common Stock",Q,Nasdaq,N,N,N
COE,"51Talk Online Education Group American depositary shares, each representing 60 Class A ordinary shares",A,NYSE American,N,N,
COF,Capital One Financial Corporation Common Stock,N,NYSE,N,N,
COF$I,"Capital One Financial Corporation Depositary shares each representing a 1/40th interest in a share of Fixed Rate Non-Cumulative Perpetual Preferred Stock, Series I of the Issuer",N,NYSE,N,N,
COF$J,"Capital One Financial Corporation Depositary Shares, Each Representing a 1/40th Interest in a Share of Fixed Rate Non- Cumulative Perpetual Preferred Stock, Series J",N,NYSE,N,N,
COF$K,"Capital One Financial Corporation Depositary Shares, Each Representing a 1/40th Ownership Interest in a Share of Fixed Rate Non-Cumulative Perpetual Preferred Stock, Series K",N,NYSE,N,N,
COF$L,"Capital One Financial Corporation Depositary Shares, Each Representing a 1/40th Interest in a Share of Fixed Rate Non-Cumulative Perpetual Preferred Stock, Series L",N,NYSE,N,N,
COF$N,"Capital One Financial Corporation Depositary Shares, Each Representing a 1/40th Ownership Interest in a Share of Fixed Rate Non-Cumulative Perpetual Preferred Stock, Series N",N,NYSE,N,N,
COFS,"ChoiceOne Financial Services, Inc. - Common Stock",Q,Nasdaq,N,N,N
COGT,"Cogent Biosciences, Inc. - Common Stock",Q,Nasdaq,N,N,N
COHC,Corgi COHR 2x Daily ETF,Z,Cboe BZX,Y,N,
COHH,Leverage Shares 2X Long COHR Daily ETF,Z,Cboe BZX,Y,N,
COHN,Cohen & Company Inc.,A,NYSE American,N,N,
COHR,Coherent Corp. Common Stock,N,NYSE,N,N,
COHU,"Cohu, Inc. - Common Stock",Q,Nasdaq,N,N,N
COHX,Tradr 2X Long COHR Daily ETF,Z,Cboe BZX,Y,N,
COIA,ProShares Ultra COIN,P,NYSE Arca,Y,N,
COIG,Leverage Shares 2X Long COIN Daily ETF,Q,Nasdaq,Y,N,N
COIN,"Coinbase Global, Inc. - Class A Common Stock",Q,Nasdaq,N,N,N
COIW,Roundhill COIN WeeklyPay ETF,Z,Cboe BZX,Y,N,
COIX,Corgi COIN 2x Daily ETF,Z,Cboe BZX,Y,N,
COKE,"Coca-Cola Consolidated, Inc. - Common Stock",Q,Nasdaq,N,N,N
COLA,Columbus Acquisition Corp - Ordinary Shares,Q,Nasdaq,N,N,D
COLAR,Columbus Acquisition Corp - Rights,Q,Nasdaq,N,N,N
COLAU,Columbus Acquisition Corp - Unit,Q,Nasdaq,N,N,N
COLB,"Columbia Banking System, Inc. - Common Stock",Q,Nasdaq,N,N,N
COLD,"Americold Realty Trust, Inc. Common Stock",N,NYSE,N,N,
COLL,"Collegium Pharmaceutical, Inc. - Common Stock",Q,Nasdaq,N,N,N
COLM,Columbia Sportswear Company - Common Stock,Q,Nasdaq,N,N,N
COLO,Global X MSCI Colombia ETF,P,NYSE Arca,Y,N,
COM,Direxion Auspice Broad Commodity Strategy ETF,P,NYSE Arca,Y,N,
COMB,GraniteShares Bloomberg Commodity Broad Strategy No K-1 ETF,P,NYSE Arca,Y,N,
COMD,Global X Commodity Strategy ETF,Z,Cboe BZX,Y,N,
COMP,"Compass, Inc. Class A Common Stock",N,NYSE,N,N,
COMT,iShares GSCI Commodity Dynamic Roll Strategy ETF,Q,Nasdaq,Y,N,N
CON,"Concentra Group Holdings Parent, Inc. Common Stock",N,NYSE,N,N,
CONI,GraniteShares 2x Short COIN Daily ETF,Q,Nasdaq,Y,N,N
CONL,GraniteShares 2x Long COIN Daily ETF,Q,Nasdaq,Y,N,N
CONX,Direxion Daily COIN Bull 2X ETF,Q,Nasdaq,Y,N,N
CONY,YieldMax COIN Option Income Strategy ETF,P,NYSE Arca,Y,N,
COO,"The Cooper Companies, Inc.  - Common Stock",Q,Nasdaq,N,N,N
COOK,"Traeger, Inc. Common Stock",N,NYSE,N,N,
COOT,Australian Oilseeds Holdings Limited - Ordinary Shares,Q,Nasdaq,N,N,D
COOTW,Australian Oilseeds Holdings Limited - Warrant,Q,Nasdaq,N,N,N
COP,ConocoPhillips Common Stock,N,NYSE,N,N,
COPA,Themes Copper Miners ETF,Z,Cboe BZX,Y,N,
COPJ,Sprott Junior Copper Miners ETF,Q,Nasdaq,Y,N,N
COPL,Copley Acquisition Corp Ordinary Shares,N,NYSE,N,N,
COPL.U,"Copley Acquisition Corp Units, each consisting of one ordinary share and one-half warrant",N,NYSE,N,N,
COPL.W,"Copley Acquisition Corp Redeemable warrants, each whole warrant exercisable for one Class A ordinary share at an exercise price of $11.50",N,NYSE,N,N,
COPP,Sprott Copper Miners ETF,Q,Nasdaq,Y,N,N
COPR,Idaho Copper Corporation Common Stock,A,NYSE American,N,N,
COPR.W,Idaho Copper Corporation Common Stock Purchase Warrant,A,NYSE American,N,N,
COPX,Global X Copper Miners ETF,P,NYSE Arca,Y,N,
COPY,"Tweedy, Browne Insider + Value ETF",P,NYSE Arca,Y,N,
COPZ,Defiance Daily Target 2X Long Copper Miners ETF,P,NYSE Arca,Y,N,
COR,"Cencora, Inc. Common Stock",N,NYSE,N,N,
CORB,AB Core Bond ETF,P,NYSE Arca,Y,N,
CORD,T-REX 2X Inverse CRWV Daily Target ETF,Z,Cboe BZX,Y,N,
CORN,Teucrium Corn Fund ETV,P,NYSE Arca,Y,N,
CORO,iShares International Country Rotation Active ETF,Q,Nasdaq,Y,N,N
CORP,PIMCO Investment Grade Corporate Bond Index Exchange-Traded Fund,P,NYSE Arca,Y,N,
CORT,Corcept Therapeutics Incorporated - Common Stock,Q,Nasdaq,N,N,N
CORZ,"Core Scientific, Inc. - Common Stock",Q,Nasdaq,N,N,N
CORZW,"Core Scientific, Inc. - Tranche 1 Warrants",Q,Nasdaq,N,N,N
CORZZ,"Core Scientific, Inc. - Tranche 2 Warrants",Q,Nasdaq,N,N,N
COSM,Cosmos Health Inc. - Common Stock,Q,Nasdaq,N,N,D
COSO,"CoastalSouth Bancshares, Inc. Common Stock",N,NYSE,N,N,
COST,Costco Wholesale Corporation - Common Stock,Q,Nasdaq,N,N,N
COSW,Roundhill COST WeeklyPay ETF,Z,Cboe BZX,Y,N,
COTG,Leverage Shares 2X Long COST Daily ETF,Q,Nasdaq,Y,N,N
COTY,Coty Inc. Class A Common Stock,N,NYSE,N,N,
COUR,"Coursera, Inc. Common Stock",N,NYSE,N,N,
COWG,Pacer US Large Cap Cash Cows Growth Leaders ETF,Q,Nasdaq,Y,N,N
COWS,Amplify Cash Flow Dividend Leaders ETF,Q,Nasdaq,Y,N,N
COWZ,Pacer US Cash Cows 100 ETF,Z,Cboe BZX,Y,N,
COYA,"Coya Therapeutics, Inc. - Common Stock",Q,Nasdaq,N,N,N
COYY,GraniteShares YieldBOOST COIN ETF,Q,Nasdaq,Y,N,N
COZX,Tradr 2X Long CORZ Daily ETF,Z,Cboe BZX,Y,N,
CP,Canadian Pacific Kansas City Limited Common Shares,N,NYSE,N,N,
CPA,"Copa Holdings, S.A. Class A Common Stock",N,NYSE,N,N,
CPAC,Cementos Pacasmayo S.A.A. American Depositary Shares (Each representing five Common Shares),N,NYSE,N,N,
CPAG,F/m Compoundr U.S. Aggregate Bond ETF,Q,Nasdaq,Y,N,N
CPAI,Counterpoint Quantitative Equity ETF,N,NYSE,Y,N,
CPAY,"Corpay, Inc. Common Stock",N,NYSE,N,N,
CPB,The Campbell's Company - Common Stock,Q,Nasdaq,N,N,N
CPBI,"Central Plains Bancshares, Inc. - Common Stock",Q,Nasdaq,N,N,N
CPER,United States Copper Index Fund ETV,P,NYSE Arca,Y,N,
CPF,Central Pacific Financial Corp New,N,NYSE,N,N,
CPHC,Canterbury Park Holding Corporation - Common Stock,Q,Nasdaq,N,N,N
CPHI,"China Pharma Holdings, Inc. Common Stock",A,NYSE American,N,N,
CPHY,F/m Compoundr High Yield Bond ETF,Q,Nasdaq,Y,N,N
CPII,American Beacon Ionic Inflation Protection ETF,P,NYSE Arca,Y,N,
CPIX,Cumberland Pharmaceuticals Inc. - Common Stock,Q,Nasdaq,N,N,N
CPK,Chesapeake Utilities Corporation Common Stock,N,NYSE,N,N,
CPLB,NYLI MacKay Core Plus Bond ETF,P,NYSE Arca,Y,N,
CPLS,AB Core Plus Bond ETF,Q,Nasdaq,Y,N,N
CPNG,"Coupang, Inc. Class A Common Stock",N,NYSE,N,N,
CPNJ,Calamos Nasdaq - 100 Structured Alt Protection ETF -June,P,NYSE Arca,Y,N,
CPNM,Calamos Nasdaq-100 Structured Alt Protection ETF - March,P,NYSE Arca,Y,N,
CPNQ,Calamos Nasdaq-100 Structured Alt Protection ETF December,P,NYSE Arca,Y,N,
CPNS,Calamos Nasdaq-100 Structured Alt Protection ETF  September,P,NYSE Arca,Y,N,
CPNX,Tradr 2X Long CPNG Daily ETF,Z,Cboe BZX,Y,N,
CPOP,"Pop Culture Group Co., Ltd - Class A Ordinary Shares",Q,Nasdaq,N,N,D
CPRA,Calamos Russell 2000 Structured Alt Protection ETF - April,P,NYSE Arca,Y,N,
CPRI,Capri Holdings Limited Ordinary Shares,N,NYSE,N,N,
CPRJ,Calamos Russell 2000 Structured Alt Protection ETF  July,P,NYSE Arca,Y,N,
CPRO,Calamos Russell 2000 Structured Alt Protection ETF - October,P,NYSE Arca,Y,N,
CPRT,"Copart, Inc. - Common Stock",Q,Nasdaq,N,N,N
CPRX,"Catalyst Pharmaceuticals, Inc. - Common Stock",Q,Nasdaq,N,N,N
CPRY,Calamos Russell 2000 Structured Alt Protection ETF January,P,NYSE Arca,Y,N,
CPS,Cooper-Standard Holdings Inc. Common Stock,N,NYSE,N,N,
CPSA,Calamos S&P 500 Structured Alt Protection ETF  August,P,NYSE Arca,Y,N,
CPSD,Calamos S&P 500 Structured Alt Protection ETF December,P,NYSE Arca,Y,N,
CPSF,Calamos S&P 500 Structured Alt Protection ETF February,P,NYSE Arca,Y,N,
CPSH,CPS Technologies Corp. - Common Stock,Q,Nasdaq,N,N,N
CPSJ,Calamos S&P 500 Structured Alt Protection ETF  July,P,NYSE Arca,Y,N,
CPSL,Calamos Laddered S&P 500 Structured Alt Protection ETF,Z,Cboe BZX,Y,N,
CPSM,Calamos S&P 500 Structured Alt Protection ETF  May,P,NYSE Arca,Y,N,
CPSN,Calamos S&P 500 Structured Alt Protection ETF November,P,NYSE Arca,Y,N,
CPSO,Calamos S&P 500 Structured Alt Protection ETF - October,P,NYSE Arca,Y,N,
CPSP,Calamos S&P 500 Structured Alt Protection ETF - April,P,NYSE Arca,Y,N,
CPSR,Calamos S&P 500 Structured Alt Protection ETF - March,P,NYSE Arca,Y,N,
CPSS,"Consumer Portfolio Services, Inc. - Common Stock",Q,Nasdaq,N,N,N
CPST,Calamos S&P 500 Structured Alt Protection ETF  September,P,NYSE Arca,Y,N,
CPSU,Calamos S&P 500 Structured Alt Protection ETF June,P,NYSE Arca,Y,N,
CPSY,Calamos S&P 500 Structured Alt Protection ETF January,P,NYSE Arca,Y,N,
CPT,Camden Property Trust Common Stock,N,NYSE,N,N,
CPXR,USCF Daily Target 2X Copper Index ETF,P,NYSE Arca,Y,N,
CPZ,Calamos Long/Short Equity & Dynamic Income Trust - Closed End Fund,Q,Nasdaq,N,N,N
CQP,"Cheniere Energy Partners, LP Common Units",N,NYSE,N,N,
CQQQ,Invesco China Technology ETF,P,NYSE Arca,Y,N,
CQTM,Corgi Quantum Computing ETF,Z,Cboe BZX,Y,N,
CR,Crane Company Common Stock,N,NYSE,N,N,
CRAC,Crown Reserve Acquisition Corp. I - Class A Ordinary Shares,Q,Nasdaq,N,N,N
CRACR,Crown Reserve Acquisition Corp. I - Rights,Q,Nasdaq,N,N,N
CRACU,Crown Reserve Acquisition Corp. I - Unit,Q,Nasdaq,N,N,N
CRACW,Crown Reserve Acquisition Corp. I - Warrant,Q,Nasdaq,N,N,N
CRAI,"CRA International,Inc. - Common Stock",Q,Nasdaq,N,N,N
CRAK,VanEck Oil Refiners ETF,P,NYSE Arca,Y,N,
CRAN,Crane Harbor Acquisition Corp. II - Class A Ordinary Shares,Q,Nasdaq,N,N,N
CRANR,Crane Harbor Acquisition Corp. II - Rights,Q,Nasdaq,N,N,N
CRANU,Crane Harbor Acquisition Corp. II - Units,Q,Nasdaq,N,N,N
CRAQ,Cal Redwood Acquisition Corp. - Class A Ordinary Shares,Q,Nasdaq,N,N,N
CRAQR,Cal Redwood Acquisition Corp. - Right,Q,Nasdaq,N,N,N
CRAQU,Cal Redwood Acquisition Corp. - Units,Q,Nasdaq,N,N,N
CRBD,Corebridge Financial Inc. 6.375% Junior Subordinated Notes due 2064,N,NYSE,N,N,
CRBG,Corebridge Financial Inc. Common Stock,N,NYSE,N,N,
CRBN,iShares Low Carbon Optimized MSCI ACWI ETF,P,NYSE Arca,Y,N,
CRBP,"Corbus Pharmaceuticals Holdings, Inc. - Common Stock",Q,Nasdaq,N,N,N
CRBU,"Caribou Biosciences, Inc. - Common Stock",Q,Nasdaq,N,N,N
CRC,California Resources Corporation Common Stock,N,NYSE,N,N,
CRCA,ProShares Ultra CRCL,P,NYSE Arca,Y,N,
CRCD,T-REX 2X Inverse CRCL Daily Target ETF,Z,Cboe BZX,Y,N,
CRCG,Leverage Shares 2X Long CRCL Daily ETF,Q,Nasdaq,Y,N,N
CRCL,"Circle Internet Group, Inc. Class A Common Stock",N,NYSE,N,N,
CRCO,YieldMax CRCL Option Income Strategy ETF,P,NYSE Arca,Y,N,
CRCT,"Cricut, Inc. - Class A common stock",Q,Nasdaq,N,N,N
CRD,Corgi CRDO 2x Daily ETF,Z,Cboe BZX,Y,N,
CRD.A,Crawford & Company Common Stock,N,NYSE,N,N,
CRD.B,Crawford & Company Common Stock,N,NYSE,N,N,
CRDD,Cardano ETF,Z,Cboe BZX,Y,N,
CRDF,"Cardiff Oncology, Inc. - Common Stock",Q,Nasdaq,N,N,N
CRDL,Cardiol Therapeutics Inc. - Class A Common Shares,Q,Nasdaq,N,N,N
CRDO,Credo Technology Group Holding Ltd - Ordinary Shares,Q,Nasdaq,N,N,N
CRDT,Simplify Opportunistic Income ETF,P,NYSE Arca,Y,N,
CRDU,Tradr 2X Long CRDO Daily ETF,Z,Cboe BZX,Y,N,
CRDX,2x Cardano ETF,Z,Cboe BZX,Y,N,
CRE,Cre8 Enterprise Limited - Class A Ordinary Shares,Q,Nasdaq,N,N,N
CRED,Columbia Research Enhanced Real Estate ETF,P,NYSE Arca,Y,N,
CREG,Smart Powerr Corp. - Common Stock,Q,Nasdaq,N,N,D
CRESY,"Cresud S.A.C.I.F. y A. - American Depositary Shares, each representing ten shares of Common Stock",Q,Nasdaq,N,N,N
CREX,"Creative Realities, Inc. - Common Stock",Q,Nasdaq,N,N,N
CRF,"Cornerstone Total Return Fund, Inc. (The) Common Stock",A,NYSE American,N,N,
CRGO,Freightos Limited - Ordinary shares,Q,Nasdaq,N,N,N
CRGOW,Freightos Limited - Warrants,Q,Nasdaq,N,N,N
CRGY,Crescent Energy Company Class A Common Stock,N,NYSE,N,N,
CRH,CRH PLC Ordinary Shares,N,NYSE,N,N,
CRI,"Carter's, Inc. Common Stock",N,NYSE,N,N,
CRIB,Russell Investments Global Real Estate ETF,P,NYSE Arca,Y,N,
CRIS,"Curis, Inc. - Common Stock",Q,Nasdaq,N,N,D
CRK,"Comstock Resources, Inc. Common Stock",N,NYSE,N,N,
CRL,"Charles River Laboratories International, Inc. Common Stock",N,NYSE,N,N,
CRM,"Salesforce, Inc. Common Stock",N,NYSE,N,N,
CRMD,CorMedix Inc. - Common Stock,Q,Nasdaq,N,N,N
CRMG,Leverage Shares 2X Long CRM Daily ETF,Q,Nasdaq,Y,N,N
CRML,Critical Metals Corp. - Ordinary Shares,Q,Nasdaq,N,N,N
CRMLW,Critical Metals Corp. - Warrants,Q,Nasdaq,N,N,N
CRMT,"America's Car-Mart, Inc. - Common Stock",Q,Nasdaq,N,N,N
CRMU,Leverage Shares 2x Long CRML Daily ETF,Q,Nasdaq,Y,N,N
CRMX,Tradr 2X Long CRML Daily ETF,Z,Cboe BZX,Y,N,
CRNC,Cerence Inc. - Common Stock,Q,Nasdaq,N,N,N
CRNT,Ceragon Networks Ltd. - Ordinary Shares,Q,Nasdaq,N,N,N
CRNX,"Crinetics Pharmaceuticals, Inc. - Common Stock",Q,Nasdaq,N,N,N
CRON,Cronos Group Inc. - Common Share,Q,Nasdaq,N,N,N
CROX,"Crocs, Inc. - Common Stock",Q,Nasdaq,N,N,N
CRPT,First Trust SkyBridge Crypto Industry and Digital Economy ETF,P,NYSE Arca,Y,N,
CRS,Carpenter Technology Corporation Common Stock,N,NYSE,N,N,
CRSH,YieldMax Short TSLA Option Income Strategy ETF,P,NYSE Arca,Y,N,
CRSP,CRISPR Therapeutics AG - Common Shares,Q,Nasdaq,N,N,N
CRSR,"Corsair Gaming, Inc. - Common Stock",Q,Nasdaq,N,N,N
CRT,Cross Timbers Royalty Trust Common Stock,N,NYSE,N,N,
CRTC,Xtrackers US National Critical Technologies ETF,P,NYSE Arca,Y,N,
CRTO,Criteo S.A. - American Depositary Shares,Q,Nasdaq,N,N,N
CRUC,Corgi CRUS 2x Daily ETF,Z,Cboe BZX,Y,N,
CRUS,"Cirrus Logic, Inc. - Common Stock",Q,Nasdaq,N,N,N
CRUX,Columbia Core Bond ETF,P,NYSE Arca,Y,N,
CRVL,CorVel Corp. - Common Stock,Q,Nasdaq,N,N,N
CRVO,CervoMed Inc. - Common Stock,Q,Nasdaq,N,N,N
CRVS,"Corvus Pharmaceuticals, Inc. - Common Stock",Q,Nasdaq,N,N,N
CRWC,Corgi CRWD 2x Daily ETF,Z,Cboe BZX,Y,N,
CRWD,"CrowdStrike Holdings, Inc. - Class A Common Stock",Q,Nasdaq,N,N,N
CRWG,Leverage Shares 2X Long CRWV Daily ETF,Q,Nasdaq,Y,N,N
CRWL,GraniteShares 2x Long CRWD Daily ETF,Q,Nasdaq,Y,N,N
CRWS,"Crown Crafts, Inc. - Common Stock",Q,Nasdaq,N,N,N
CRWU,T-REX 2X Long CRWV Daily Target ETF,Z,Cboe BZX,Y,N,
CRWV,"CoreWeave, Inc. - Class A Common Stock",Q,Nasdaq,N,N,N
CRWX,Corgi CRWV 2x Daily ETF,Z,Cboe BZX,Y,N,
CRXP,Columbia Core Plus Bond ETF,P,NYSE Arca,Y,N,
CRY,GraniteShares YieldBOOST CRCL ETF,Q,Nasdaq,Y,N,N
CSAI,"Cloudastructure, Inc. - Class A Common Stock",Q,Nasdaq,N,N,H
CSAN,Cosan S.A. ADS,N,NYSE,N,N,
CSB,VictoryShares US Small Cap High Div Volatility Wtd ETF,Q,Nasdaq,Y,N,N
CSBR,"Champions Oncology, Inc. - Common Stock",Q,Nasdaq,N,N,N
CSCL,Direxion Daily CSCO Bull 2X ETF,Q,Nasdaq,Y,N,N
CSCO,"Cisco Systems, Inc. - Common Stock",Q,Nasdaq,N,N,N
CSCS,Direxion Daily CSCO Bear 1X ETF,Q,Nasdaq,Y,N,N
CSD,Invesco S&P Spin-Off ETF,P,NYSE Arca,Y,N,
CSEN,Cohen & Steers Future of Energy Active ETF,Q,Nasdaq,Y,N,N
CSEX,Tradr 2X Long CLS Daily ETF,Z,Cboe BZX,Y,N,
CSGP,"CoStar Group, Inc. - Common Stock",Q,Nasdaq,N,N,N
CSHI,NEOS Enhanced Income 1-3 Month T-Bill ETF,P,NYSE Arca,Y,N,
CSHP,iShares Dynamic Short-Term Active ETF,P,NYSE Arca,Y,N,
CSHR,CoinShares PLC - Ordinary Shares,Q,Nasdaq,N,N,N
CSHRW,CoinShares PLC - Warrants,Q,Nasdaq,N,N,N
CSIO,Cohen & Steers Infrastructure Opportunities Active ETF,P,NYSE Arca,Y,N,
CSIQ,Canadian Solar Inc. - Common Shares,Q,Nasdaq,N,N,N
CSL,Carlisle Companies Incorporated Common Stock,N,NYSE,N,N,
CSM,ProShares Large Cap Core Plus,Z,Cboe BZX,Y,N,
CSMD,Congress SMid Growth ETF,P,NYSE Arca,Y,N,
CSNR,Cohen & Steers Natural Resources Active ETF,P,NYSE Arca,Y,N,
CSPF,Cohen & Steers Preferred and Income Opportunities Active ETF,P,NYSE Arca,Y,N,
CSPI,CSP Inc. - Common Stock,Q,Nasdaq,N,N,N
CSQ,Calamos Strategic Total Return Fund - Closed End Fund,Q,Nasdaq,N,N,N
CSR,D/B/A Centerspace Common Stock,N,NYSE,N,N,
CSRE,Cohen & Steers Real Estate Active ETF,P,NYSE Arca,Y,N,
CSSD,Cohen & Steers Short Duration Preferred and Income Active ETF,P,NYSE Arca,Y,N,
CSTE,Caesarstone Ltd. - Ordinary Shares,Q,Nasdaq,N,N,N
CSTK,Invesco Comstock Contrarian Equity ETF,Z,Cboe BZX,Y,N,
CSTL,"Castle Biosciences, Inc. - Common stock",Q,Nasdaq,N,N,N
CSTM,Constellium SE Ordinary Shares (France),N,NYSE,N,N,
CSV,"Carriage Services, Inc. Common Stock",N,NYSE,N,N,
CSW,"CSW Industrials, Inc. Common Stock",N,NYSE,N,N,
CSWC,Capital Southwest Corporation - Common Stock,Q,Nasdaq,N,N,N
CSX,CSX Corporation - Common Stock,Q,Nasdaq,N,N,N
CTA,Simplify Managed Futures Strategy ETF,P,NYSE Arca,Y,N,
CTA$A,"EIDP, Inc. Preferred Stock $3.50 Series",N,NYSE,N,N,
CTA$B,"EIDP, Inc. Preferred Stock $4.50 Series",N,NYSE,N,N,
CTAA,ClearThink 1 Acquisition Corp. - Class A Ordinary Shares,Q,Nasdaq,N,N,N
CTAAR,ClearThink 1 Acquisition Corp. - Rights,Q,Nasdaq,N,N,N
CTAAU,ClearThink 1 Acquisition Corp. - Units,Q,Nasdaq,N,N,N
CTAP,Simplify US Equity PLUS Managed Futures Strategy ETF,P,NYSE Arca,Y,N,
CTAS,Cintas Corporation - Common Stock,Q,Nasdaq,N,N,N
CTBI,"Community Trust Bancorp, Inc. - Common Stock",Q,Nasdaq,N,N,N
CTEC,Global X ClimateTech ETF,Q,Nasdaq,Y,N,N
CTEF,Castellan Targeted Equity ETF,Z,Cboe BZX,Y,N,
CTEST,NYSE Test One Common Stock,A,NYSE American,N,Y,
CTEST.E,NYSE Test One Common Stock,N,NYSE,N,Y,
CTEST.G,NYSE Test One Common Stock,N,NYSE,N,Y,
CTEST.L,NYSE Test One Common Stock,N,NYSE,N,Y,
CTEST.O,NYSE Test One Common Stock,N,NYSE,N,Y,
CTEST.S,NYSE Test Six Common Stock,N,NYSE,N,Y,
CTEST.V,NYSE Test One Common Stock,N,NYSE,N,Y,
CTEV,Claritev Corporation Class A Common Stock,N,NYSE,N,N,
CTEX,ProShares S&P Kensho Cleantech ETF,P,NYSE Arca,Y,N,
CTGG,Qwest Corporation 6.500% Senior Notes due 2051 (denominations of $25),N,NYSE,N,N,
CTGO,Contango Silver & Gold Inc. Common Stock,A,NYSE American,N,N,
CTHH,Qwest Corporation 6.750% Senior Notes due 2052 (denominations of $25),N,NYSE,N,N,
CTIF,Castellan Targeted Income ETF,Z,Cboe BZX,Y,N,
CTJL,Corgi U.S. Equities 30% Structured Buffer ETF - July Series,Z,Cboe BZX,Y,N,
CTJN,Corgi U.S. Equities 30% Structured Buffer ETF - June Series,Z,Cboe BZX,Y,N,
CTKB,"Cytek Biosciences, Inc. - Common Stock",Q,Nasdaq,N,N,N
CTM,"Castellum, Inc. Common Stock",A,NYSE American,N,N,
CTMA,Corgi U.S. Equities 30% Structured Buffer ETF - May Series,Z,Cboe BZX,Y,N,
CTMX,"CytomX Therapeutics, Inc. - Common Stock",Q,Nasdaq,N,N,N
CTNM,"Contineum Therapeutics, Inc. - Common stock",Q,Nasdaq,N,N,N
CTNT,Cheetah Net Supply Chain Service Inc. - Class A Common Stock,Q,Nasdaq,N,N,N
CTO,"CTO Realty Growth, Inc. Common Stock",N,NYSE,N,N,
CTO$A,"CTO Realty Growth, Inc. 6.375% Series A Cumulative Redeemable Preferred Stock",N,NYSE,N,N,
CTOR,"Citius Oncology, Inc.  - Common Stock",Q,Nasdaq,N,N,D
CTOS,"Custom Truck One Source, Inc. Common Stock",N,NYSE,N,N,
CTRE,"CareTrust REIT, Inc. Common Stock",N,NYSE,N,N,
CTRI,"Centuri Holdings, Inc. Common Stock",N,NYSE,N,N,
CTRM,Castor Maritime Inc. - Common Shares,Q,Nasdaq,N,N,N
CTRN,"Citi Trends, Inc. - Common Stock",Q,Nasdaq,N,N,N
CTS,CTS Corporation Common Stock,N,NYSE,N,N,
CTSH,Cognizant Technology Solutions Corporation - Class A Common Stock,Q,Nasdaq,N,N,N
CTSO,Cytosorbents Corporation - Common Stock,Q,Nasdaq,N,N,D
CTVA,"Corteva, Inc. Common Stock ",N,NYSE,N,N,
CTW,CTW - Class A Ordinary Shares,Q,Nasdaq,N,N,N
CTWO,Common units,P,NYSE Arca,Y,N,
CTXR,"Citius Pharmaceuticals, Inc. - Common Stock",Q,Nasdaq,N,N,D
CUB,Lionheart Holdings - Class A Ordinary Shares,Q,Nasdaq,N,N,N
CUBB,"Customers Bancorp, Inc 5.375% Subordinated Notes Due 2034",N,NYSE,N,N,
CUBE,CubeSmart Common Shares,N,NYSE,N,N,
CUBI,"Customers Bancorp, Inc Common Stock",N,NYSE,N,N,
CUBWU,Lionheart Holdings - Unit,Q,Nasdaq,N,N,N
CUBWW,Lionheart Holdings - Warrant,Q,Nasdaq,N,N,N
CUE,"Cue Biopharma, Inc. - Common Stock",Q,Nasdaq,N,N,N
CULP,"Culp, Inc. - Common Shares",Q,Nasdaq,N,N,N
CUPR,Cuprina Holdings (Cayman) Limited - Class A Ordinary shares,Q,Nasdaq,N,N,N
CURB,Curbline Properties Corp. Common Stock,N,NYSE,N,N,
CURE,Direxion Daily Healthcare Bull 3X ETF,P,NYSE Arca,Y,N,
CURI,CuriosityStream Inc.  - Class A Common Stock,Q,Nasdaq,N,N,N
CURR,Currenc Group Inc. - Ordinary Shares,Q,Nasdaq,N,N,N
CURV,Torrid Holdings Inc. Common Stock,N,NYSE,N,N,
CURX,Curanex Pharmaceuticals Inc - Common Stock,Q,Nasdaq,N,N,D
CUST,Corgi 1-3 Year Treasury Bond ETF,Z,Cboe BZX,Y,N,
CUT,Invesco MSCI Global Timber ETF,P,NYSE Arca,Y,N,
CUZ,Cousins Properties Incorporated Common Stock,N,NYSE,N,N,
CV,"CapsoVision, Inc. - Common Stock",Q,Nasdaq,N,N,N
CVAR,Cultivar ETF,Z,Cboe BZX,Y,N,
CVBF,CVB Financial Corporation - Common Stock,Q,Nasdaq,N,N,N
CVCO,"Cavco Industries, Inc. - Common Stock",Q,Nasdaq,N,N,N
CVE,Cenovus Energy Inc Common Stock,N,NYSE,N,N,
CVEO,Civeo Corporation (Canada) Common Shares,N,NYSE,N,N,
CVGD,CresAlta Global Dividend ETF,P,NYSE Arca,Y,N,
CVGI,"Commercial Vehicle Group, Inc. - Common Stock",Q,Nasdaq,N,N,N
CVI,CVR Energy Inc. Common Stock,N,NYSE,N,N,
CVIE,Calvert International Responsible Index ETF,P,NYSE Arca,Y,N,
CVKD,"Cadrenal Therapeutics, Inc. - Common Stock",Q,Nasdaq,N,N,N
CVLC,Calvert US Large-Cap Core Responsible Index ETF,P,NYSE Arca,Y,N,
CVLG,"Covenant Logistics Group, Inc. Class A Common Stock",N,NYSE,N,N,
CVLT,"Commvault Systems, Inc. - Common Stock",Q,Nasdaq,N,N,N
CVM,Cel-Sci Corporation Common Stock,A,NYSE American,N,N,
CVMC,Calvert US Mid-Cap Core Responsible Index ETF,P,NYSE Arca,Y,N,
CVNA,Carvana Co. Class A Common Stock,N,NYSE,N,N,
CVNY,YieldMax CVNA Option Income Strategy ETF,P,NYSE Arca,Y,N,
CVR,Chicago Rivet & Machine Co. Common Stock,A,NYSE American,N,N,
CVRD,Madison Covered Call ETF,P,NYSE Arca,Y,N,
CVRT,Calamos Convertible Equity Alternative ETF,P,NYSE Arca,Y,N,
CVRX,"CVRx, Inc. - Common Stock",Q,Nasdaq,N,N,N
CVS,CVS Health Corporation Common Stock,N,NYSE,N,N,
CVSA,Covista Inc. Common Shares,N,NYSE,N,N,
CVSB,Calvert Ultra-Short Investment Grade ETF,P,NYSE Arca,Y,N,
CVSM,CresAlta Small and Mid-Cap ETF,P,NYSE Arca,Y,N,
CVU,"CPI Aerostructures, Inc. Common Stock",A,NYSE American,N,N,
CVV,CVD Equipment Corporation - Common Stock,Q,Nasdaq,N,N,N
CVX,Chevron Corporation Common Stock,N,NYSE,N,N,
CVY,Invesco Zacks Multi-Asset Income ETF,P,NYSE Arca,Y,N,
CW,Curtiss-Wright Corporation Common Stock,N,NYSE,N,N,
CWB,State Street SPDR Bloomberg Convertible Securities ETF,P,NYSE Arca,Y,N,
CWBC,Community West Bancshares - Common Stock,Q,Nasdaq,N,N,N
CWCO,Consolidated Water Co. Ltd. - Ordinary Shares,Q,Nasdaq,N,N,N
CWD,CaliberCos Inc. - Class A Common Stock,Q,Nasdaq,N,N,N
CWEB,Direxion Daily CSI China Internet Index Bull 2X ETF,P,NYSE Arca,Y,N,
CWEN,"Clearway Energy, Inc. Class C Common Stock",N,NYSE,N,N,
CWH,"Camping World Holdings, Inc. Class A Common Stock",N,NYSE,N,N,
CWI,State Street SPDR MSCI ACWI ex-US ETF,P,NYSE Arca,Y,N,
CWK,Cushman & Wakefield Ltd. Common Shares,N,NYSE,N,N,
CWS,AdvisorShares Focused Equity ETF,P,NYSE Arca,Y,N,
CWST,"Casella Waste Systems, Inc. - Class A Common Stock",Q,Nasdaq,N,N,N
CWT,California Water Service Group Common Stock,N,NYSE,N,N,
CWVX,Tradr 2X Long CRWV Daily ETF,Z,Cboe BZX,Y,N,
CWY,GraniteShares YieldBOOST CRWV ETF,Q,Nasdaq,Y,N,N
CX,"Cemex, S.A.B. de C.V. Sponsored ADR",N,NYSE,N,N,
CXAI,CXApp Inc. - Class A Common Stock,Q,Nasdaq,N,N,D
CXAIW,CXApp Inc. - Warrant,Q,Nasdaq,N,N,N
CXDO,"Crexendo, Inc. - Common Stock",Q,Nasdaq,N,N,N
CXII,Churchill Capital Corp XII - Class A Ordinary Shares,Q,Nasdaq,N,N,N
CXIIU,Churchill Capital Corp XII - Units,Q,Nasdaq,N,N,N
CXIIW,Churchill Capital Corp XII - Warrants,Q,Nasdaq,N,N,N
CXM,"Sprinklr, Inc. Class A Common Stock",N,NYSE,N,N,
CXRN,Teucrium 2x Daily Corn ETF,P,NYSE Arca,Y,N,
CXSE,WisdomTree China ex-State-Owned Enterprises Fund,Q,Nasdaq,Y,N,N
CXT,"Crane NXT, Co. Common Stock",N,NYSE,N,N,
CXW,"CoreCivic, Inc. Common Stock",N,NYSE,N,N,
CYAB,"Cyabra, Inc. - Common Stock",Q,Nasdaq,N,N,D
CYCN,"Cyclerion Therapeutics, Inc. - Common Stock",Q,Nasdaq,N,N,N
CYCU,"Cycurion, Inc. - Common Stock",Q,Nasdaq,N,N,N
CYCUW,"Cycurion, Inc. - Warrants",Q,Nasdaq,N,N,N
CYD,China Yuchai International Limited Common Stock,N,NYSE,N,N,
CYH,"Community Health Systems, Inc. Common Stock",N,NYSE,N,N,
CYN,Cyngn Inc. - Common stock,Q,Nasdaq,N,N,N
CYPH,Cypherpunk Technologies Inc. - Common Stock,Q,Nasdaq,N,N,N
CYRX,"CryoPort, Inc. - Common Stock",Q,Nasdaq,N,N,N
CYTK,"Cytokinetics, Incorporated - Common Stock",Q,Nasdaq,N,N,N
CZA,Invesco Zacks Mid-Cap ETF,P,NYSE Arca,Y,N,
CZAR,Themes Natural Monopoly ETF,Q,Nasdaq,Y,N,N
CZFS,"Citizens Financial Services, Inc. - Common Stock",Q,Nasdaq,N,N,N
CZNC,Citizens & Northern Corp - Common Stock,Q,Nasdaq,N,N,N
CZR,"Caesars Entertainment, Inc. - Common Stock",Q,Nasdaq,N,N,N
CZWI,"Citizens Community Bancorp, Inc. - Common Stock",Q,Nasdaq,N,N,N
D,"Dominion Energy, Inc. Common Stock",N,NYSE,N,N,
DAAQ,Digital Asset Acquisition Corp. - Class A Ordinary shares,Q,Nasdaq,N,N,N
DAAQU,Digital Asset Acquisition Corp. - Units,Q,Nasdaq,N,N,N
DAAQW,Digital Asset Acquisition Corp. - Warrant,Q,Nasdaq,N,N,N
DABS,DoubleLine Asset-Backed Securities ETF,P,NYSE Arca,Y,N,
DAC,Danaos Corporation Common Stock,N,NYSE,N,N,
DADS,Digital Asset Debt Strategy ETF,Q,Nasdaq,Y,N,N
DAIC,"CID HoldCo, Inc. - Common Stock",Q,Nasdaq,N,N,D
DAICW,"CID HoldCo, Inc. - Warrants",Q,Nasdaq,N,N,D
DAIO,Data I/O Corporation - Common Stock,Q,Nasdaq,N,N,N
DAK,Dakota Active Equity ETF,Q,Nasdaq,Y,N,N
DAKT,"Daktronics, Inc. - Common Stock",Q,Nasdaq,N,N,N
DAL,"Delta Air Lines, Inc. Common Stock",N,NYSE,N,N,
DALI,First Trust Dorsey Wright DALI Equity ETF,Q,Nasdaq,Y,N,N
DAMD,Defiance Daily Target 2X Short AMD ETF,P,NYSE Arca,Y,N,
DAN,Dana Incorporated Common Stock ,N,NYSE,N,N,
DANA,Dana Limited Volatility ETF,P,NYSE Arca,Y,N,
DAO,"Youdao, Inc. American Depositary Shares, each representing one Class A Ordinary Share",N,NYSE,N,N,
DAPP,VanEck Digital Transformation ETF,Q,Nasdaq,Y,N,N
DAPR,FT Vest U.S. Equity Deep Buffer ETF - April,Z,Cboe BZX,Y,N,
DAR,Darling Ingredients Inc. Common Stock,N,NYSE,N,N,
DARE,"Dare Bioscience, Inc. - Common Stock",Q,Nasdaq,N,N,N
DARP,Grizzle Growth ETF,P,NYSE Arca,Y,N,
DASH,"DoorDash, Inc. - Common Stock",Q,Nasdaq,N,N,N
DAT,ProShares Big Data Refiners ETF,P,NYSE Arca,Y,N,
DAUG,FT Vest U.S. Equity Deep Buffer ETF - August,Z,Cboe BZX,Y,N,
DAVA,Endava plc American Depositary Shares (each representing one Class A Ordinary Share),N,NYSE,N,N,
DAVE,Dave Inc.  - Class A Common Stock,Q,Nasdaq,N,N,N
DAVEW,Dave Inc.  - Warrants,Q,Nasdaq,N,N,N
DAX,Global X DAX Germany ETF,Q,Nasdaq,Y,N,N
DB,Deutsche Bank AG Common Stock,N,NYSE,N,N,
DBA,Invesco DB Agriculture Fund,P,NYSE Arca,Y,N,
DBAW,Xtrackers MSCI All World ex US Hedged Equity ETF,P,NYSE Arca,Y,N,
DBB,Invesco DB Base Metals Fund,P,NYSE Arca,Y,N,
DBC,Invesco DB Commodity Index Tracking Fund,P,NYSE Arca,Y,N,
DBCA,D. Boral Acquisition I Corp. - Class A Ordinary Shares,Q,Nasdaq,N,N,N
DBCAU,D. Boral Acquisition I Corp. - Unit,Q,Nasdaq,N,N,N
DBCAW,D. Boral Acquisition I Corp. - Warrants,Q,Nasdaq,N,N,N
DBD,Diebold Nixdorf Incorporated Common stock,N,NYSE,N,N,
DBE,Invesco DB Energy Fund,P,NYSE Arca,Y,N,
DBEF,Xtrackers MSCI EAFE Hedged Equity ETF,P,NYSE Arca,Y,N,
DBEM,Xtrackers MSCI Emerging Markets Hedged Equity ETF,P,NYSE Arca,Y,N,
DBEU,Xtrackers MSCI Europe Hedged Equity ETF,P,NYSE Arca,Y,N,
DBEZ,Xtrackers MSCI Eurozone Hedged Equity ETF,P,NYSE Arca,Y,N,
DBGI,"Digital Brands Group, Inc. - Common Stock",Q,Nasdaq,N,N,N
DBI,Designer Brands Inc. Class A Common Stock,N,NYSE,N,N,
DBJP,Xtrackers MSCI Japan Hedged Equity ETF,P,NYSE Arca,Y,N,
DBL,DoubleLine Opportunistic Credit Fund Common Shares of Beneficial Interest,N,NYSE,N,N,
DBMF,iMGP DBi Managed Futures Strategy ETF,P,NYSE Arca,Y,N,
DBND,DoubleLine Opportunistic Core Bond ETF,P,NYSE Arca,Y,N,
DBO,Invesco DB Oil Fund,P,NYSE Arca,Y,N,
DBP,Invesco DB Precious Metals Fund,P,NYSE Arca,Y,N,
DBRG,"DigitalBridge Group, Inc.",N,NYSE,N,N,
DBRG$H,"DigitalBridge Group, Inc. 7.125% Series H ",N,NYSE,N,N,
DBRG$I,"DigitalBridge Group, Inc. 7.15% Series I ",N,NYSE,N,N,
DBRG$J,"DigitalBridge Group, Inc. 7.125% Series J ",N,NYSE,N,N,
DBVT,DBV Technologies S.A. - American Depositary Shares,Q,Nasdaq,N,N,N
DBX,"Dropbox, Inc. - Class A Common Stock",Q,Nasdaq,N,N,N
DC,Dakota Gold Corp. Common Stock,A,NYSE American,N,N,
DCBG,"Dime Commercial Bancshares, Inc. 9.000% Junior Subordinated Notes",N,NYSE,N,N,
DCBO,Docebo Inc. - Common Shares,Q,Nasdaq,N,N,N
DCGO,DocGo Inc. - Common Stock,Q,Nasdaq,N,N,D
DCH,Dauch Corporation Common Stock,N,NYSE,N,N,
DCI,"Donaldson Company, Inc. Common Stock",N,NYSE,N,N,
DCMT,DoubleLine Commodity Strategy ETF,P,NYSE Arca,Y,N,
DCO,Ducommun Incorporated Common Stock,N,NYSE,N,N,
DCOM,"Dime Commercial Bancshares, Inc. Common Stock",N,NYSE,N,N,
DCOM$,"Dime Commercial Bancshares, Inc. Preferred Stock, Series A",N,NYSE,N,N,
DCOR,Dimensional US Core Equity 1 ETF,P,NYSE Arca,Y,N,
DCOY,Decoy Therapeutics Inc. - Common Stock,Q,Nasdaq,N,N,N
DCRE,DoubleLine Commercial Real Estate Debt ETF,P,NYSE Arca,Y,N,
DCTH,"Delcath Systems, Inc. - Common Stock",Q,Nasdaq,N,N,N
DCX,Digital Currency X Technology Inc. - Class A Ordinary Shares,Q,Nasdaq,N,N,N
DD,"DuPont de Nemours, Inc. Common Stock",N,NYSE,N,N,
DDC,DDC Enterprise Limited Class A Ordinary Shares,A,NYSE American,N,N,
DDD,3D Systems Corporation Common Stock,N,NYSE,N,N,
DDDD,YieldMax U.S. Stocks Target Double Distribution ETF,P,NYSE Arca,Y,N,
DDEC,FT Vest U.S. Equity Deep Buffer ETF - December,Z,Cboe BZX,Y,N,
DDFA,Innovator Equity Dual Directional 15 Buffer ETF - April,Z,Cboe BZX,Y,N,
DDFD,Innovator Equity Dual Directional 15 Buffer ETF - December,Z,Cboe BZX,Y,N,
DDFF,Innovator Equity Dual Directional 15 Buffer ETF - February,Z,Cboe BZX,Y,N,
DDFJ,Innovator Equity Dual Directional 15 Buffer ETF - January,Z,Cboe BZX,Y,N,
DDFL,Innovator Equity Dual Directional 15 Buffer ETF - July,Z,Cboe BZX,Y,N,
DDFM,Innovator Equity Dual Directional 15 Buffer ETF - March,Z,Cboe BZX,Y,N,
DDFN,Innovator Equity Dual Directional 15 Buffer ETF - November,Z,Cboe BZX,Y,N,
DDFO,Innovator Equity Dual Directional 15 Buffer ETF - October,Z,Cboe BZX,Y,N,
DDFS,Innovator Equity Dual Directional 15 Buffer ETF - September,Z,Cboe BZX,Y,N,
DDFY,Innovator Equity Dual Directional 15 Buffer ETF - May,Z,Cboe BZX,Y,N,
DDFZ,Innovator Equity Dual Directional 15 Buffer ETF - June,Z,Cboe BZX,Y,N,
DDI,"DoubleDown Interactive Co., Ltd. - American Depository Shares",Q,Nasdaq,N,N,N
DDIV,First Trust Dorsey Wright Momentum & Dividend ETF,Q,Nasdaq,Y,N,N
DDL,Dingdong (Cayman) Limited American Depositary Shares (each two representing three Ordinary Shares),N,NYSE,N,N,
DDLS,WisdomTree Dynamic International SmallCap Equity Fund,Z,Cboe BZX,Y,N,
DDM,ProShares Ultra Dow30,P,NYSE Arca,Y,N,
DDNQ,Innovator Growth-100 Dual Directional 5 Buffer ETF - Quarterly,Z,Cboe BZX,Y,N,
DDOG,"Datadog, Inc. - Class A Common Stock",Q,Nasdaq,N,N,N
DDS,"Dillard's, Inc. Common Stock",N,NYSE,N,N,
DDSQ,Innovator Equity Dual Directional 5 Buffer ETF - Quarterly,Z,Cboe BZX,Y,N,
DDT,Dillard's Capital Trust I,N,NYSE,N,N,
DDTA,Innovator Equity Dual Directional 10 Buffer ETF - April,Z,Cboe BZX,Y,N,
DDTD,Innovator Equity Dual Directional 10 Buffer ETF - December,Z,Cboe BZX,Y,N,
DDTF,Innovator Equity Dual Directional 10 Buffer ETF - February,Z,Cboe BZX,Y,N,
DDTJ,Innovator Equity Dual Directional 10 Buffer ETF - January,Z,Cboe BZX,Y,N,
DDTL,Innovator Equity Dual Directional 10 Buffer ETF - July,Z,Cboe BZX,Y,N,
DDTM,Innovator Equity Dual Directional 10 Buffer ETF - March,Z,Cboe BZX,Y,N,
DDTN,Innovator Equity Dual Directional 10 Buffer ETF - November,Z,Cboe BZX,Y,N,
DDTO,Innovator Equity Dual Directional 10 Buffer ETF - October,Z,Cboe BZX,Y,N,
DDTS,Innovator Equity Dual Directional 10 Buffer ETF - September,Z,Cboe BZX,Y,N,
DDTY,Innovator Equity Dual Directional 10 Buffer ETF - May,Z,Cboe BZX,Y,N,
DDTZ,Innovator Equity Dual Directional 10 Buffer ETF - June,Z,Cboe BZX,Y,N,
DDV,Defined Duration 5 ETF,Z,Cboe BZX,Y,N,
DDWM,WisdomTree Dynamic International Equity Fund,Z,Cboe BZX,Y,N,
DDX,Defined Duration 10 ETF,Z,Cboe BZX,Y,N,
DDXX,Defined Duration 20 ETF,Z,Cboe BZX,Y,N,
DE,Deere & Company Common Stock,N,NYSE,N,N,
DEA,"Easterly Government Properties, Inc. Common Stock",N,NYSE,N,N,
DEC,Diversified Energy Company Common Stock,N,NYSE,N,N,
DECK,Deckers Outdoor Corporation Common Stock,N,NYSE,N,N,
DECM,FT Vest U.S. Equity Max Buffer ETF - December,Z,Cboe BZX,Y,N,
DECO,State Street Galaxy Digital Asset Ecosystem ETF,Q,Nasdaq,Y,N,N
DECP,PGIM S&P 500 Buffer 12 ETF - December,Z,Cboe BZX,Y,N,
DECT,AllianzIM U.S. Large Cap Buffer10 Dec ETF,Z,Cboe BZX,Y,N,
DECU,AllianzIM U.S. Equity Buffer15 Uncapped Dec ETF,Z,Cboe BZX,Y,N,
DECW,AllianzIM U.S. Large Cap Buffer20 Dec ETF,Z,Cboe BZX,Y,N,
DECZ,TrueShares Structured Outcome (December) ETF,Z,Cboe BZX,Y,N,
DEED,First Trust Securitized Plus ETF,P,NYSE Arca,Y,N,
DEEF,Xtrackers FTSE Developed ex US Multifactor ETF,P,NYSE Arca,Y,N,
DEEP,Acquirers Small and Micro Deep Value ETF,P,NYSE Arca,Y,N,
DEFI,Hashdex Bitcoin ETF,P,NYSE Arca,Y,N,
DEFR,Aptus Deferred Income ETF,Z,Cboe BZX,Y,N,
DEFT,"Defi Technologies, Inc. - Common Stock",Q,Nasdaq,N,N,D
DEHP,Dimensional Emerging Markets High Profitability ETF,P,NYSE Arca,Y,N,
DEI,"Douglas Emmett, Inc. Common Stock",N,NYSE,N,N,
DELL,Dell Technologies Inc. Class C Common Stock ,N,NYSE,N,N,
DEM,WisdomTree Emerging Markets High Dividend Fund,P,NYSE Arca,Y,N,
DEMZ,Democratic Large Cap Core ETF,Q,Nasdaq,Y,N,N
DEO,Diageo plc Common Stock,N,NYSE,N,N,
DERM,Journey Medical Corporation - Common Stock,Q,Nasdaq,N,N,N
DES,WisdomTree U.S. SmallCap Dividend Fund,P,NYSE Arca,Y,N,
DESK,VanEck Office and Commercial REIT ETF,P,NYSE Arca,Y,N,
DETX,"Liberty Defense Holdings, Ltd. - Common Shares",Q,Nasdaq,N,N,N
DEUS,Xtrackers Russell US Multifactor ETF,P,NYSE Arca,Y,N,
DEW,WisdomTree Global High Dividend Fund,P,NYSE Arca,Y,N,
DEXC,Dimensional Emerging Markets ex China Core Equity ETF,P,NYSE Arca,Y,N,
DFAC,Dimensional U.S. Core Equity 2 ETF,P,NYSE Arca,Y,N,
DFAE,Dimensional Emerging Core Equity Market ETF,P,NYSE Arca,Y,N,
DFAI,Dimensional International Core Equity Market ETF,P,NYSE Arca,Y,N,
DFAL,Dimensional US Large Cap Core Equity Market ETF,Z,Cboe BZX,Y,N,
DFAR,Dimensional US Real Estate ETF,P,NYSE Arca,Y,N,
DFAS,Dimensional U.S. Small Cap ETF,P,NYSE Arca,Y,N,
DFAT,Dimensional U.S. Targeted Value ETF,P,NYSE Arca,Y,N,
DFAU,Dimensional US Core Equity Market ETF,P,NYSE Arca,Y,N,
DFAW,Dimensional World Equity ETF,P,NYSE Arca,Y,N,
DFAX,Dimensional World ex U.S. Core Equity 2 ETF,P,NYSE Arca,Y,N,
DFCA,Dimensional California Municipal Bond ETF,P,NYSE Arca,Y,N,
DFCF,Dimensional Core Fixed Income ETF,P,NYSE Arca,Y,N,
DFDV,DeFi Development Corp. - Common Stock,Q,Nasdaq,N,N,N
DFDVW,DeFi Development Corp. - Warrant,Q,Nasdaq,N,N,N
DFE,WisdomTree Europe SmallCap Dividend Fund,P,NYSE Arca,Y,N,
DFEB,FT Vest U.S. Equity Deep Buffer ETF - February,Z,Cboe BZX,Y,N,
DFEM,Dimensional Emerging Markets Core Equity 2 ETF,P,NYSE Arca,Y,N,
DFEN,Direxion Daily Aerospace & Defense Bull 3X ETF,P,NYSE Arca,Y,N,
DFEV,Dimensional Emerging Markets Value ETF,P,NYSE Arca,Y,N,
DFGP,Dimensional Global Core Plus Fixed Income ETF,Q,Nasdaq,Y,N,N
DFGR,Dimensional Global Real Estate ETF,P,NYSE Arca,Y,N,
DFGX,Dimensional International Core Fixed Income ETF,Q,Nasdaq,Y,N,N
DFH,"Dream Finders Homes, Inc. Class A Common Stock",N,NYSE,N,N,
DFIC,Dimensional International Core Equity 2 ETF,Z,Cboe BZX,Y,N,
DFII,FT Vest Bitcoin Strategy & Target Income ETF,P,NYSE Arca,Y,N,
DFIN,"Donnelley Financial Solutions, Inc. Common Stock ",N,NYSE,N,N,
DFIP,Dimensional Inflation-Protected Securities ETF,P,NYSE Arca,Y,N,
DFIS,Dimensional International Small Cap ETF,Z,Cboe BZX,Y,N,
DFIV,Dimensional International Value ETF,P,NYSE Arca,Y,N,
DFJ,WisdomTree Japan SmallCap Fund,P,NYSE Arca,Y,N,
DFLI,Dragonfly Energy Holdings Corp - Common Stock,Q,Nasdaq,N,N,N
DFLIW,Dragonfly Energy Holdings Corp - Warrant,Q,Nasdaq,N,N,N
DFLV,Dimensional US Large Cap Value ETF,P,NYSE Arca,Y,N,
DFMC,U.S. Micro Cap Portfolio: ETF Class Shares,P,NYSE Arca,Y,N,
DFNL,Davis Select Financial ETF,Z,Cboe BZX,Y,N,
DFNM,Dimensional National Municipal Bond ETF,P,NYSE Arca,Y,N,
DFNS,T3 Defense Inc. - Common Stock,Q,Nasdaq,N,N,D
DFNSW,T3 Defense Inc. - Warrants,Q,Nasdaq,N,N,N
DFP,Flaherty & Crumrine Dynamic Preferred and Income Fund Inc. Common Stock,N,NYSE,N,N,
DFSB,Dimensional Global Sustainability Fixed Income ETF,P,NYSE Arca,Y,N,
DFSC,"DEFSEC Technologies Inc. - common stock, no R/S concurrent with offering",Q,Nasdaq,N,N,N
DFSCW,DEFSEC Technologies Inc. - warrant,Q,Nasdaq,N,N,N
DFSD,Dimensional Short-Duration Fixed Income ETF,P,NYSE Arca,Y,N,
DFSE,Dimensional Emerging Markets Sustainability Core 1 ETF,P,NYSE Arca,Y,N,
DFSI,Dimensional International Sustainability Core 1 ETF,P,NYSE Arca,Y,N,
DFSU,Dimensional US Sustainability Core 1 ETF,P,NYSE Arca,Y,N,
DFSV,Dimensional US Small Cap Value ETF,P,NYSE Arca,Y,N,
DFTT,DF Tactical 30 ETF,P,NYSE Arca,Y,N,
DFTX,"Definium Therapeutics, Inc.  - Common Shares",Q,Nasdaq,N,N,N
DFUS,Dimensional U.S. Equity Market ETF,P,NYSE Arca,Y,N,
DFUV,Dimensional US Marketwide Value ETF,P,NYSE Arca,Y,N,
DFVE,DoubleLine Fortune 500 Equal Weight ETF,P,NYSE Arca,Y,N,
DFVX,Dimensional US Large Cap Vector ETF,P,NYSE Arca,Y,N,
DG,Dollar General Corporation Common Stock,N,NYSE,N,N,
DGAC.U,"Disciplined Growth Acquisition Corporation Units, each consisting of one Class A Ordinary Share and one Right",N,NYSE,N,N,
DGAP,FT Vest U.S. Equity Buffer & Digital Return ETF - April,Z,Cboe BZX,Y,N,
DGCB,Dimensional Global Credit ETF,Q,Nasdaq,Y,N,N
DGICA,"Donegal Group, Inc. - Class A Common Stock",Q,Nasdaq,N,N,N
DGICB,"Donegal Group, Inc. - Class B Common Stock",Q,Nasdaq,N,N,N
DGII,Digi International Inc. - Common Stock,Q,Nasdaq,N,N,N
DGIN,VanEck Digital India ETF,P,NYSE Arca,Y,N,
DGJA,FT Vest U.S. Equity Buffer & Digital Return ETF - January,Z,Cboe BZX,Y,N,
DGLO,First Trust RBA Deglobalization ETF,Q,Nasdaq,Y,N,N
DGNX,Diginex Limited - Ordinary Shares,Q,Nasdaq,N,N,D
DGOC,FT Vest U.S. Equity Buffer & Digital Return ETF - October,Z,Cboe BZX,Y,N,
DGP,"DB Gold Double Long ETN due February 15, 2038",P,NYSE Arca,N,N,
DGRE,WisdomTree Emerging Markets Quality Dividend Growth Fund,Q,Nasdaq,Y,N,N
DGRO,iShares Core Dividend Growth ETF,P,NYSE Arca,Y,N,
DGRS,WisdomTree U.S. SmallCap Quality Dividend Growth Fund,Q,Nasdaq,Y,N,N
DGRW,WisdomTree U.S. Quality Dividend Growth Fund,Q,Nasdaq,Y,N,N
DGS,WisdomTree Emerging Market SmallCap Fund,P,NYSE Arca,Y,N,
DGT,State Street SPDR Global Dow ETF,P,NYSE Arca,Y,N,
DGX,Quest Diagnostics Incorporated Common Stock,N,NYSE,N,N,
DGXX,Digi Power X Inc. - Common Subordinate Voting Shares,Q,Nasdaq,N,N,N
DGZ,"DB Gold Short ETN due February 15, 2038",P,NYSE Arca,N,N,
DH,Definitive Healthcare Corp. - Class A Common Stock,Q,Nasdaq,N,N,D
DHC,Diversified Healthcare Trust  - Common Shares of Beneficial Interest,Q,Nasdaq,N,N,N
DHCNI,Diversified Healthcare Trust  - 5.625% Senior Notes due 2042,Q,Nasdaq,N,N,N
DHCNL,Diversified Healthcare Trust  - 6.25% Senior Notes Due 2046,Q,Nasdaq,N,N,N
DHDG,FT Vest U.S. Equity Quarterly 2.5 to 15 Buffer ETF,Z,Cboe BZX,Y,N,
DHF,BNY Mellon High Yield Strategies Fund Common Stock,N,NYSE,N,N,
DHI,"D.R. Horton, Inc. Common Stock",N,NYSE,N,N,
DHLX,Diamond Hill Large Cap Concentrated ETF,P,NYSE Arca,Y,N,
DHR,Danaher Corporation Common Stock,N,NYSE,N,N,
DHS,WisdomTree U.S. High Dividend Fund,P,NYSE Arca,Y,N,
DHSB,Day Hagan Smart Buffer ETF,P,NYSE Arca,Y,N,
DHT,"DHT Holdings, Inc.",N,NYSE,N,N,
DHX,"DHI Group, Inc. Common Stock",N,NYSE,N,N,
DHY,Credit Suisse High Yield Credit Fund Common Stock,A,NYSE American,N,N,
DIA,State Street SPDR Dow Jones Industrial Average ETF Trust,P,NYSE Arca,Y,N,
DIAL,Columbia Diversified Fixed Income Allocation ETF,P,NYSE Arca,Y,N,
DIBS,"1stdibs.com, Inc. - Common Stock",Q,Nasdaq,N,N,N
DIEM,Franklin Emerging Market Core Dividend Tilt Index ETF,P,NYSE Arca,Y,N,
DIG,ProShares Ultra Energy,P,NYSE Arca,Y,N,
DIHP,Dimensional International High Profitability ETF,Z,Cboe BZX,Y,N,
DIM,WisdomTree International MidCap Dividend Fund,P,NYSE Arca,Y,N,
DIME,CoinShares Altcoins ETF,Q,Nasdaq,Y,N,N
DIN,"Dine Brands Global, Inc. Common Stock",N,NYSE,N,N,
DINE,Simplify Tax Aware Diversified Income Strategy ETF,Q,Nasdaq,Y,N,N
DINO,HF Sinclair Corporation Common Stock,N,NYSE,N,N,
DINT,Davis Select International ETF,Z,Cboe BZX,Y,N,
DIOD,Diodes Incorporated - Common Stock,Q,Nasdaq,N,N,N
DIPR,Corgi Space & Satellite Communications ETF,Z,Cboe BZX,Y,N,
DIPS,YieldMax Short NVDA Option Income Strategy ETF,P,NYSE Arca,Y,N,
DIS,Walt Disney Company (The) Common Stock,N,NYSE,N,N,
DISK,Tema Memory ETF,P,NYSE Arca,Y,N,
DISV,Dimensional International Small Cap Value ETF,Z,Cboe BZX,Y,N,
DIT,AMCON Distributing Company Common Stock,A,NYSE American,N,N,
DIV,Global X Super Dividend ETF,P,NYSE Arca,Y,N,
DIVB,iShares Core Dividend ETF,Z,Cboe BZX,Y,N,
DIVD,Altrius Global Dividend ETF,Q,Nasdaq,Y,N,N
DIVE,Dana Concentrated Dividend ETF,P,NYSE Arca,Y,N,
DIVG,Invesco S&P 500 High Dividend Growers ETF,P,NYSE Arca,Y,N,
DIVI,Franklin International Core Dividend Tilt Index ETF,P,NYSE Arca,Y,N,
DIVL,Madison Dividend Value ETF,P,NYSE Arca,Y,N,
DIVN,Horizon Dividend Income ETF,Z,Cboe BZX,Y,N,
DIVO,Amplify CWP Enhanced Dividend Income ETF,P,NYSE Arca,Y,N,
DIVP,Cullen Enhanced Equity Income ETF,P,NYSE Arca,Y,N,
DIVS,Guinness Atkinson Dividend Builder ETF,P,NYSE Arca,Y,N,
DIVY,Sound Equity Dividend Income ETF,N,NYSE,Y,N,
DIVZ,Polen Dividend Income ETF,P,NYSE Arca,Y,N,
DJAN,FT Vest U.S. Equity Deep Buffer ETF - January,Z,Cboe BZX,Y,N,
DJCO,Daily Journal Corp. (S.C.) - Common Stock,Q,Nasdaq,N,N,N
DJD,Invesco Dow Jones Industrial Average Dividend ETF,P,NYSE Arca,Y,N,
DJIA,Global X Dow 30 Covered Call ETF,P,NYSE Arca,Y,N,
DJP,iPath Bloomberg Commodity Index Total Return ETN,P,NYSE Arca,N,N,
DJT,Trump Media & Technology Group Corp. - Common Stock,Q,Nasdaq,N,N,N
DJTU,T-REX 2X Long DJT Daily Target ETF,Z,Cboe BZX,Y,N,
DJTWW,Trump Media & Technology Group Corp. - Warrants,Q,Nasdaq,N,N,N
DJUL,FT Vest U.S. Equity Deep Buffer ETF - July,Z,Cboe BZX,Y,N,
DJUN,FT Vest U.S. Equity Deep Buffer ETF - June,Z,Cboe BZX,Y,N,
DK,"Delek US Holdings, Inc. Common Stock",N,NYSE,N,N,
DKI,DarkIris Inc. - Class A Ordinary Shares,Q,Nasdaq,N,N,N
DKL,"Delek Logistics Partners, L.P. Common Units representing Limited Partner Interests",N,NYSE,N,N,
DKNG,DraftKings Inc. - Class A Common Stock,Q,Nasdaq,N,N,N
DKNX,Defiance Daily Target 2X Long DKNG ETF,Q,Nasdaq,Y,N,N
DKS,Dick's Sporting Goods Inc Common Stock,N,NYSE,N,N,
DLAG,FT Vest U.S. Equity Dual Directional Buffer ETF - August,Z,Cboe BZX,Y,N,
DLB,Dolby Laboratories Common Stock,N,NYSE,N,N,
DLFE,FT Vest U.S. Equity Dual Directional Buffer ETF - February,Z,Cboe BZX,Y,N,
DLHC,DLH Holdings Corp. - Common Stock,Q,Nasdaq,N,N,N
DLLL,GraniteShares 2x Long DELL Daily ETF,Q,Nasdaq,Y,N,N
DLMY,FT Vest U.S. Equity Dual Directional Buffer ETF - May,Z,Cboe BZX,Y,N,
DLN,WisdomTree U.S. LargeCap Dividend Fund,P,NYSE Arca,Y,N,
DLNG,Dynagas LNG Partners LP Common Units,N,NYSE,N,N,
DLNG$A,Dynagas LNG Partners LP 9.00% Series A Cumulative Redeemable Preferred Units,N,NYSE,N,N,
DLNV,FT Vest U.S. Equity Dual Directional Buffer ETF - November,Z,Cboe BZX,Y,N,
DLO,DLocal Limited - Class A Common Shares,Q,Nasdaq,N,N,N
DLPN,"Dolphin Entertainment, Inc. - Common Stock",Q,Nasdaq,N,N,N
DLR,"Digital Realty Trust, Inc. Common Stock",N,NYSE,N,N,
DLR$J,"Digital Realty Trust, Inc. 5.250% Series J Cumulative Redeemable Preferred Stock",N,NYSE,N,N,
DLR$K,"Digital Realty Trust, Inc. 5.850% Series K Cumulative Redeemable Preferred Stock, par value $0.01 per share",N,NYSE,N,N,
DLR$L,"Digital Realty Trust, Inc. 5.200% Series L Cumulative Redeemable Preferred Stock",N,NYSE,N,N,
DLS,WisdomTree International SmallCap Fund,P,NYSE Arca,Y,N,
DLTH,Duluth Holdings Inc. - Class B Common Stock,Q,Nasdaq,N,N,N
DLTR,"Dollar Tree, Inc. - Common Stock",Q,Nasdaq,N,N,N
DLUX,DoubleLine Ultrashort Income ETF,P,NYSE Arca,Y,N,
DLX,Deluxe Corporation Common Stock,N,NYSE,N,N,
DLXY,Delixy Holdings Limited - Class A Ordinary Shares,Q,Nasdaq,N,N,D
DLY,DoubleLine Yield Opportunities Fund Common Shares of Beneficial Interest,N,NYSE,N,N,
DMA,Destra Multi-Alternative Fund Common Stock,N,NYSE,N,N,
DMAA,Drugs Made In America Acquisition Corp. - Ordinary Shares,Q,Nasdaq,N,N,N
DMAAR,Drugs Made In America Acquisition Corp. - Rights,Q,Nasdaq,N,N,N
DMAAU,Drugs Made In America Acquisition Corp. - Units,Q,Nasdaq,N,N,N
DMAC,DiaMedica Therapeutics Inc. - Common Stock,Q,Nasdaq,N,N,N
DMAR,FT Vest U.S. Equity Deep Buffer ETF - March,Z,Cboe BZX,Y,N,
DMAX,iShares Large Cap Max Buffer Dec ETF,Z,Cboe BZX,Y,N,
DMAY,FT Vest U.S. Equity Deep Buffer ETF - May,Z,Cboe BZX,Y,N,
DMB,"BNY Mellon Municipal Bond Infrastructure Fund, Inc. Common Stock",N,NYSE,N,N,
DMBS,DoubleLine Mortgage ETF,P,NYSE Arca,Y,N,
DMC,Del Monte Corporation Ordinary Shares,N,NYSE,N,N,
DMII,Drugs Made In America Acquisition II Corp. - Ordinary Shares,Q,Nasdaq,N,N,N
DMIIR,Drugs Made In America Acquisition II Corp. - Right,Q,Nasdaq,N,N,N
DMIIU,Drugs Made In America Acquisition II Corp. - Unit,Q,Nasdaq,N,N,N
DMLP,"Dorchester Minerals, L.P. - Common Units Representing Limited Partnership Interests",Q,Nasdaq,N,N,N
DMO,Western Asset Mortgage Opportunity Fund Inc. Common Stock,N,NYSE,N,N,
DMRA,"Damora Therapeutics, Inc. - Common Stock",Q,Nasdaq,N,N,N
DMRC,Digimarc Corporation - Common Stock,Q,Nasdaq,N,N,N
DMX,DoubleLine Multi-Sector Income ETF,P,NYSE Arca,Y,N,
DMXF,iShares ESG Advanced MSCI EAFE ETF,Q,Nasdaq,Y,N,N
DNA,"Ginkgo Bioworks Holdings, Inc. Class A Common Stock",N,NYSE,N,N,
DNL,WisdomTree Global ex-U.S. Quality Growth Fund,P,NYSE Arca,Y,N,
DNLI,Denali Therapeutics Inc. - Common Stock,Q,Nasdaq,N,N,N
DNMX,Dynamix Corporation III - Class A Ordinary Shares,Q,Nasdaq,N,N,N
DNMXU,Dynamix Corporation III - Unit,Q,Nasdaq,N,N,N
DNMXW,Dynamix Corporation III - Warrants,Q,Nasdaq,N,N,N
DNN,Denison Mines Corp Ordinary Shares (Canada),A,NYSE American,N,N,
DNNG,Leverage Shares 2x Long DNN Daily ETF,Q,Nasdaq,Y,N,N
DNOV,FT Vest U.S. Equity Deep Buffer ETF - November,Z,Cboe BZX,Y,N,
DNOW,DNOW Inc. Common Stock,N,NYSE,N,N,
DNP,"DNP Select Income Fund, Inc. Common Stock",N,NYSE,N,N,
DNTH,"Dianthus Therapeutics, Inc. - Common Stock",Q,Nasdaq,N,N,N
DNUT,"Krispy Kreme, Inc. - Common Stock",Q,Nasdaq,N,N,N
DOC,"Healthpeak Properties, Inc. Common Stock",N,NYSE,N,N,
DOCK,"Corgi Ports, Rail & Freight ETF",Z,Cboe BZX,Y,N,
DOCN,"DigitalOcean Holdings, Inc. Common Stock",N,NYSE,N,N,
DOCS,"Doximity, Inc. Class A Common Stock",N,NYSE,N,N,
DOCT,FT Vest U.S. Equity Deep Buffer ETF - October,Z,Cboe BZX,Y,N,
DOCU,"DocuSign, Inc. - Common Stock",Q,Nasdaq,N,N,N
DOG,ProShares Short Dow30,P,NYSE Arca,Y,N,
DOGG,FT Vest DJIA Dogs 10 Target Income ETF,Z,Cboe BZX,Y,N,
DOGZ,Dogness (International) Corporation - Class A Common Stock,Q,Nasdaq,N,N,N
DOJE,REX-Osprey DOGE ETF,Z,Cboe BZX,Y,N,
DOL,WisdomTree True Developed International Fund,P,NYSE Arca,Y,N,
DOLE,Dole plc Ordinary Shares,N,NYSE,N,N,
DOMH,Dominari Holdings Inc. - Common Stock,Q,Nasdaq,N,N,N
DOMO,"Domo, Inc. - Class B Common Stock",Q,Nasdaq,N,N,N
DON,WisdomTree U.S. MidCap Dividend Fund,P,NYSE Arca,Y,N,
DOO,BRP Inc. - Common Subordinate Voting Shares,Q,Nasdaq,N,N,N
DORM,"Dorman Products, Inc. - Common Stock",Q,Nasdaq,N,N,N
DOUG,Douglas Elliman Inc. Common Stock,N,NYSE,N,N,
DOV,Dover Corporation Common Stock,N,NYSE,N,N,
DOW,Dow Inc. Common Stock ,N,NYSE,N,N,
DOX,Amdocs Limited - Ordinary Shares,Q,Nasdaq,N,N,N
DOYU,DouYu International Holdings Limited - American Depositary Shares,Q,Nasdaq,N,N,N
DPC,DPC Holdings PLC Ordinary Shares,N,NYSE,N,N,
DPG,Duff & Phelps Utility and Infrastructure Fund Inc.,N,NYSE,N,N,
DPRE,Virtus Duff & Phelps Real Estate Income ETF,P,NYSE Arca,Y,N,
DPRO,Draganfly Inc. - Common Shares,Q,Nasdaq,N,N,N
DPST,Direxion Daily Regional Banks Bull 3X ETF,P,NYSE Arca,Y,N,
DPZ,Domino's Pizza Inc - Common Stock,Q,Nasdaq,N,N,N
DQ,"DAQO New Energy Corp. American Depositary Shares, each representing five ordinary shares",N,NYSE,N,N,
DQJN,FT Vest Nasdaq-100 Dual Directional Buffer ETF - June,Z,Cboe BZX,Y,N,
DRAI,Draco Evolution AI ETF,P,NYSE Arca,Y,N,
DRAL,Defiance Daily Target 2X Long DRAM ETF,Z,Cboe BZX,Y,N,
DRAM,Roundhill Memory ETF,Z,Cboe BZX,Y,N,
DRAY,YieldMax DKNG Option Income Strategy ETF,P,NYSE Arca,Y,N,
DRCT,"Direct Digital Holdings, Inc. - Class A Common Stock",Q,Nasdaq,N,N,D
DRD,DRDGOLD Limited American Depositary Shares,N,NYSE,N,N,
DRDB,Roman DBDR Acquisition Corp. II - Ordinary shares,Q,Nasdaq,N,N,N
DRDBU,Roman DBDR Acquisition Corp. II - Unit,Q,Nasdaq,N,N,N
DRDBW,Roman DBDR Acquisition Corp. II - Warrants,Q,Nasdaq,N,N,N
DRES,GMO Domestic Resilience ETF,P,NYSE Arca,Y,N,
DRGN,Themes China Generative Artificial Intelligence ETF,Z,Cboe BZX,Y,N,
DRH,Diamondrock Hospitality Company - Common Stock,Q,Nasdaq,N,N,N
DRI,"Darden Restaurants, Inc. Common Stock",N,NYSE,N,N,
DRIO,DarioHealth Corp. - Common Stock,Q,Nasdaq,N,N,N
DRIP,Direxion Daily S&P Oil & Gas Exp. & Prod. Bear 2X ETF,P,NYSE Arca,Y,N,
DRIV,Global X Autonomous & Electric Vehicles ETF,Q,Nasdaq,Y,N,N
DRKY,VistaShares Target 15 DRUKMacro Distribution ETF,P,NYSE Arca,Y,N,
DRLL,Strive U.S. Energy ETF,N,NYSE,Y,N,
DRMA,"Dermata Therapeutics, Inc. - Common Stock",Q,Nasdaq,N,N,N
DRMAW,"Dermata Therapeutics, Inc. - Warrant",Q,Nasdaq,N,N,N
DRMP,Tuttle Capital Memory Stack Income Blast ETF,Z,Cboe BZX,Y,N,
DRN,Direxion Daily Real Estate Bull 3X ETF,P,NYSE Arca,Y,N,
DRNL,Defiance 2X Daily Long Pure Drone and Aerial Automation ETF,Z,Cboe BZX,Y,N,
DRNZ,REX Drone ETF,Q,Nasdaq,Y,N,N
DRS,"Leonardo DRS, Inc. - Common Stock",Q,Nasdaq,N,N,N
DRSK,Aptus Defined Risk ETF,Z,Cboe BZX,Y,N,
DRTS,Alpha Tau Medical Ltd. - Ordinary Shares,Q,Nasdaq,N,N,N
DRTSW,Alpha Tau Medical Ltd. - Warrant,Q,Nasdaq,N,N,N
DRUG,Bright Minds Biosciences Inc. - common stock,Q,Nasdaq,N,N,N
DRUP,GraniteShares Nasdaq Select Disruptors ETF,P,NYSE Arca,Y,N,
DRV,Direxion Daily Real Estate Bear 3X ETF,P,NYSE Arca,Y,N,
DRVN,Driven Brands Holdings Inc. - Common Stock,Q,Nasdaq,N,N,N
DRVR,Amplify S&P 500 Dividend Drivers ETF,P,NYSE Arca,Y,N,
DSAC,Daedalus Special Acquisition Corp. - Class A Ordinary Shares,Q,Nasdaq,N,N,N
DSACU,Daedalus Special Acquisition Corp. - Unit,Q,Nasdaq,N,N,N
DSACW,Daedalus Special Acquisition Corp. - Warrant,Q,Nasdaq,N,N,N
DSC,DSC Holdings Ltd. - American Depositary Shares,Q,Nasdaq,N,N,N
DSCO,DoubleLine Securitized Credit ETF,P,NYSE Arca,Y,N,
DSEP,FT Vest U.S. Equity Deep Buffer ETF - September,Z,Cboe BZX,Y,N,
DSGN,"Design Therapeutics, Inc. - Common Stock",Q,Nasdaq,N,N,N
DSGR,"Distribution Solutions Group, Inc. - Common Stock",Q,Nasdaq,N,N,N
DSGX,The Descartes Systems Group Inc. - Common Stock,Q,Nasdaq,N,N,N
DSI,iShares ESG MSCI KLD 400 ETF,P,NYSE Arca,Y,N,
DSL,DoubleLine Income Solutions Fund Common Shares of Beneficial Interests,N,NYSE,N,N,
DSM,"BNY Mellon Strategic Municipal Bond Fund, Inc. Common Stock",N,NYSE,N,N,
DSMC,Distillate Small/Mid Cash Flow ETF,N,NYSE,Y,N,
DSP,Viant Technology Inc. - common stock,Q,Nasdaq,N,N,N
DSPY,Tema S&P 500 Historical Weight ETF Strategy,P,NYSE Arca,Y,N,
DSS,"DSS, Inc. Common Stock",A,NYSE American,N,N,
DSTL,Distillate U.S. Fundamental Stability & Value ETF,P,NYSE Arca,Y,N,
DSTX,Distillate International Fundamental Stability & Value ETF,N,NYSE,Y,N,
DSU,"Blackrock Debt Strategies Fund, Inc. Common Stock",N,NYSE,N,N,
DSWL,"Deswell Industries, Inc. - Common Shares",Q,Nasdaq,N,N,N
DSX,Diana Shipping inc. common stock,N,NYSE,N,N,
DSX$B,Diana Shipping Inc. Perpetual Preferred Shares Series B (Marshall Islands),N,NYSE,N,N,
DSX.W,Diana Shipping inc. Warrants,N,NYSE,N,N,
DSY,Big Tree Cloud Holdings Limited - Class A Ordinary Shares,Q,Nasdaq,N,N,N
DSYWW,Big Tree Cloud Holdings Limited - Warrants,Q,Nasdaq,N,N,N
DT,"Dynatrace, Inc. Common Stock",N,NYSE,N,N,
DTAN,Sparkline International Intangible Value ETF,P,NYSE Arca,Y,N,
DTB,DTE Energy Company 2020 Series G 4.375% Junior Subordinated Debentures due 2080,N,NYSE,N,N,
DTCR,Global X Data Center & Digital Infrastructure ETF,Q,Nasdaq,Y,N,N
DTCX,"Datacentrex, Inc. - Common Stock",Q,Nasdaq,N,N,N
DTD,WisdomTree U.S. Total Dividend Fund,P,NYSE Arca,Y,N,
DTE,DTE Energy Company Common Stock,N,NYSE,N,N,
DTEC,ALPS Disruptive Technologies ETF,P,NYSE Arca,Y,N,
DTF,DTF Tax-Free Income 2028 Term Fund Inc. Common Stock,N,NYSE,N,N,
DTG,DTE Energy Company 2021 Series E 4.375% Junior Subordinated Debentures,N,NYSE,N,N,
DTH,WisdomTree International High Dividend Fund,P,NYSE Arca,Y,N,
DTI,Drilling Tools International Corporation  - Common Stock,Q,Nasdaq,N,N,N
DTIL,"Precision BioSciences, Inc. - Common Stock",Q,Nasdaq,N,N,N
DTK,DTE Energy Company 2025 Series H 6.25% Junior Subordinated Debentures due 2085,N,NYSE,N,N,
DTM,"DT Midstream, Inc. Common Stock ",N,NYSE,N,N,
DTRE,First Trust Alerian Disruptive Technology Real Estate ETF,P,NYSE Arca,Y,N,
DTSQ,DT Cloud Star Acquisition Corporation - Ordinary Shares,Q,Nasdaq,N,N,D
DTSQR,DT Cloud Star Acquisition Corporation - Right,Q,Nasdaq,N,N,D
DTSQU,DT Cloud Star Acquisition Corporation - Units,Q,Nasdaq,N,N,D
DTSS,Datasea Intelligent Technology Ltd. - Class A Ordinary Shares,Q,Nasdaq,N,N,D
DTST,Data Storage Corporation - Common Stock,Q,Nasdaq,N,N,N
DTW,DTE Energy Company 2017 Series E 5.25% Junior Subordinated Debentures due 2077,N,NYSE,N,N,
DUBS,Aptus Large Cap Enhanced Yield ETF,Z,Cboe BZX,Y,N,
DUG,ProShares UltraShort Energy,P,NYSE Arca,Y,N,
DUHP,Dimensional US High Profitability ETF,P,NYSE Arca,Y,N,
DUK,Duke Energy Corporation (Holding Company) Common Stock,N,NYSE,N,N,
DUK$A,"Duke Energy Corporation Depositary Shares, each representing a 1/1,000th interest in a share of 5.75% Series A Cumulative Redeemable Perpetual Preferred Stock",N,NYSE,N,N,
DUKB,Duke Energy Corporation 5.625% Junior Subordinated Debentures due 2078,N,NYSE,N,N,
DUKH,Ocean Park High Income ETF,Q,Nasdaq,Y,N,N
DUKQ,Ocean Park Domestic ETF,P,NYSE Arca,Y,N,
DUKR,DUKE Robotics Corp. - Common Stock,Q,Nasdaq,N,N,N
DUKRW,DUKE Robotics Corp. - Warrant,Q,Nasdaq,N,N,N
DUKX,Ocean Park International ETF,Q,Nasdaq,Y,N,N
DUKZ,Ocean Park Diversified Income ETF,P,NYSE Arca,Y,N,
DULL,"MicroSectors Gold -3X Inverse Leveraged ETNs due January 29, 2043",P,NYSE Arca,Y,N,
DUNK,Dana Unconstrained Equity ETF,P,NYSE Arca,Y,N,
DUO,Fangdd Network Group Ltd. - Class A Ordinary Shares,Q,Nasdaq,N,N,N
DUOG,Leverage Shares 2X Long DUOL Daily ETF,Q,Nasdaq,Y,N,N
DUOL,"Duolingo, Inc. - Class A Common Stock",Q,Nasdaq,N,N,N
DUOT,"Duos Technologies Group, Inc. - Common Stock",Q,Nasdaq,N,N,N
DURA,VanEck Durable High Dividend ETF,Z,Cboe BZX,Y,N,
DUSA,Davis Select U.S. Equity ETF,Z,Cboe BZX,Y,N,
DUSB,Dimensional Ultrashort Fixed Income ETF,P,NYSE Arca,Y,N,
DUSG,U.S. Small Cap Growth Portfolio: ETF Class Shares,Q,Nasdaq,Y,N,N
DUSL,Direxion Daily Industrials Bull 3X ETF,P,NYSE Arca,Y,N,
DUST,Direxion Daily Gold Miners Index Bear 2X ETF,P,NYSE Arca,Y,N,
DUTY,U.S. Defense ETF,P,NYSE Arca,Y,N,
DV,"DoubleVerify Holdings, Inc. Common Stock",N,NYSE,N,N,
DVA,DaVita Inc. Common Stock,N,NYSE,N,N,
DVAL,BrandywineGLOBAL-Dynamic US Large Cap Value ETF,Q,Nasdaq,Y,N,N
DVDN,Kingsbarn Dividend Opportunity ETF,P,NYSE Arca,Y,N,
DVGR,DAC 3D Dividend Growth ETF,Q,Nasdaq,Y,N,N
DVIN,WEBs Industrials XLI Defined Volatility ETF,Q,Nasdaq,Y,N,N
DVLT,Datavault AI Inc. - Common Stock,Q,Nasdaq,N,N,D
DVLU,First Trust Dorsey Wright Momentum & Value ETF,Q,Nasdaq,Y,N,N
DVN,Devon Energy Corporation Common Stock,N,NYSE,N,N,
DVND,Touchstone Dividend Select ETF,P,NYSE Arca,Y,N,
DVOL,First Trust Dorsey Wright Momentum & Low Volatility ETF,Q,Nasdaq,Y,N,N
DVQQ,WEBs QQQ Defined Volatility ETF,Q,Nasdaq,Y,N,N
DVRE,WEBs Real Estate XLRE Defined Volatility ETF,Q,Nasdaq,Y,N,N
DVSP,WEBs SPY Defined Volatility ETF,Q,Nasdaq,Y,N,N
DVUT,WEBs Utilities XLU Defined Volatility ETF,Q,Nasdaq,Y,N,N
DVVY,Invesco Diversified Dividend Opportunities ETF,Z,Cboe BZX,Y,N,
DVXB,WEBs Materials XLB Defined Volatility ETF,Q,Nasdaq,Y,N,N
DVXC,WEBs Communication Services XLC Defined Volatility ETF,Q,Nasdaq,Y,N,N
DVXE,WEBs Energy XLE Defined Volatility ETF,Q,Nasdaq,Y,N,N
DVXF,WEBs Financial XLF Defined Volatility ETF,Q,Nasdaq,Y,N,N
DVXK,WEBs Technology XLK Defined Volatility ETF,Q,Nasdaq,Y,N,N
DVXP,WEBs Consumer Staples XLP Defined Volatility ETF,Q,Nasdaq,Y,N,N
DVXV,WEBs Health Care XLV Defined Volatility ETF,Q,Nasdaq,Y,N,N
DVXY,WEBs Consumer Discretionary XLY Defined Volatility ETF,Q,Nasdaq,Y,N,N
DVY,iShares Select Dividend ETF,Q,Nasdaq,Y,N,N
DVYA,iShares Asia / Pacific Dividend 30 Index Fund Exchange Traded Fund,P,NYSE Arca,Y,N,
DVYE,iShares Emerging Markets Dividend Index Fund Exchange Traded Fund,P,NYSE Arca,Y,N,
DWAS,Invesco Dorsey Wright SmallCap Momentum ETF,Q,Nasdaq,Y,N,N
DWAW,AdvisorShares Dorsey Wright FSM All Cap World ETF,Q,Nasdaq,Y,N,N
DWLD,Davis Select Worldwide ETF,Z,Cboe BZX,Y,N,
DWM,WisdomTree International Equity Fund,P,NYSE Arca,Y,N,
DWMF,WisdomTree International Multifactor Fund,P,NYSE Arca,Y,N,
DWSH,AdvisorShares Dorsey Wright Short ETF,Q,Nasdaq,Y,N,N
DWSN,Dawson Geophysical Company - Common Stock,Q,Nasdaq,N,N,N
DWTX,"Dogwood Therapeutics, Inc.  - Common Stock",Q,Nasdaq,N,N,N
DWUS,AdvisorShares Dorsey Wright FSM US Core ETF,Q,Nasdaq,Y,N,N
DWWN,Principal Long Duration ETF,Z,Cboe BZX,Y,N,
DWX,State Street SPDR S&P International Dividend ETF,P,NYSE Arca,Y,N,
DX,"Dynex Capital, Inc. Common Stock",N,NYSE,N,N,
DX$C,"Dynex Capital, Inc. 6.900% Series C Fixed-to-Floating Rate Cumulative Redeemable Preferred Stock",N,NYSE,N,N,
DXC,DXC Technology Company Common Stock ,N,NYSE,N,N,
DXCM,"DexCom, Inc. - Common Stock",Q,Nasdaq,N,N,N
DXD,ProShares UltraShort Dow30,P,NYSE Arca,Y,N,
DXF,"Eason Technology Limited American Depositary Shares (each representing sixty-thousand (60,000) Ordinary Shares)",A,NYSE American,N,N,
DXIV,Dimensional International Vector Equity ETF,P,NYSE Arca,Y,N,
DXJ,WisdomTree Japan Hedged Equity Fund,P,NYSE Arca,Y,N,
DXLG,"Destination XL Group, Inc. - Common Stock",Q,Nasdaq,N,N,D
DXPE,"DXP Enterprises, Inc. - Common Stock",Q,Nasdaq,N,N,N
DXR,Daxor Corporation - Closed End Fund,Q,Nasdaq,N,N,N
DXST,Decent Holding Inc. - Class A Ordinary Shares,Q,Nasdaq,N,N,N
DXUV,Dimensional US Vector Equity ETF,P,NYSE Arca,Y,N,
DXYZ,Destiny Tech100 Inc. Common Stock,N,NYSE,N,N,
DY,"Dycom Industries, Inc. Common Stock",N,NYSE,N,N,
DYAI,"Dyadic International, Inc. - Common Stock",Q,Nasdaq,N,N,D
DYFI,IDX Dynamic Fixed Income ETF,Q,Nasdaq,Y,N,N
DYLD,LeaderShares Dynamic Yield ETF,P,NYSE Arca,Y,N,
DYLG,Global X Dow 30 Covered Call & Growth ETF,P,NYSE Arca,Y,N,
DYN,"Dyne Therapeutics, Inc. - Common Stock",Q,Nasdaq,N,N,N
DYNB,Hartford Dynamic Bond ETF,Q,Nasdaq,Y,N,N
DYNC,Dynamix Corporation - Class A Ordinary Share,Q,Nasdaq,N,N,N
DYNCU,Dynamix Corporation - Unit,Q,Nasdaq,N,N,N
DYNCW,Dynamix Corporation - Warrant,Q,Nasdaq,N,N,N
DYNF,iShares U.S. Equity Factor Rotation Active ETF,P,NYSE Arca,Y,N,
DYOR,Insight Digital Partners II - Class A Ordinary Shares,Q,Nasdaq,N,N,N
DYORU,Insight Digital Partners II - Units,Q,Nasdaq,N,N,N
DYORW,Insight Digital Partners II - Warrants,Q,Nasdaq,N,N,N
DYTA,SGI Dynamic Tactical ETF,Q,Nasdaq,Y,N,N
DZZ,"DB Gold Double Short ETN due February 15, 2038",P,NYSE Arca,N,N,
E,ENI S.p.A. Common Stock,N,NYSE,N,N,
EA,Electronic Arts Inc. - Common Stock,Q,Nasdaq,N,N,N
EAD,Allspring Income Opportunities Fund Common Shares,A,NYSE American,N,N,
EAF,GrafTech International Ltd. Common Stock,N,NYSE,N,N,
EAFG,Pacer Developed Markets Cash Cows Growth Leaders ETF,P,NYSE Arca,Y,N,
EAGG,iShares ESG Aware U.S. Aggregate Bond ETF,P,NYSE Arca,Y,N,
EAGL,Eagle Capital Select Equity ETF,P,NYSE Arca,Y,N,
EAI,"Entergy Arkansas, LLC First Mortgage Bonds, 4.875% Series Due September 1, 2066",N,NYSE,N,N,
EALT,Innovator U.S. Equity 5 to 15 Buffer ETF - Quarterly,Z,Cboe BZX,Y,N,
EAOA,iShares ESG Aware 80/20 Aggressive Allocation ETF,Z,Cboe BZX,Y,N,
EAOK,iShares ESG Aware 30/70 Conservative Allocation ETF,Z,Cboe BZX,Y,N,
EAOM,iShares ESG Aware 40/60 Moderate Allocation ETF,Z,Cboe BZX,Y,N,
EAOR,iShares ESG Aware 60/40 Balanced Allocation ETF,Z,Cboe BZX,Y,N,
EAPR,Innovator Emerging Markets Power Buffer ETF April,P,NYSE Arca,Y,N,
EARN,Ellington Credit Company Common Shares of Beneficial Interest,N,NYSE,N,N,
EART,Global X Rare Earth & Critical Materials ETF,Q,Nasdaq,Y,N,N
EASG,Xtrackers MSCI EAFE Selection Equity ETF,P,NYSE Arca,Y,N,
EASY,Liberty One Defensive Dividend Growth ETF,Q,Nasdaq,Y,N,N
EAT,"Brinker International, Inc. Common Stock",N,NYSE,N,N,
EBAY,eBay Inc. - Common Stock,Q,Nasdaq,N,N,N
EBC,"Eastern Bankshares, Inc. - Common Stock",Q,Nasdaq,N,N,N
EBF,"Ennis, Inc. Common Stock",N,NYSE,N,N,
EBI,Longview Advantage ETF,Q,Nasdaq,Y,N,N
EBIT,Harbor AlphaEdge Small Cap Earners ETF,P,NYSE Arca,Y,N,
EBIZ,Global X E-commerce ETF,Q,Nasdaq,Y,N,N
EBMT,"Eagle Bancorp Montana, Inc. - Common Stock",Q,Nasdaq,N,N,N
EBND,State Street SPDR Bloomberg Emerging Markets Local Bond ETF,P,NYSE Arca,Y,N,
EBON,Ebang International Holdings Inc. - Class A Ordinary Shares,Q,Nasdaq,N,N,N
EBS,Emergent BioSolutions Inc. Common Stock,N,NYSE,N,N,
EBUF,Innovator Emerging Markets 10 Buffer ETF - Quarterly,P,NYSE Arca,Y,N,
EC,Ecopetrol S.A. American Depositary Shares,N,NYSE,N,N,
ECAT,BlackRock ESG Capital Allocation Term Trust Common Shares of Beneficial Interest,N,NYSE,N,N,
ECBK,"ECB Bancorp, Inc. - Common Stock",Q,Nasdaq,N,N,N
ECC,Eagle Point Credit Company Common Share of Beneficial Interest,N,NYSE,N,N,
ECC$D,Eagle Point Credit Company 6.75% Series D Preferred Stock,N,NYSE,N,N,
ECCC,Eagle Point Credit Company 6.50% Series C Term Preferred Stock due 2031,N,NYSE,N,N,
ECCU,Eagle Point Credit Company 7.75% Notes due 2030,N,NYSE,N,N,
ECCV,Eagle Point Credit Company 5.375% Notes due 2029,N,NYSE,N,N,
ECF,Ellsworth Growth and Income Fund Ltd.,A,NYSE American,N,N,
ECF$A,Ellsworth Growth and Income Fund Ltd. 5.25% Series A Cumulative Preferred Shares (Liquidation Preference $25.00 per share),A,NYSE American,N,N,
ECG,"Everus Construction Group, Inc. Common Stock",N,NYSE,N,N,
ECH,iShares MSCI Chile ETF,Z,Cboe BZX,Y,N,
ECHO,EchoStar Corporation - Common stock,Q,Nasdaq,N,N,N
ECHX,Leverage Shares 2X Long ECHO Daily ETF,Q,Nasdaq,Y,N,N
ECL,Ecolab Inc. Common Stock,N,NYSE,N,N,
ECML,Euclidean Fundamental Value ETF,P,NYSE Arca,Y,N,
ECNS,iShares MSCI China Small-Cap ETF,P,NYSE Arca,Y,N,
ECO,Okeanis Eco Tankers Corp. Common Stock,N,NYSE,N,N,
ECON,Columbia Research Enhanced Emerging Economies ETF,P,NYSE Arca,Y,N,
ECOR,"electroCore, Inc. - Common Stock",Q,Nasdaq,N,N,N
ECOW,Pacer Emerging Markets Cash Cows 100 ETF,Q,Nasdaq,Y,N,N
ECPG,Encore Capital Group Inc - Common Stock,Q,Nasdaq,N,N,N
ECVT,Ecovyst Inc. Common Stock,N,NYSE,N,N,
ECX,ECARX Holdings Inc. - Class A Ordinary shares,Q,Nasdaq,N,N,N
ECXWW,ECARX Holdings Inc. - Warrants,Q,Nasdaq,N,N,N
ED,"Consolidated Edison, Inc. Common Stock",N,NYSE,N,N,
EDBL,Edible Garden AG Incorporated - Common Stock,Q,Nasdaq,N,N,D
EDBLW,Edible Garden AG Incorporated - Warrant,Q,Nasdaq,N,N,N
EDC,Direxion Emerging Markets Bull 3X ETF,P,NYSE Arca,Y,N,
EDD,"Morgan Stanley Emerging Markets Domestic Debt Fund, Inc. Common Stock",N,NYSE,N,N,
EDEN,iShares MSCI Denmark ETF,Z,Cboe BZX,Y,N,
EDF,Virtus Stone Harbor Emerging Markets Income Fund Common Shares of Beneficial Interest,N,NYSE,N,N,
EDGE,MRBL Enhanced Equity ETF,Z,Cboe BZX,Y,N,
EDGF,3EDGE Dynamic Fixed Income ETF,P,NYSE Arca,Y,N,
EDGH,3EDGE Dynamic Hard Assets ETF,P,NYSE Arca,Y,N,
EDGI,3EDGE Dynamic International Equity ETF,P,NYSE Arca,Y,N,
EDGQ,Global X Nasdaq-100 Income Edge ETF,P,NYSE Arca,Y,N,
EDGU,3EDGE Dynamic US Equity ETF,P,NYSE Arca,Y,N,
EDGX,Global X U.S. 500 Income Edge ETF,P,NYSE Arca,Y,N,
EDHL,Everbright Digital Holding Limited - Ordinary Shares,Q,Nasdaq,N,N,N
EDIT,"Editas Medicine, Inc. - Common Stock",Q,Nasdaq,N,N,N
EDIV,State Street SPDR S&P Emerging Markets Dividend ETF,P,NYSE Arca,Y,N,
EDN,Empresa Distribuidora Y Comercializadora Norte S.A. (Edenor) American Depositary Shares,N,NYSE,N,N,
EDOG,ALPS Emerging Sector Dividend Dogs ETF,P,NYSE Arca,Y,N,
EDOW,First Trust Dow 30 Equal Weight ETF,P,NYSE Arca,Y,N,
EDRY,EuroDry Ltd. - Common Shares,Q,Nasdaq,N,N,N
EDSA,"Edesa Biotech, Inc. - Common Shares",Q,Nasdaq,N,N,N
EDTK,Skillful Craftsman Education Technology Limited - Ordinary Share,Q,Nasdaq,N,N,N
EDU,"New Oriental Education & Technology Group, Inc. Sponsored ADR representing 10 Ordinary Share (Cayman Islands)",N,NYSE,N,N,
EDUC,Educational Development Corporation - Common Stock,Q,Nasdaq,N,N,N
EDV,Vanguard Extended Duration Treasury ETF,P,NYSE Arca,Y,N,
EDZ,Direxion Emerging Markets Bear 3X ETF,P,NYSE Arca,Y,N,
EE,"Excelerate Energy, Inc. Class A Common Stock",N,NYSE,N,N,
EEA,"The European Equity Fund, Inc. Common Stock",N,NYSE,N,N,
EEE,CYBER HORNET S&P 500 and Ethereum 75/25 Strategy ETF,Q,Nasdaq,Y,N,N
EEFT,"Euronet Worldwide, Inc. - Common Stock",Q,Nasdaq,N,N,N
EEIQ,EpicQuest Education Group International Limited - Common Stock,Q,Nasdaq,N,N,N
EELV,Invesco S&P Emerging Markets Low Volatility ETF,P,NYSE Arca,Y,N,
EEM,iShares MSCI Emerging Index Fund,P,NYSE Arca,Y,N,
EEMA,iShares MSCI Emerging Markets Asia ETF,Q,Nasdaq,Y,N,N
EEMO,Invesco S&P Emerging Markets Momentum ETF,P,NYSE Arca,Y,N,
EEMS,iShares MSCI Emerging Markets Small Cap ETF,P,NYSE Arca,Y,N,
EEMV,iShares MSCI Emerging Markets Min Vol Factor ETF,Z,Cboe BZX,Y,N,
EEMX,State Street SPDR MSCI Emerging Markets Fossil Fuel Reserves Free ETF,P,NYSE Arca,Y,N,
EES,WisdomTree U.S. SmallCap Fund,P,NYSE Arca,Y,N,
EET,ProShares Ultra MSCI Emerging Markets,P,NYSE Arca,Y,N,
EETH,ProShares Ether ETF,P,NYSE Arca,Y,N,
EEV,ProShares UltraShort MSCI Emerging Markets,P,NYSE Arca,Y,N,
EFA,iShares MSCI EAFE ETF,P,NYSE Arca,Y,N,
EFAA,Invesco MSCI EAFE Income Advantage ETF,P,NYSE Arca,Y,N,
EFAD,ProShares MSCI EAFE Dividend Growers ETF,Z,Cboe BZX,Y,N,
EFAS,Global X MSCI SuperDividend EAFE ETF,Q,Nasdaq,Y,N,N
EFAV,iShares MSCI EAFE Min Vol Factor ETF,Z,Cboe BZX,Y,N,
EFAX,State Street SPDR MSCI EAFE Fossil Fuel Reserves Free ETF,P,NYSE Arca,Y,N,
EFC,Ellington Financial Inc. Common Stock ,N,NYSE,N,N,
EFC$B,Ellington Financial Inc. 6.250% Series B Fixed-Rate Reset Cumulative Redeemable Preferred Stock,N,NYSE,N,N,
EFC$C,Ellington Financial Inc. 8.625% Series C Fixed-Rate Reset Cumulative Redeemable Preferred Stock,N,NYSE,N,N,
EFC$D,Ellington Financial Inc. 7.00% Series D Cumulative Perpetual Redeemable Preferred Stock,N,NYSE,N,N,
EFFE,Harbor Osmosis Emerging Markets Resource Efficient ETF,P,NYSE Arca,Y,N,
EFFI,Harbor Osmosis International Resource Efficient ETF,P,NYSE Arca,Y,N,
EFG,iShares MSCI EAFE Growth ETF,Z,Cboe BZX,Y,N,
EFIV,State Street SPDR S&P 500 ESG ETF,P,NYSE Arca,Y,N,
EFNL,iShares MSCI Finland ETF,Z,Cboe BZX,Y,N,
EFO,ProShares Ultra MSCI EAFE,P,NYSE Arca,Y,N,
EFOI,"Energy Focus, Inc. - Common Stock",Q,Nasdaq,N,N,N
EFOR,"Everforth, Inc. Common Stock",N,NYSE,N,N,
EFR,Eaton Vance Senior Floating-Rate Fund Common Shares of Beneficial Interest,N,NYSE,N,N,
EFRA,iShares Environmental Infrastructure and Industrials ETF,Q,Nasdaq,Y,N,N
EFSC,Enterprise Financial Services Corporation - Common Stock,Q,Nasdaq,N,N,N
EFSCP,"Enterprise Financial Services Corporation - Depositary Shares Each Representing a 1/40th Interest in a Share of 5% Fixed Rate Non-Cumulative Perpetual Preferred Stock, Series A",Q,Nasdaq,N,N,N
EFSI,Eagle Financial Services Inc - Common Stock,Q,Nasdaq,N,N,N
EFT,Eaton Vance Floating Rate Income Trust Common Shares of Beneficial Interest,N,NYSE,N,N,
EFTY,"Etoiles Capital Group Co., Ltd. - Class A Ordinary Shares",Q,Nasdaq,N,N,N
EFU,ProShares UltraShort MSCI EAFE,P,NYSE Arca,Y,N,
EFV,iShares MSCI EAFE Value ETF,Z,Cboe BZX,Y,N,
EFX,"Equifax, Inc. Common Stock",N,NYSE,N,N,
EFXT,Enerflex Ltd Common Shares,N,NYSE,N,N,
EFZ,ProShares Short MSCI EAFE,P,NYSE Arca,Y,N,
EG,"Everest Group, Ltd. Common Stock",N,NYSE,N,N,
EGAN,eGain Corporation - Common Stock,Q,Nasdaq,N,N,N
EGBN,"Eagle Bancorp, Inc. - Common Stock",Q,Nasdaq,N,N,N
EGG,Enigmatig Limited Class A Ordinary Shares,A,NYSE American,N,N,
EGGQ,NestYield Visionary ETF,Q,Nasdaq,Y,N,N
EGGS,NestYield Total Return Guard ETF,P,NYSE Arca,Y,N,
EGGY,NestYield Dynamic Income ETF,P,NYSE Arca,Y,N,
EGHA,EGH Acquisition Corp. - Class A ordinary shares,Q,Nasdaq,N,N,N
EGHAR,EGH Acquisition Corp. - rights,Q,Nasdaq,N,N,N
EGHAU,EGH Acquisition Corp. - Unit,Q,Nasdaq,N,N,N
EGHT,8x8 Inc - Common stock,Q,Nasdaq,N,N,N
EGLE,Global X S&P 500 U.S. Revenue Leaders ETF,P,NYSE Arca,Y,N,
EGO,Eldorado Gold Corporation Ordinary Shares,N,NYSE,N,N,
EGP,"EastGroup Properties, Inc. Common Stock",N,NYSE,N,N,
EGUS,iShares ESG Aware MSCI USA Growth ETF,Z,Cboe BZX,Y,N,
EGY,"VAALCO Energy, Inc.  Common Stock",N,NYSE,N,N,
EH,EHang Holdings Limited - ADS,Q,Nasdaq,N,N,N
EHC,Encompass Health Corporation Common Stock,N,NYSE,N,N,
EHCC,Global X Ethereum Covered Call ETF,Z,Cboe BZX,Y,N,
EHGO,Eshallgo Inc. - Class A Ordinary Shares,Q,Nasdaq,N,N,N
EHI,Western Asset Global High Income Fund Inc Common Stock,N,NYSE,N,N,
EHLD,Euroholdings Ltd. - Common Stock,Q,Nasdaq,N,N,N
EHLS,Even Herd Long Short ETF,Q,Nasdaq,Y,N,N
EHTH,"eHealth, Inc. - Common Stock",Q,Nasdaq,N,N,N
EHY,Amplify Ethereum Max Income Covered Call ETF,Z,Cboe BZX,Y,N,
EIC,Eagle Point Income Company Inc. Common Stock,N,NYSE,N,N,
EICA,Eagle Point Income Company Inc. 5.00% Series A Term Preferred Stock due 2026,N,NYSE,N,N,
EIDO,iShares MSCI Indonesia ETF,P,NYSE Arca,Y,N,
EIG,Employers Holdings Inc Common Stock,N,NYSE,N,N,
EIIA,Eagle Point Institutional Income Fund 8.125% Series A Term Preferred Shares Due 2029,N,NYSE,N,N,
EIKN,"Eikon Therapeutics, Inc. - Common Stock",Q,Nasdaq,N,N,N
EIM,"Eaton Vance Municipal Bond Fund Common Shares of Beneficial Interest, $.01 par value",A,NYSE American,N,N,
EINC,VanEck Energy Income ETF,P,NYSE Arca,Y,N,
EIPI,FT Energy Income Partners Enhanced Income ETF,P,NYSE Arca,Y,N,
EIPX,FT Energy Income Partners Strategy ETF,P,NYSE Arca,Y,N,
EIRL,iShares MSCI Ireland ETF,P,NYSE Arca,Y,N,
EIS,iShares MSCI Israel ETF,P,NYSE Arca,Y,N,
EIX,Edison International Common Stock,N,NYSE,N,N,
EJAN,Innovator Emerging Markets Power Buffer ETF January,P,NYSE Arca,Y,N,
EJH,E-Home Household Service Holdings Limited - Ordinary shares,Q,Nasdaq,N,N,D
EJUL,Innovator Emerging Markets Power Buffer ETF July,P,NYSE Arca,Y,N,
EKG,First Trust Nasdaq Lux Digital Health Solutions ETF,Q,Nasdaq,Y,N,N
EL,"Estee Lauder Companies, Inc. (The) Common Stock",N,NYSE,N,N,
ELA,Envela Corporation Common Stock,A,NYSE American,N,N,
ELAB,PMGC Holdings Inc. - Common Stock,Q,Nasdaq,N,N,N
ELAN,Elanco Animal Health Incorporated Common Stock,N,NYSE,N,N,
ELBM,Electra Battery Materials Corporation - Common Stock,Q,Nasdaq,N,N,D
ELC,"Entergy Louisiana, Inc. Collateral Trust Mortgage Bonds, 4.875 % Series due September 1, 2066",N,NYSE,N,N,
ELCV,Strategy Shares Eventide High Dividend ETF,P,NYSE Arca,Y,N,
ELD,WisdomTree Emerging Markets Local Debt Fund,P,NYSE Arca,Y,N,
ELDN,"Eledon Pharmaceuticals, Inc. - Common Stock",Q,Nasdaq,N,N,N
ELE,Elemental Royalty Corporation - Common Stock,Q,Nasdaq,N,N,N
ELF,"e.l.f. Beauty, Inc. Common Stock",N,NYSE,N,N,
ELFY,ALPS Electrification Infrastructure ETF,Q,Nasdaq,Y,N,N
ELIL,Direxion Daily LLY Bull 2X ETF,Q,Nasdaq,Y,N,N
ELLA,Ellington Credit Company 8.50% Notes due 2031,N,NYSE,N,N,
ELLO,Ellomay Capital Ltd Ordinary Shares (Israel),A,NYSE American,N,N,
ELM,Elm Market Navigator ETF,P,NYSE Arca,Y,N,
ELMD,"Electromed, Inc. Common Stock",A,NYSE American,N,N,
ELME,Elme Communities Common Stock,N,NYSE,N,N,
ELMT,The Elmet Group Co. - Common Stock,Q,Nasdaq,N,N,N
ELOG,Eastern International Ltd. - Ordinary Shares,Q,Nasdaq,N,N,N
ELOX,"Eloxx Pharmaceuticals, Inc. - Common Stock",Q,Nasdaq,N,N,N
ELPC,Companhia Paranaense de Energia (COPEL) American Depositary Shares (each representing four (4) Common Shares),N,NYSE,N,N,
ELPW,Elong Power Holding Limited - Class A Ordinary Shares,Q,Nasdaq,N,N,N
ELS,"Equity Lifestyle Properties, Inc. Common Stock",N,NYSE,N,N,
ELSE,"Electro-Sensors, Inc. - Common Stock",Q,Nasdaq,N,N,N
ELTK,Eltek Ltd. - Ordinary Shares,Q,Nasdaq,N,N,N
ELTX,"Elicio Therapeutics, Inc. - Common Stock",Q,Nasdaq,N,N,N
ELUT,"Elutia, Inc. - Class A Common Stock",Q,Nasdaq,N,N,N
ELV,"Elevance Health, Inc. Common Stock",N,NYSE,N,N,
ELVA,Electrovaya Inc. - Common Shares,Q,Nasdaq,N,N,N
ELVN,"Enliven Therapeutics, Inc.  - Common Stock",Q,Nasdaq,N,N,N
ELVR,Elevra Lithium Limited - American Depository Shares,Q,Nasdaq,N,N,N
ELWT,"Elauwit Connection, Inc. - Common Stock",Q,Nasdaq,N,N,N
EMA,Emera Incorporated Common Shares,N,NYSE,N,N,
EMAT,Evolution Metals & Technologies Corp. - Common Stock,Q,Nasdaq,N,N,N
EMB,iShares J.P. Morgan USD Emerging Markets Bond ETF,Q,Nasdaq,Y,N,N
EMBC,Embecta Corp. - Common Stock,Q,Nasdaq,N,N,N
EMBD,Global X Emerging Markets Bond ETF,P,NYSE Arca,Y,N,
EMBJ,Embraer S.A. Common Stock,N,NYSE,N,N,
EMBX,VanEck Emerging Markets Bond ETF,P,NYSE Arca,Y,N,
EMC,Global X Emerging Markets Great Consumer ETF,P,NYSE Arca,Y,N,
EMCB,WisdomTree Emerging Markets Corporate Bond Fund,Q,Nasdaq,Y,N,N
EMCR,Xtrackers Emerging Markets Carbon Reduction and Climate Improvers ETF,P,NYSE Arca,Y,N,
EMCS,Xtrackers MSCI Emerging Markets Select ETF,P,NYSE Arca,Y,N,
EMD,Western Asset Emerging Markets Debt Fund Inc Common Stock,N,NYSE,N,N,
EMDM,First Trust Bloomberg Emerging Market Democracies ETF,P,NYSE Arca,Y,N,
EMDV,ProShares MSCI Emerging Markets Dividend Growers ETF,Z,Cboe BZX,Y,N,
EME,"EMCOR Group, Inc. Common Stock",N,NYSE,N,N,
EMEM,Sophus Capital Emerging Market ETF,Q,Nasdaq,Y,N,N
EMEQ,Nomura Focused Emerging Markets Equity ETF,Q,Nasdaq,Y,N,N
EMES,Harbor Emerging Markets Select ETF,P,NYSE Arca,Y,N,
EMET,VanEck Copper and Electrification Metals ETF,P,NYSE Arca,Y,N,
EMF,Templeton Emerging Markets Fund Common Stock,N,NYSE,N,N,
EMFI,Pictet Emerging Markets Debt ETF,P,NYSE Arca,Y,N,
EMGF,iShares Emerging Markets Equity Factor ETF,Z,Cboe BZX,Y,N,
EMHC,State Street SPDR Bloomberg Emerging Markets USD Bond ETF,P,NYSE Arca,Y,N,
EMHY,iShares J.P. Morgan EM High Yield Bond ETF,Z,Cboe BZX,Y,N,
EMIF,iShares Emerging Markets Infrastructure ETF,Q,Nasdaq,Y,N,N
EMIS,Emmis Acquisition Corp. - Class A Ordinary Share,Q,Nasdaq,N,N,N
EMISR,Emmis Acquisition Corp. - Rights,Q,Nasdaq,N,N,N
EMJL,Corgi Emerging Markets Equities 15% Structured Buffer ETF - July Series,Z,Cboe BZX,Y,N,
EMJN,Corgi Emerging Markets Equities 15% Structured Buffer ETF - June Series,Z,Cboe BZX,Y,N,
EMKT,Lazard Emerging Markets Opportunities ETF,P,NYSE Arca,Y,N,
EML,Eastern Company (The) - Common Stock,Q,Nasdaq,N,N,N
EMLC,VanEck J. P. Morgan EM Local Currency Bond ET,P,NYSE Arca,Y,N,
EMLP,First Trust North American Energy Infrastructure Fund,P,NYSE Arca,Y,N,
EMM,Global X Emerging Markets ex-China ETF,P,NYSE Arca,Y,N,
EMMF,WisdomTree Emerging Markets Multifactor Fund,P,NYSE Arca,Y,N,
EMMY,Corgi Emerging Markets Equities 15% Structured Buffer ETF - May Series,Z,Cboe BZX,Y,N,
EMN,Eastman Chemical Company Common Stock,N,NYSE,N,N,
EMNT,PIMCO Enhanced Short Maturity Active ESG Exchange-Traded Fund,P,NYSE Arca,Y,N,
EMO,ClearBridge Energy Midstream Opportunity Fund Inc. Common Stock,N,NYSE,N,N,
EMOP,AB Emerging Markets Opportunities ETF,P,NYSE Arca,Y,N,
EMOT,First Trust S&P 500 Economic Moat ETF,P,NYSE Arca,Y,N,
EMP,"Entergy Mississippi, LLC First Mortgage Bonds, 4.90% Series Due October 1, 2066",N,NYSE,N,N,
EMPB,Efficient Market Portfolio Plus ETF,P,NYSE Arca,Y,N,
EMPD,Empery Digital Inc. - Common stock,Q,Nasdaq,N,N,N
EMPG,Empro Group Inc. - Ordinary shares,Q,Nasdaq,N,N,E
EMQQ,EMQQ The Emerging Markets Internet ETF,P,NYSE Arca,Y,N,
EMR,Emerson Electric Company Common Stock,N,NYSE,N,N,
EMSC,Sophus Capital Emerging Market Small Cap ETF,Q,Nasdaq,Y,N,N
EMSF,Matthews Emerging Markets Sustainable Future Active ETF,P,NYSE Arca,Y,N,
EMTL,State Street DoubleLine Emerging Markets Fixed Income ETF,Z,Cboe BZX,Y,N,
EMTY,ProShares Decline of the Retail Store ETF,P,NYSE Arca,Y,N,
EMXC,iShares MSCI Emerging Markets ex China ETF,Q,Nasdaq,Y,N,N
EMXF,iShares ESG Advanced MSCI EM ETF,Q,Nasdaq,Y,N,N
EMXX,Corgi Emerging Markets 2x Daily ETF,Z,Cboe BZX,Y,N,
ENB,Enbridge Inc Common Stock,N,NYSE,N,N,
ENDW,Cambria Endowment Style ETF,Q,Nasdaq,Y,N,N
ENFR,Alerian Energy Infrastructure ETF,P,NYSE Arca,Y,N,
ENGN,enGene Therapeutics Inc. - Common Stock,Q,Nasdaq,N,N,N
ENGNW,enGene Therapeutics Inc. - Warrants,Q,Nasdaq,N,N,N
ENGS,Energys Group Limited - Ordinary Shares,Q,Nasdaq,N,N,N
ENHA,Enhanced Group Inc. Class A Common Stock,N,NYSE,N,N,
ENHI,iShares Enhanced International Active ETF,Q,Nasdaq,Y,N,N
ENHU,iShares Enhanced Large Cap Core Active ETF,Q,Nasdaq,Y,N,N
ENIC,Enel Chile S.A. American Depositary Shares (Each representing 50 shares of Common Stock),N,NYSE,N,N,
ENJ,"Entergy New Orleans, LLC First Mortgage Bonds, 5.0% Series due December 1, 2052",N,NYSE,N,N,
ENLT,Enlight Renewable Energy Ltd. - Ordinary Shares,Q,Nasdaq,N,N,N
ENLV,Enlivex Ltd. - Ordinary Shares,Q,Nasdaq,N,N,D
ENO,"Entergy New Orleans, LLC First Mortgage Bonds, 5.50% Series due April 1, 2066",N,NYSE,N,N,
ENOR,iShares MSCI Norway ETF,Z,Cboe BZX,Y,N,
ENOV,Enovis Corporation Common Stock,N,NYSE,N,N,
ENPH,"Enphase Energy, Inc. - Common Stock",Q,Nasdaq,N,N,N
ENR,"Energizer Holdings, Inc. Common Stock",N,NYSE,N,N,
ENRD,Einride AB - American Depositary Shares,Q,Nasdaq,N,N,N
ENRDW,Einride AB - Warrants,Q,Nasdaq,N,N,N
ENS,EnerSys Common Stock,N,NYSE,N,N,
ENSC,"Ensysce Biosciences, Inc. - Common Stock",Q,Nasdaq,N,N,D
ENSG,"The Ensign Group, Inc. - Common Stock",Q,Nasdaq,N,N,N
ENTA,"Enanta Pharmaceuticals, Inc. - Common Stock",Q,Nasdaq,N,N,N
ENTG,"Entegris, Inc. - Common Stock",Q,Nasdaq,N,N,N
ENTL,Leverage Shares 2X Long ENTG Daily ETF,Z,Cboe BZX,Y,N,
ENTX,Entera Bio Ltd. - Ordinary Shares,Q,Nasdaq,N,N,N
ENVA,"Enova International, Inc. Common Stock",N,NYSE,N,N,
ENVB,"Enveric Biosciences, Inc.  - Common Stock",Q,Nasdaq,N,N,N
ENVX,Enovix Corporation - Common Stock,Q,Nasdaq,N,N,N
ENZL,iShares MSCI New Zealand ETF,Q,Nasdaq,Y,N,N
EO,Corgi EOSE 2x Daily ETF,Z,Cboe BZX,Y,N,
EOCT,Innovator Emerging Markets Power Buffer ETF - October,P,NYSE Arca,Y,N,
EOD,Allspring Global Dividend Opportunity Fund Common Shares of Beneficial Interest,N,NYSE,N,N,
EOG,"EOG Resources, Inc. Common Stock",N,NYSE,N,N,
EOI,Eaton Vance Enhance Equity Income Fund Eaton Vance Enhanced Equity Income Fund Shares of Beneficial Interest,N,NYSE,N,N,
EOLS,"Evolus, Inc. - Common Stock",Q,Nasdaq,N,N,N
EONR,EON Resources Inc. Class A Common Stock,A,NYSE American,N,N,
EONR.W,"EON Resources Inc. Warrants, each whole warrant exercisable for three quarters of one share of Class A Common Stock at an exercise price of $11.50 per whole share",A,NYSE American,N,N,
EOS,Eaton Vance Enhance Equity Income Fund II Common Stock,N,NYSE,N,N,
EOSE,"Eos Energy Enterprises, Inc. - Common Stock",Q,Nasdaq,N,N,N
EOSER,"Eos Energy Enterprises, Inc. - Right",Q,Nasdaq,N,N,N
EOSU,T-REX 2X Long EOSE Daily Target ETF,Z,Cboe BZX,Y,N,
EOT,Eaton Vance Municipal Income Trust EATON VANCE NATIONAL MUNICIPAL OPPORTUNITIES TRUST,N,NYSE,N,N,
EP,Empire Petroleum Corporation Common Stock,A,NYSE American,N,N,
EP$C,El Paso Corporation Preferred Stock,N,NYSE,N,N,
EPAC,Enerpac Tool Group Corp. Common Stock,N,NYSE,N,N,
EPAI,Harbor AI Inflection Strategy ETF,P,NYSE Arca,Y,N,
EPAM,"EPAM Systems, Inc. Common Stock",N,NYSE,N,N,
EPC,Edgewell Personal Care Company Common Stock,N,NYSE,N,N,
EPD,Enterprise Products Partners L.P. Common Stock,N,NYSE,N,N,
EPEM,Harbor Emerging Markets Equity ETF,P,NYSE Arca,Y,N,
EPHE,iShares MSCI Philippines ETF,P,NYSE Arca,Y,N,
EPI,WisdomTree India Earnings Fund,P,NYSE Arca,Y,N,
EPIN,Harbor International Equity ETF,P,NYSE Arca,Y,N,
EPM,"Evolution Petroleum Corporation, Inc. Common Stock",A,NYSE American,N,N,
EPMB,Harbor Mid Cap Core ETF,P,NYSE Arca,Y,N,
EPMV,Harbor Mid Cap Value ETF,P,NYSE Arca,Y,N,
EPOL,iShares MSCI Poland ETF,P,NYSE Arca,Y,N,
EPOW,E-Power Inc. - Class A Ordinary Shares,Q,Nasdaq,N,N,D
EPP,iShares MSCI Pacific Ex-Japan Index Fund,P,NYSE Arca,Y,N,
EPR,EPR Properties Common Stock,N,NYSE,N,N,
EPR$C,EPR Properties 5.75% Series C Cumulative Convertible Preferred Shares,N,NYSE,N,N,
EPR$E,EPR Properties Series E Cumulative Conv Pfd Shs Ser E,N,NYSE,N,N,
EPR$G,EPR Properties 5.750% Series G Cumulative Redeemable Preferred Shares,N,NYSE,N,N,
EPRF,Innovator S&P Investment Grade Preferred ETF,Z,Cboe BZX,Y,N,
EPRT,"Essential Properties Realty Trust, Inc. Common Stock",N,NYSE,N,N,
EPRX,Eupraxia Pharmaceuticals Inc. - Common Stock,Q,Nasdaq,N,N,N
EPS,WisdomTree U.S. LargeCap Fund,P,NYSE Arca,Y,N,
EPSB,Harbor SMID Cap Core ETF,P,NYSE Arca,Y,N,
EPSM,Epsium Enterprise Limited - Class A Ordinary Shares,Q,Nasdaq,N,N,N
EPSN,Epsilon Energy Ltd. - Common Shares,Q,Nasdaq,N,N,N
EPSV,Harbor SMID Cap Value ETF,P,NYSE Arca,Y,N,
EPU,iShares MSCI Peru and Global Exposure ETF,P,NYSE Arca,Y,N,
EPV,ProShares UltraShort FTSE Europe ETF,P,NYSE Arca,Y,N,
EQ,"Equillium, Inc. - Common Stock",Q,Nasdaq,N,N,N
EQAL,Invesco Russell 1000 Equal Weight ETF,P,NYSE Arca,Y,N,
EQBK,"Equity Bancshares, Inc. Class A Common Stock",N,NYSE,N,N,
EQH,"Equitable Holdings, Inc. Common Stock",N,NYSE,N,N,
EQH$A,"Equitable Holdings, Inc. Depositary Shares",N,NYSE,N,N,
EQH$C,"Equitable Holdings, Inc. Depositary Shares, each representing a 1/1,000th interest in a share of Fixed Rate Noncumulative Perpetual Preferred Stock, Series C",N,NYSE,N,N,
EQIN,Columbia U.S. Equity Income ETF,P,NYSE Arca,Y,N,
EQIX,"Equinix, Inc. - Common Stock",Q,Nasdaq,N,N,N
EQL,ALPS Equal Sector Weight ETF,P,NYSE Arca,Y,N,
EQLT,iShares MSCI Emerging Markets Quality Factor ETF,Z,Cboe BZX,Y,N,
EQNR,Equinor ASA,N,NYSE,N,N,
EQPT,EquipmentShare.com Inc - Class A Common Stock,Q,Nasdaq,N,N,N
EQR,Equity Residential Common Shares of Beneficial Interest,N,NYSE,N,N,
EQRR,ProShares Equities for Rising Rates ETF,Q,Nasdaq,Y,N,N
EQS,"Equus Total Return, Inc. Common Stock",N,NYSE,N,N,
EQT,EQT Corporation Common Stock,N,NYSE,N,N,
EQTY,Kovitz Core Equity ETF,P,NYSE Arca,Y,N,
EQWL,Invesco S&P 100 Equal Weight ETF,P,NYSE Arca,Y,N,
EQX,Equinox Gold Corp. Common Shares,A,NYSE American,N,N,
ERAS,"Erasca, Inc. - Common Stock",Q,Nasdaq,N,N,N
ERC,Allspring Multi-Sector Income Fund Common Stock,A,NYSE American,N,N,
ERET,iShares Environmentally Aware Real Estate ETF,Q,Nasdaq,Y,N,N
ERH,Allspring Utilities and High Income Fund Common Shares,A,NYSE American,N,N,
ERIC,Ericsson - American Depositary Shares each representing 1 underlying Class B share,Q,Nasdaq,N,N,N
ERIE,Erie Indemnity Company - Class A Common Stock,Q,Nasdaq,N,N,N
ERII,"Energy Recovery, Inc. - Common Stock",Q,Nasdaq,N,N,N
ERNA,Ernexa Therapeutics Inc. - Common Stock,Q,Nasdaq,N,N,N
ERNAW,Ernexa Therapeutics Inc. - Warrants,Q,Nasdaq,N,N,N
ERO,Ero Copper Corp. Common Shares,N,NYSE,N,N,
EROC,"ERock, Inc. Class A Common Stock",N,NYSE,N,N,
EROK,"EagleRock Land, LLC Class A shares representing limited liability company interests",N,NYSE,N,N,
ERTH,Invesco MSCI Sustainable Future ETF,P,NYSE Arca,Y,N,
ERX,Direxion Energy Bull 2X ETF,P,NYSE Arca,Y,N,
ERY,Direxion Daily Energy Bear 2X ETF,P,NYSE Arca,Y,N,
ES,Eversource Energy (D/B/A) Common Stock,N,NYSE,N,N,
ESAB,ESAB Corporation Common Stock,N,NYSE,N,N,
ESBA,"Empire State Realty OP, L.P. Series ES Operating Partnership Units Representing Limited Partnership Interests",P,NYSE Arca,N,N,
ESBG,"First Trust Enhanced Stocks, Bonds & Gold ETF",P,NYSE Arca,Y,N,
ESCA,"Escalade, Incorporated - Common Stock",Q,Nasdaq,N,N,N
ESE,ESCO Technologies Inc. Common Stock,N,NYSE,N,N,
ESEA,Euroseas Ltd. - Common Stock,Q,Nasdaq,N,N,N
ESG,FlexShares STOXX US ESG Select Index Fund,Z,Cboe BZX,Y,N,
ESGD,iShares ESG Aware MSCI EAFE ETF,Q,Nasdaq,Y,N,N
ESGE,iShares ESG Aware MSCI EM ETF,Q,Nasdaq,Y,N,N
ESGG,FlexShares STOXX Global ESG Select Index Fund,Z,Cboe BZX,Y,N,
ESGU,iShares ESG Aware MSCI USA ETF,Q,Nasdaq,Y,N,N
ESGV,Vanguard ESG U.S. Stock ETF,Z,Cboe BZX,Y,N,
ESI,Element Solutions Inc. Common Stock,N,NYSE,N,N,
ESIM,Eventide International ETF,P,NYSE Arca,Y,N,
ESLA,"Estrella Immunopharma, Inc. - Common Stock",Q,Nasdaq,N,N,N
ESLAW,"Estrella Immunopharma, Inc. - Warrant",Q,Nasdaq,N,N,N
ESLG,Eventide Large Cap Growth ETF,P,NYSE Arca,Y,N,
ESLT,Elbit Systems Ltd. - Ordinary Shares,Q,Nasdaq,N,N,N
ESLV,Eventide Large Cap Value ETF,P,NYSE Arca,Y,N,
ESML,iShares ESG Aware MSCI USA Small-Cap ETF,Z,Cboe BZX,Y,N,
ESMV,iShares ESG Optimized MSCI USA Min Vol Factor ETF,Q,Nasdaq,Y,N,N
ESN,Essential 40 Stock ETF,Q,Nasdaq,Y,N,N
ESNT,Essent Group Ltd. Common Shares,N,NYSE,N,N,
ESOA,Energy Services of America Corporation - Common Stock,Q,Nasdaq,N,N,N
ESP,Espey Mfg. & Electronics Corp. Common Stock,A,NYSE American,N,N,
ESPO,VanEck Video Gaming and eSports ETF,Q,Nasdaq,Y,N,N
ESQ,"Esquire Financial Holdings, Inc. - Common Stock",Q,Nasdaq,N,N,N
ESRT,"Empire State Realty Trust, Inc. Class A Common Stock",N,NYSE,N,N,
ESS,"Essex Property Trust, Inc. Common Stock",N,NYSE,N,N,
ESSC,Eventide Small Cap ETF,P,NYSE Arca,Y,N,
ESTA,Establishment Labs Holdings Inc. - Common Shares,Q,Nasdaq,N,N,N
ESTC,Elastic N.V. Ordinary Shares,N,NYSE,N,N,
ESUM,Eventide US Market ETF,P,NYSE Arca,Y,N,
ET,Energy Transfer LP Common Units ,N,NYSE,N,N,
ET$I,Energy Transfer L.P. Series I Fixed Rate Perpetual Preferred Units,N,NYSE,N,N,
ETB,Eaton Vance Tax-Managed Buy-Write Income Fund Eaton Vance Tax-Managed Buy-Write Income Fund Common Shares of Beneficial Interest,N,NYSE,N,N,
ETCO,Grayscale Ethereum Covered Call ETF,P,NYSE Arca,Y,N,
ETD,Ethan Allen Interiors Inc. Common Stock,N,NYSE,N,N,
ETEC,iShares Breakthrough Environmental Solutions ETF,Q,Nasdaq,Y,N,N
ETFT,Fundsmith Equity ETF,P,NYSE Arca,Y,N,
ETG,Eaton Vance Tax-Advantaged Global Dividend Income Fund Common Shares of Beneficial Interest,N,NYSE,N,N,
ETH,Grayscale Ethereum Staking Mini ETF Shares,P,NYSE Arca,Y,N,
ETHA,iShares Ethereum Trust ETF,Q,Nasdaq,Y,N,N
ETHB,iShares Staked Ethereum Trust ETF,Q,Nasdaq,Y,N,N
ETHD,ProShares UltraShort Ether ETF,P,NYSE Arca,Y,N,
ETHE,Grayscale Ethereum Staking ETF Shares,P,NYSE Arca,Y,N,
ETHO,Amplify Etho Climate Leadership U.S. ETF,P,NYSE Arca,Y,N,
ETHT,ProShares Ultra Ether ETF,P,NYSE Arca,Y,N,
ETHU,2x Ether ETF,Z,Cboe BZX,Y,N,
ETHV,VanEck Ethereum ETF,Z,Cboe BZX,Y,N,
ETHW,Bitwise Ethereum ETF ,P,NYSE Arca,Y,N,
ETI$,"Entergy Texas Inc 5.375% Series A Preferred Stock, Cumulative, No Par Value",N,NYSE,N,N,
ETJ,Eaton Vance Risk-Managed Diversified Equity Income Fund Common Shares of Beneficial Interest,N,NYSE,N,N,
ETN,"Eaton Corporation, PLC Ordinary Shares",N,NYSE,N,N,
ETNG,Leverage Shares 2X Long ETN Daily ETF,Z,Cboe BZX,Y,N,
ETO,Eaton Vance Tax-Advantage Global Dividend Opp Common Stock,N,NYSE,N,N,
ETON,"Eton Pharmaceuticals, Inc. - Common Stock",Q,Nasdaq,N,N,N
ETOR,eToro Group Ltd. - Class A Common Shares,Q,Nasdaq,N,N,N
ETR,Entergy Corporation Common Stock,N,NYSE,N,N,
ETS,Elite Express Holding Inc. - Class A Common Stock,Q,Nasdaq,N,N,D
ETSS,Energy Transition Special Opportunities Class A Ordinary Shares,N,NYSE,N,N,
ETSS.U,"Energy Transition Special Opportunities Units, each consisting of one Class A ordinary share and one-half of one redeemable warrant",N,NYSE,N,N,
ETSS.W,"Energy Transition Special Opportunities Warrants, each whole warrant exercisable for one Class A ordinary share at an exercise price of $11.50",N,NYSE,N,N,
ETSY,"Etsy, Inc. Common Stock",N,NYSE,N,N,
ETTY,Amplify Ethereum 3% Monthly Option Income ETF,Z,Cboe BZX,Y,N,
ETU,T-Rex 2X Long Ether Daily Target ETF,Z,Cboe BZX,Y,N,
ETV,Eaton Vance Corporation Eaton Vance Tax-Managed Buy-Write Opportunities Fund Common Shares of Beneficial Interest,N,NYSE,N,N,
ETW,Eaton Vance Corporation Eaton Vance Tax-Managed Global Buy-Write Opportunites Fund Common Shares of Beneficial Interest,N,NYSE,N,N,
ETX,Eaton Vance Municipal Income 2028 Term Trust Common Shares of Beneficial Interest,N,NYSE,N,N,
ETY,"Eaton Vance Tax-Managed Diversified Equity Income Fund Common Shares of Beneficial Interest,",N,NYSE,N,N,
EU,enCore Energy Corp. - Common Stock,Q,Nasdaq,N,N,N
EUAD,Select STOXX Europe Aerospace & Defense ETF,Z,Cboe BZX,Y,N,
EUDA,Euda Health Holdings Limited - Ordinary Shares,Q,Nasdaq,N,N,N
EUDAW,Euda Health Holdings Limited - Warrant,Q,Nasdaq,N,N,N
EUDG,WisdomTree Europe Quality Dividend Growth Fund,P,NYSE Arca,Y,N,
EUDV,ProShares MSCI Europe Dividend Growers ETF,Z,Cboe BZX,Y,N,
EUFN,iShares MSCI Europe Financials ETF,Q,Nasdaq,Y,N,N
EUHY,iShares Euro High Yield Corporate Bond USD Hedged ETF,Z,Cboe BZX,Y,N,
EUIG,iShares Euro Investment Grade Corporate Bond USD Hedged ETF,Z,Cboe BZX,Y,N,
EUM,ProShares Short MSCI Emerging Markets,P,NYSE Arca,Y,N,
EUO,ProShares UltraShort Euro,P,NYSE Arca,Y,N,
EURK,Eureka Acquisition Corp - Class A Ordinary Share,Q,Nasdaq,N,N,D
EURKR,Eureka Acquisition Corp - Right,Q,Nasdaq,N,N,N
EURKU,Eureka Acquisition Corp - Unit,Q,Nasdaq,N,N,N
EURL,Direxion Daily FTSE Europe Bull 3X ETF,P,NYSE Arca,Y,N,
EUSA,iShares MSCI USA Equal Weighted ETF,P,NYSE Arca,Y,N,
EUSB,iShares ESG Advanced Universal USD Bond ETF,P,NYSE Arca,Y,N,
EUV,Corgi Lithography & Semiconductor Photonics ETF,Z,Cboe BZX,Y,N,
EUVX,Corgi Lithography & Semiconductor Photonics 2x Daily ETF,Z,Cboe BZX,Y,N,
EVAC,EQV Ventures Acquisition Corp. II Class A Ordinary Shares,N,NYSE,N,N,
EVAC.U,"EQV Ventures Acquisition Corp. II Units, each unit consists of one Class A ordinary share and one-third of one redeemable warrant",N,NYSE,N,N,
EVAC.W,"EQV Ventures Acquisition Corp. II Redeemable Warrants, each whole warrant exercisable for one Class A ordinary share at an exercise price of $11.50 per share",N,NYSE,N,N,
EVAX,Evaxion A/S - American Depositary Share,Q,Nasdaq,N,N,N
EVC,Entravision Communications Corporation Common Stock,N,NYSE,N,N,
EVCM,EverCommerce Inc. - Common Stock,Q,Nasdaq,N,N,N
EVER,"EverQuote, Inc. - Class A Common Stock",Q,Nasdaq,N,N,N
EVEX,"Eve Holding, Inc. Common Stock",N,NYSE,N,N,
EVEX.W,"Eve Holding, Inc. Warrants, each exercisable for one share of Common Stock at an exercise price of $11.50 per share",N,NYSE,N,N,
EVF,Eaton Vance Senior Income Trust Common Stock,N,NYSE,N,N,
EVG,Eaton Vance Short Diversified Income Fund Eaton Vance Short Duration Diversified Income Fund Common Shares of Beneficial Interest,N,NYSE,N,N,
EVGN,Evogene Ltd. - Ordinary Shares,Q,Nasdaq,N,N,D
EVGO,EVgo Inc. - Common Stock,Q,Nasdaq,N,N,N
EVH,"Evolent Health, Inc Class A Common Stock",N,NYSE,N,N,
EVHY,Eaton Vance High Yield ETF,P,NYSE Arca,Y,N,
EVI,"EVI Industries, Inc.  Common Stock",A,NYSE American,N,N,
EVIM,Eaton Vance Intermediate Municipal Income ETF,P,NYSE Arca,Y,N,
EVLN,Eaton Vance Floating-Rate ETF,P,NYSE Arca,Y,N,
EVLU,iShares MSCI Emerging Markets Value Factor ETF,Z,Cboe BZX,Y,N,
EVLV,"Evolv Technologies Holdings, Inc. - Class A Common Stock",Q,Nasdaq,N,N,N
EVLVW,"Evolv Technologies Holdings, Inc. - Warrant",Q,Nasdaq,N,N,N
EVMN,"Evommune, Inc. Common Stock",N,NYSE,N,N,
EVMO,Eaton Vance Mortgage Opportunities ETF,P,NYSE Arca,Y,N,
EVMT,Invesco Electric Vehicle Metals Commodity Strategy No K-1 ETF,Q,Nasdaq,Y,N,N
EVMU,Direxion Daily Ether Bull 2X ETF,P,NYSE Arca,Y,N,
EVN,Eaton Vance Municipal Income Trust Common Stock,N,NYSE,N,N,
EVNT,AltShares Event-Driven ETF,P,NYSE Arca,Y,N,
EVO,Evotec SE - American Depositary Shares each representing 1/2 of one ordinary share,Q,Nasdaq,N,N,N
EVOX,Evolution Global Acquisition Corp - Class A Ordinary Shares,Q,Nasdaq,N,N,N
EVOXU,Evolution Global Acquisition Corp - Units,Q,Nasdaq,N,N,N
EVOXW,Evolution Global Acquisition Corp - Warrants,Q,Nasdaq,N,N,N
EVPF,Eaton Vance Preferred Securities and Income ETF,Q,Nasdaq,Y,N,N
EVR,Evercore Inc. Class A Common Stock,N,NYSE,N,N,
EVRG,"Evergy, Inc. - Common Stock",Q,Nasdaq,N,N,N
EVSB,Eaton Vance Ultra-Short Income ETF,P,NYSE Arca,Y,N,
EVSD,Eaton Vance Short Duration Income ETF,Q,Nasdaq,Y,N,N
EVSM,Eaton Vance Short Duration Municipal Income ETF,P,NYSE Arca,Y,N,
EVT,Eaton Vance Tax Advantaged Dividend Income Fund Common Shares of Beneficial Interest,N,NYSE,N,N,
EVTC,"Evertec, Inc. Common Stock",N,NYSE,N,N,
EVTL,Vertical Aerospace Ltd. Ordinary Shares,N,NYSE,N,N,
EVTR,Eaton Vance Total Return Bond ETF,N,NYSE,Y,N,
EVUS,iShares ESG Aware MSCI USA Value ETF,Z,Cboe BZX,Y,N,
EVV,Eaton Vance Limited Duration Income Fund Common Shares of Beneficial Interest,A,NYSE American,N,N,
EVX,VanEck Environmental Services ETF,P,NYSE Arca,Y,N,
EVYM,Eaton Vance High Income Municipal ETF,Q,Nasdaq,Y,N,N
EW,Edwards Lifesciences Corporation Common Stock,N,NYSE,N,N,
EWA,iShares MSCI Australia Index Fund,P,NYSE Arca,Y,N,
EWBC,"East West Bancorp, Inc. - Common Stock",Q,Nasdaq,N,N,N
EWC,iShares MSCI Canada Index Fund,P,NYSE Arca,Y,N,
EWD,iShares MSCI Sweden ETF,P,NYSE Arca,Y,N,
EWG,iShares MSCI Germany Index Fund,P,NYSE Arca,Y,N,
EWH,iShares MSCI Hong Kong Index Fund,P,NYSE Arca,Y,N,
EWI,iShares MSCI Italy ETF,P,NYSE Arca,Y,N,
EWJ,iShares MSCI Japan Index Fund,P,NYSE Arca,Y,N,
EWJV,iShares MSCI Japan Value ETF,Q,Nasdaq,Y,N,N
EWK,iShares MSCI Belgium ETF,P,NYSE Arca,Y,N,
EWL,iShares MSCI Switzerland ETF,P,NYSE Arca,Y,N,
EWM,iShares MSCI Malaysia Index Fund,P,NYSE Arca,Y,N,
EWN,iShares MSCI Netherlands Index Fund,P,NYSE Arca,Y,N,
EWO,iShares MSCI Austria ETF,P,NYSE Arca,Y,N,
EWP,iShares MSCI Spain ETF,P,NYSE Arca,Y,N,
EWQ,iShares MSCI France Index Fund,P,NYSE Arca,Y,N,
EWS,iShares MSCI Singapore ETF,P,NYSE Arca,Y,N,
EWT,iShares MSCI Taiwan ETF,P,NYSE Arca,Y,N,
EWTX,"Edgewise Therapeutics, Inc. - Common Stock",Q,Nasdaq,N,N,N
EWU,iShares MSCI United Kingdom ETF,P,NYSE Arca,Y,N,
EWUS,iShares MSCI United Kingdom Small Cap ETF,Z,Cboe BZX,Y,N,
EWV,ProShares UltraShort MSCI Japan,P,NYSE Arca,Y,N,
EWW,iShares MSCI Mexico ETF,P,NYSE Arca,Y,N,
EWX,State Street SPDR S&P Emerging Markets Small Cap ETF,P,NYSE Arca,Y,N,
EWY,iShares MSCI South Korea ETF,P,NYSE Arca,Y,N,
EWZ,iShares MSCI Brazil ETF,P,NYSE Arca,Y,N,
EWZS,iShares MSCI Brazil Small-Cap ETF,Q,Nasdaq,Y,N,N
EXC,Exelon Corporation - Common Stock,Q,Nasdaq,N,N,N
EXE,Expand Energy Corporation - Common Stock,Q,Nasdaq,N,N,N
EXEL,"Exelixis, Inc. - Common Stock",Q,Nasdaq,N,N,N
EXEQ,Wedbush ReturnOnLeadership U.S. Large-Cap ETF,P,NYSE Arca,Y,N,
EXFY,"Expensify, Inc. - Class A Common Stock",Q,Nasdaq,N,N,N
EXG,Eaton Vance Tax-Managed Global Diversified Equity Income Fund Common Shares of Beneficial Interest,N,NYSE,N,N,
EXI,iShares Global Industrials ETF,P,NYSE Arca,Y,N,
EXK,Endeavour Silver Corporation Ordinary Shares (Canada),N,NYSE,N,N,
EXLS,"ExlService Holdings, Inc. - Common Stock",Q,Nasdaq,N,N,N
EXOD,"Exodus Movement, Inc. Class A Common Stock",A,NYSE American,N,N,
EXOZ,eXoZymes Inc. - Common Stock,Q,Nasdaq,N,N,N
EXP,Eagle Materials Inc Common Stock,N,NYSE,N,N,
EXPD,"Expeditors International of Washington, Inc. Common Stock",N,NYSE,N,N,
EXPE,"Expedia Group, Inc. - Common Stock",Q,Nasdaq,N,N,N
EXPO,"Exponent, Inc. - Common Stock",Q,Nasdaq,N,N,N
EXR,Extra Space Storage Inc Common Stock,N,NYSE,N,N,
EXTR,"Extreme Networks, Inc. - Common Stock",Q,Nasdaq,N,N,N
EXUS,Nomura Focused International Core ETF,Q,Nasdaq,Y,N,N
EXYN,"Exyn Technologies, Inc. - Common Stock",Q,Nasdaq,N,N,N
EXYNW,"Exyn Technologies, Inc. - Warrant",Q,Nasdaq,N,N,N
EYE,"National Vision Holdings, Inc. - Common Stock",Q,Nasdaq,N,N,N
EYEG,AB Corporate Bond ETF,Q,Nasdaq,Y,N,N
EYES,Corgi Data & Surveillance ETF,Z,Cboe BZX,Y,N,
EYLD,Cambria Emerging Shareholder Yield ETF,Z,Cboe BZX,Y,N,
EYPT,"EyePoint, Inc. - Common Stock",Q,Nasdaq,N,N,N
EZA,iShares MSCI South Africa Index Fund,P,NYSE Arca,Y,N,
EZBC,Franklin Templeton Digital Holdings Trust Shares of Franklin Bitcoin ETF,Z,Cboe BZX,Y,N,
EZET,Franklin Ethereum ETF,Z,Cboe BZX,Y,N,
EZGO,EZGO Technologies Ltd. - Ordinary Shares,Q,Nasdaq,N,N,N
EZJ,ProShares Ultra MSCI Japan,P,NYSE Arca,Y,N,
EZM,WisdomTree U.S. MidCap Fund,P,NYSE Arca,Y,N,
EZMO,AlphaDroid Broad Markets Momentum ETF,Q,Nasdaq,Y,N,N
EZPW,"EZCORP, Inc. - Class A Non-Voting Common Stock",Q,Nasdaq,N,N,N
EZPZ,Franklin Crypto Index ETF,Z,Cboe BZX,Y,N,
EZRA,"Reliance Global Group, Inc. - Common Stock",Q,Nasdaq,N,N,N
EZRO,AlphaDroid Defensive Sector Rotation ETF,Q,Nasdaq,Y,N,N
EZU,iShares MSCI Eurozone ETF,Z,Cboe BZX,Y,N,
F,Ford Motor Company Common Stock,N,NYSE,N,N,
F$B,"Ford Motor Company 6.20% Notes due June 1, 2059",N,NYSE,N,N,
F$C,"Ford Motor Company 6% Notes due December 1, 2059",N,NYSE,N,N,
F$D,"Ford Motor Company 6.500% Notes due August 15, 2062",N,NYSE,N,N,
FA,First Advantage Corporation - Common Stock,Q,Nasdaq,N,N,N
FAAA,Fidelity AAA CLO ETF,Q,Nasdaq,Y,N,N
FAAR,First Trust Alternative Absolute Return Strategy ETF,Q,Nasdaq,Y,N,N
FAB,First Trust Multi Cap Value AlphaDEX Fund,Q,Nasdaq,Y,N,N
FABC,"Fabric.AI, Inc. - Common Stock",Q,Nasdaq,N,N,N
FAC,Factorial Energy Inc. - Class A Common Stock,Q,Nasdaq,N,N,N
FACT,FACT II Acquisition Corp. - Class A Ordinary Shares,Q,Nasdaq,N,N,N
FACTU,FACT II Acquisition Corp. - Unit,Q,Nasdaq,N,N,N
FACTW,FACT II Acquisition Corp. - Warrant,Q,Nasdaq,N,N,N
FACWW,Factorial Energy Inc. - Warrant,Q,Nasdaq,N,N,N
FAD,First Trust Multi Cap Growth AlphaDEX Fund,Q,Nasdaq,Y,N,N
FAF,First American Corporation (New) Common Stock,N,NYSE,N,N,
FAI,First Trust Bloomberg Artificial Intelligence ETF,P,NYSE Arca,Y,N,
FALN,iShares Fallen Angels USD Bond ETF,Q,Nasdaq,Y,N,N
FAMI,"Farmmi, Inc. - Class A Ordinary Shares",Q,Nasdaq,N,N,N
FAN,First Trust Global Wind Energy ETF,P,NYSE Arca,Y,N,
FANG,"Diamondback Energy, Inc. - Common Stock",Q,Nasdaq,N,N,N
FAPR,FT Vest U.S. Equity Buffer ETF - April,Z,Cboe BZX,Y,N,
FARX,Frontier Asset Absolute Return ETF,P,NYSE Arca,Y,N,
FAS,Direxion Financial Bull 3X ETF,P,NYSE Arca,Y,N,
FAST,Fastenal Company - Common Stock,Q,Nasdaq,N,N,N
FATE,"Fate Therapeutics, Inc. - Common Stock",Q,Nasdaq,N,N,N
FATN,"FatPipe, Inc. - common stock",Q,Nasdaq,N,N,N
FAUG,FT Vest U.S. Equity Buffer ETF - August,Z,Cboe BZX,Y,N,
FAX,"abrdn Asia-Pacific Income Fund, Inc. Common Stock",A,NYSE American,N,N,
FAZ,Direxion Financial Bear 3X ETF,P,NYSE Arca,Y,N,
FB,ProShares S&P 500 Dynamic Buffer ETF,Z,Cboe BZX,Y,N,
FBCG,Fidelity Blue Chip Growth ETF,Z,Cboe BZX,Y,N,
FBCV,Fidelity Blue Chip Value ETF,Z,Cboe BZX,Y,N,
FBDC,FT Confluence BDC & Specialty Finance Income ETF,P,NYSE Arca,Y,N,
FBGL,FBS Global Limited - Ordinary Shares,Q,Nasdaq,N,N,D
FBIN,"Fortune Brands Innovations, Inc. Common Stock",N,NYSE,N,N,
FBIO,"Fortress Biotech, Inc. - Common Stock",Q,Nasdaq,N,N,N
FBIOP,"Fortress Biotech, Inc. - 9.375% Series A Cumulative Redeemable Perpetual Preferred Stock",Q,Nasdaq,N,N,N
FBIZ,"First Business Financial Services, Inc. - Common Stock",Q,Nasdaq,N,N,N
FBK,FB Financial Corporation Common Stock,N,NYSE,N,N,
FBL,GraniteShares 2x Long META Daily ETF,Q,Nasdaq,Y,N,N
FBLA,"FB Bancorp, Inc. - Common Stock",Q,Nasdaq,N,N,N
FBLG,"FibroBiologics, Inc. - Common Stock",Q,Nasdaq,N,N,N
FBNC,First Bancorp - Common Stock,Q,Nasdaq,N,N,N
FBND,Fidelity Total Bond ETF,P,NYSE Arca,Y,N,
FBOT,Fidelity Disruptive Automation ETF,Q,Nasdaq,Y,N,N
FBP,First BanCorp. New Common Stock,N,NYSE,N,N,
FBRT,"Franklin BSP Realty Trust, Inc. Common Stock",N,NYSE,N,N,
FBRT$E,"Franklin BSP Realty Trust, Inc. 7.50% Series E Cumulative Redeemable Preferred Stock",N,NYSE,N,N,
FBRX,"Forte Biosciences, Inc.  - Common Stock",Q,Nasdaq,N,N,N
FBT,First Trust Amex Biotech Index Fund,P,NYSE Arca,Y,N,
FBTC,Fidelity Wise Origin Bitcoin Fund,Z,Cboe BZX,Y,N,
FBUF,Fidelity Dynamic Buffered Equity ETF,Z,Cboe BZX,Y,N,
FBX,Corgi META 2x Daily ETF,Z,Cboe BZX,Y,N,
FBY,YieldMax META Option Income Strategy ETF,P,NYSE Arca,Y,N,
FBYD,"Falcon's Beyond Global, Inc. - Class A Common Stock",Q,Nasdaq,N,N,N
FBYDP,"Falcon's Beyond Global, Inc. - 11% Series B Cumulative Convertible Preferred Stock",Q,Nasdaq,N,N,N
FBYDW,"Falcon's Beyond Global, Inc. - Warrants",Q,Nasdaq,N,N,N
FBYY,GraniteShares YieldBOOST META ETF,Q,Nasdaq,Y,N,N
FC,Franklin Covey Company Common Stock,N,NYSE,N,N,
FCA,First Trust China AlphaDEX Fund,Q,Nasdaq,Y,N,N
FCAL,First Trust California Municipal High income ETF,Q,Nasdaq,Y,N,N
FCAP,"First Capital, Inc. - Common Stock",Q,Nasdaq,N,N,N
FCBC,"First Community Bankshares, Inc. - Common Stock",Q,Nasdaq,N,N,N
FCBD,Frontier Asset Core Bond ETF,P,NYSE Arca,Y,N,
FCBM,"First Carolina Financial Services, Inc. Common Stock",N,NYSE,N,N,
FCCO,First Community Corporation - Common Stock,Q,Nasdaq,N,N,N
FCEF,First Trust Income Opportunities ETF,Q,Nasdaq,Y,N,N
FCEL,"FuelCell Energy, Inc. - Common Stock",Q,Nasdaq,N,N,N
FCF,First Commonwealth Financial Corporation Common Stock,N,NYSE,N,N,
FCFS,"FirstCash Holdings, Inc. - Common Stock",Q,Nasdaq,N,N,N
FCFY,First Trust S&P 500 Diversified Free Cash Flow ETF,P,NYSE Arca,Y,N,
FCG,First Trust Natural Gas ETF,P,NYSE Arca,Y,N,
FCHL,Fitness Champs Holdings Limited - Ordinary Shares,Q,Nasdaq,N,N,D
FCLD,Fidelity Cloud Computing ETF,Z,Cboe BZX,Y,N,
FCLO,Fidelity CLO ETF,Q,Nasdaq,Y,N,N
FCN,"FTI Consulting, Inc. Common Stock",N,NYSE,N,N,
FCNCA,"First Citizens BancShares, Inc. - Class A Common Stock",Q,Nasdaq,N,N,N
FCNCN,"First Citizens BancShares, Inc. - Depositary Shares, each representing a 1/40th interest in a share of 6.625% Non-Cumulative Perpetual Preferred Stock, Series E",Q,Nasdaq,N,N,N
FCNCO,"First Citizens BancShares, Inc. - 5.625% Non-Cumulative Perpetual Preferred Stock, Series C",Q,Nasdaq,N,N,N
FCNCP,"First Citizens BancShares, Inc. - Depositary Shares Each Representing a 1/40th Interest in a Share of 5.375% Non-Cumulative Perpetual Preferred Stock, Series A",Q,Nasdaq,N,N,N
FCOM,Fidelity MSCI Communication Services Index ETF,P,NYSE Arca,Y,N,
FCOR,Fidelity Corporate Bond ETF,P,NYSE Arca,Y,N,
FCPI,Fidelity Stocks for Inflation ETF,Z,Cboe BZX,Y,N,
FCPT,"Four Corners Property Trust, Inc. Common Stock",N,NYSE,N,N,
FCRS,FutureCrest Acquisition Corp. Class A Ordinary Shares,N,NYSE,N,N,
FCRS.U,"FutureCrest Acquisition Corp. Units, each consisting of one Class A ordinary share and one-quarter of one redeemable warrant",N,NYSE,N,N,
FCRS.W,"FutureCrest Acquisition Corp. Redeemable warrants, each whole warrant exercisable for one Class A ordinary share at an exercise price of $11.50",N,NYSE,N,N,
FCSH,Federated Hermes Short Duration Corporate ETF,P,NYSE Arca,Y,N,
FCT,First Trust Senior Floating Rate Income Fund II Common Shares of Beneficial Interest,N,NYSE,N,N,
FCTE,SMI 3Fourteen Full-Cycle Trend ETF,Q,Nasdaq,Y,N,N
FCTR,First Trust Lunt U.S. Factor Rotation ETF,Z,Cboe BZX,Y,N,
FCUS,Pinnacle Focused Opportunities ETF,P,NYSE Arca,Y,N,
FCUV,Focus Universal Inc. - Common Stock,Q,Nasdaq,N,N,N
FCVT,First Trust SSI Strategic Convertible Securities ETF,Q,Nasdaq,Y,N,N
FCX,"Freeport-McMoRan, Inc. Common Stock",N,NYSE,N,N,
FCXG,Leverage Shares 2x Long FCX Daily ETF,Q,Nasdaq,Y,N,N
FDAT,Tactical Advantage ETF,P,NYSE Arca,Y,N,
FDBC,"Fidelity D & D Bancorp, Inc. - Common Stock",Q,Nasdaq,N,N,N
FDCF,Fidelity Disruptive Communications ETF,Q,Nasdaq,Y,N,N
FDD,First Trust STOXX European Select Dividend Index Fund,P,NYSE Arca,Y,N,
FDEC,FT Vest U.S. Equity Buffer ETF - December,Z,Cboe BZX,Y,N,
FDEM,Fidelity Emerging Markets Multifactor ETF,Z,Cboe BZX,Y,N,
FDEV,Fidelity International Multifactor ETF,Z,Cboe BZX,Y,N,
FDFF,Fidelity Disruptive Finance ETF,Q,Nasdaq,Y,N,N
FDG,American Century Focused Dynamic Growth ETF,P,NYSE Arca,Y,N,
FDHY,Fidelity Enhanced High Yield ETF,P,NYSE Arca,Y,N,
FDIF,Fidelity Disruptors ETF,Q,Nasdaq,Y,N,N
FDIG,Fidelity Crypto Industry and Digital Payments ETF,Q,Nasdaq,Y,N,N
FDIQ,Invesco Bloomberg Financial Data Providers ETF,Q,Nasdaq,Y,N,N
FDIS,Fidelity MSCI Consumer Discretionary Index ETF,P,NYSE Arca,Y,N,
FDIV,MarketDesk Focused U.S. Dividend ETF,Q,Nasdaq,Y,N,N
FDL,First Trust Morningstar ETF,P,NYSE Arca,Y,N,
FDLO,Fidelity Low Volatility Factor ETF,P,NYSE Arca,Y,N,
FDLS,Inspire Fidelis Multi Factor ETF,P,NYSE Arca,Y,N,
FDM,First Trust DJ Select MicroCap ETF,P,NYSE Arca,Y,N,
FDMMU,Freedom Metals Acquisition Corp. - Units,Q,Nasdaq,N,N,N
FDMO,Fidelity Momentum Factor ETF,P,NYSE Arca,Y,N,
FDMT,"4D Molecular Therapeutics, Inc. - Common Stock",Q,Nasdaq,N,N,N
FDN,First Trust DJ Internet Index Fund,P,NYSE Arca,Y,N,
FDND,FT Vest Dow Jones Internet & Target Income ETF,Z,Cboe BZX,Y,N,
FDNI,First Trust Dow Jones International Internet ETF,Q,Nasdaq,Y,N,N
FDRR,Fidelity Dividend ETF for Rising Rates,P,NYSE Arca,Y,N,
FDRS,Founder-Led ETF,Q,Nasdaq,Y,N,N
FDRV,Fidelity Electric Vehicles and Future Transportation ETF,Z,Cboe BZX,Y,N,
FDRX,Founder-Led 2X Daily ETF,Q,Nasdaq,Y,N,N
FDS,FactSet Research Systems Inc. Common Stock,N,NYSE,N,N,
FDSB,"Fifth District Bancorp, Inc. - Common Stock",Q,Nasdaq,N,N,N
FDT,First Trust Developed Markets Ex-US AlphaDEX Fund,Q,Nasdaq,Y,N,N
FDTS,First Trust Developed Markets ex-US Small Cap AlphaDEX Fund,Q,Nasdaq,Y,N,N
FDTX,Fidelity Disruptive Technology ETF,Q,Nasdaq,Y,N,N
FDUS,Fidus Investment Corporation - Closed End Fund,Q,Nasdaq,N,N,N
FDV,Federated Hermes U.S. Strategic Dividend ETF,P,NYSE Arca,Y,N,
FDVV,Fidelity High Dividend ETF,P,NYSE Arca,Y,N,
FDX,FedEx Corporation Common Stock,N,NYSE,N,N,
FDXF,"FedEx Freight Holding Company, Inc. Common Stock",N,NYSE,N,N,
FE,FirstEnergy Corp. Common Stock,N,NYSE,N,N,
FEAC,Fidelity Enhanced U.S. All-Cap Equity ETF,P,NYSE Arca,Y,N,
FEAM,"5E Advanced Materials, Inc. - Common Stock",Q,Nasdaq,N,N,N
FEBM,FT Vest U.S. Equity Max Buffer ETF - February,Z,Cboe BZX,Y,N,
FEBO,Fenbo Holdings Limited - Class A Ordinary Shares,Q,Nasdaq,N,N,N
FEBP,PGIM S&P 500 Buffer 12 ETF - February,Z,Cboe BZX,Y,N,
FEBT,AllianzIM U.S. Large Cap Buffer10 Feb ETF,Z,Cboe BZX,Y,N,
FEBU,AllianzIM U.S. Equity Buffer15 Uncapped Feb ETF,Z,Cboe BZX,Y,N,
FEBW,AllianzIM U.S. Large Cap Buffer20 Feb ETF,Z,Cboe BZX,Y,N,
FEBZ,TrueShares Structured Outcome (February) ETF,Z,Cboe BZX,Y,N,
FECM,First Eagle Core Municipal ETF,P,NYSE Arca,Y,N,
FEDM,FlexShares ESG & Climate Developed Markets ex-US Core Index Fund,P,NYSE Arca,Y,N,
FEDU,"Four Seasons Education (Cayman) Inc. American Depositary Shares, each ADS representing 10 ordinary shares",N,NYSE,N,N,
FEED,"ENvue Medical, Inc. - Common Stock",Q,Nasdaq,N,N,N
FEGE,First Eagle Global Equity ETF,N,NYSE,Y,N,
FEIG,FlexShares ESG & Climate Investment Grade Corporate Core Index Fund,P,NYSE Arca,Y,N,
FEIM,"Frequency Electronics, Inc. - Common Stock",Q,Nasdaq,N,N,N
FELC,Fidelity Enhanced Large Cap Core ETF,P,NYSE Arca,Y,N,
FELE,"Franklin Electric Co., Inc. - Common Stock",Q,Nasdaq,N,N,N
FELG,Fidelity Enhanced Large Cap Growth ETF,P,NYSE Arca,Y,N,
FELV,Fidelity Enhanced Large Cap Value ETF,P,NYSE Arca,Y,N,
FEM,First Trust Emerging Markets AlphaDEX Fund,Q,Nasdaq,Y,N,N
FEMB,First Trust Emerging Markets Local Currency Bond ETF,Q,Nasdaq,Y,N,N
FEMD,First Eagle Mid Cap Equity ETF,P,NYSE Arca,Y,N,
FEMG,Fidelity Enhanced Mid Cap Growth ETF,P,NYSE Arca,Y,N,
FEMR,Fidelity Enhanced Emerging Markets ETF,P,NYSE Arca,Y,N,
FEMS,First Trust Emerging Markets Small Cap AlphaDEX Fund,Q,Nasdaq,Y,N,N
FEMV,Fidelity Enhanced Mid Cap Value ETF,P,NYSE Arca,Y,N,
FEMY,Femasys Inc. - Common Stock,Q,Nasdaq,N,N,N
FENC,Fennec Pharmaceuticals Inc. - Common Stock,Q,Nasdaq,N,N,N
FENG,"Phoenix New Media Limited American Depositary Shares, each representing 48 Class A ordinary shares.",N,NYSE,N,N,
FENI,Fidelity Enhanced International ETF,P,NYSE Arca,Y,N,
FENY,Fidelity MSCI Energy Index ETF,P,NYSE Arca,Y,N,
FEOE,First Eagle Overseas Equity ETF,N,NYSE,Y,N,
FEP,First Trust Europe AlphaDEX Fund,Q,Nasdaq,Y,N,N
FEPI,REX FANG & Innovation Equity Premium Income ETF,Q,Nasdaq,Y,N,N
FER,Ferrovial N.V. - Ordinary Shares,Q,Nasdaq,N,N,N
FERA,Fifth Era Acquisition Corp I - Class A Ordinary Shares,Q,Nasdaq,N,N,N
FERAR,Fifth Era Acquisition Corp I - Rights,Q,Nasdaq,N,N,N
FERAU,Fifth Era Acquisition Corp I - Units,Q,Nasdaq,N,N,N
FERG,Ferguson Enterprises Inc. Common Stock,N,NYSE,N,N,
FESC,First Eagle Small Cap Equity ETF,P,NYSE Arca,Y,N,
FESM,Fidelity Enhanced Small Cap Core ETF,P,NYSE Arca,Y,N,
FET,"Forum Energy Technologies, Inc. Common Stock",N,NYSE,N,N,
FETH,Fidelity Ethereum Fund,Z,Cboe BZX,Y,N,
FEUS,FlexShares ESG & Climate US Large Cap Core Index Fund,P,NYSE Arca,Y,N,
FEUZ,First Trust Eurozone AlphaDEX ETF,Q,Nasdaq,Y,N,N
FEX,First Trust Large Cap Core AlphaDEX Fund,Q,Nasdaq,Y,N,N
FEZ,State Street SPDR EURO STOXX 50 ETF,P,NYSE Arca,Y,N,
FF,FutureFuel Corp.  Common shares,N,NYSE,N,N,
FFA,First Trust Enhanced Equity Income Fund Common Shares of Beneficial Interest,N,NYSE,N,N,
FFAI,Faraday Future Intelligent Electric Inc. - Class A Common Stock,Q,Nasdaq,N,N,D
FFAIW,Faraday Future Intelligent Electric Inc. - Warrant,Q,Nasdaq,N,N,N
FFBC,First Financial Bancorp. - Common Stock,Q,Nasdaq,N,N,N
FFC,Flaherty & Crumrine Preferred and Income Securities Fund Incorporated,N,NYSE,N,N,
FFDI,Fidelity Fundamental Developed International ETF,Z,Cboe BZX,Y,N,
FFEB,FT Vest U.S. Equity Buffer ETF - February,Z,Cboe BZX,Y,N,
FFEM,Fidelity Fundamental Emerging Markets ETF,Z,Cboe BZX,Y,N,
FFF,Founders 100 ETF,Z,Cboe BZX,Y,N,
FFGX,Fidelity Fundamental Global ex-U.S. ETF,Z,Cboe BZX,Y,N,
FFIN,"First Financial Bankshares, Inc. - Common Stock",Q,Nasdaq,N,N,N
FFIU,UVA Unconstrained Medium-Term Fixed Income ETF,P,NYSE Arca,Y,N,
FFIV,"F5, Inc. - Common Stock",Q,Nasdaq,N,N,N
FFLC,Fidelity Fundamental Large Cap Core ETF,Z,Cboe BZX,Y,N,
FFLG,Fidelity Fundamental Large Cap Growth ETF,Z,Cboe BZX,Y,N,
FFLS,The Future Fund Long/Short ETF,P,NYSE Arca,Y,N,
FFLV,Fidelity Fundamental Large Cap Value ETF,Z,Cboe BZX,Y,N,
FFND,One Global ETF,P,NYSE Arca,Y,N,
FFOG,Franklin Focused Growth ETF,Z,Cboe BZX,Y,N,
FFOX,FundX Future Fund Opportunities ETF,P,NYSE Arca,Y,N,
FFSM,Fidelity Fundamental Small-Mid Cap ETF,Z,Cboe BZX,Y,N,
FFTY,CapForce IBD 50 ETF,P,NYSE Arca,Y,N,
FFUT,Fidelity Managed Futures ETF,Q,Nasdaq,Y,N,N
FG,"F&G Annuities & Life, Inc. Common Stock",N,NYSE,N,N,
FGBI,"First Guaranty Bancshares, Inc. - Common Stock",Q,Nasdaq,N,N,N
FGBIP,"First Guaranty Bancshares, Inc. - 6.75% Series A Fixed-Rate Non-Cumulative Perpetual Preferred Stock",Q,Nasdaq,N,N,N
FGD,First Trust DJ Global Select Dividend,P,NYSE Arca,Y,N,
FGDL,Franklin Responsibly Sourced Gold ETF,P,NYSE Arca,Y,N,
FGI,FGI Industries Ltd. - Ordinary Shares,Q,Nasdaq,N,N,N
FGII,FG Imperii Acquisition Corp. - Class A Ordinary Shares,Q,Nasdaq,N,N,N
FGIIU,FG Imperii Acquisition Corp. - Units,Q,Nasdaq,N,N,N
FGIIW,FG Imperii Acquisition Corp. - Warrants,Q,Nasdaq,N,N,N
FGIWW,FGI Industries Ltd. - warrant,Q,Nasdaq,N,N,N
FGL,Founder Group Limited - Class A Ordinary Shares,Q,Nasdaq,N,N,N
FGM,First Trust Germany AlphaDEX Fund,Q,Nasdaq,Y,N,N
FGMC,FG Merger II Corp. - Common stock,Q,Nasdaq,N,N,N
FGMCR,FG Merger II Corp. - Rights,Q,Nasdaq,N,N,N
FGMCU,FG Merger II Corp. - Unit,Q,Nasdaq,N,N,N
FGN,"F&G Annuities & Life, Inc. 7.950% Senior Notes due 2053",N,NYSE,N,N,
FGNX,FG Nexus Inc. - Common Stock,Q,Nasdaq,N,N,N
FGNXP,FG Nexus Inc. - 8.00% Cumulative Series A Preferred Stock,Q,Nasdaq,N,N,N
FGRU,T-REX 2X Long FIGR Daily Target ETF,Z,Cboe BZX,Y,N,
FGSI,FT Vest Growth Strength & Target Income ETF,Q,Nasdaq,Y,N,N
FGSM,Frontier Asset Global Small Cap Equity ETF,P,NYSE Arca,Y,N,
FGSN,"F&G Annuities & Life, Inc. 7.300% Junior Subordinated Notes due 2065",N,NYSE,N,N,
FHB,"First Hawaiian, Inc. - Common Stock",Q,Nasdaq,N,N,N
FHDG,FT Vest U.S. Equity Quarterly Dynamic Buffer ETF,Z,Cboe BZX,Y,N,
FHEQ,Fidelity Hedged Equity ETF,Z,Cboe BZX,Y,N,
FHI,"Federated Hermes, Inc. Common Stock",N,NYSE,N,N,
FHIL,Federated Hermes International Leaders ETF,Z,Cboe BZX,Y,N,
FHLC,Fidelity MSCI Health Care Index ETF,P,NYSE Arca,Y,N,
FHN,First Horizon Corporation Common Stock,N,NYSE,N,N,
FHN$E,"First Horizon Corporation Depositary Shares, each representing a 1/4,000th interest in a share of Non-Cumulative Perpetual Preferred Stock, Series E",N,NYSE,N,N,
FHN$F,"First Horizon Corporation Depositary Shares, each representing 1/4000th Interest in a Share of Non-Cumulative Perpetual Preferred Stock, Series F",N,NYSE,N,N,
FHN$H,"First Horizon Corporation Depositary Shares each representing a 1/4,000th interest in a share of Non-Cumulative Perpetual Preferred Stock, Series H",N,NYSE,N,N,
FHTX,Foghorn Therapeutics Inc. - Common Stock,Q,Nasdaq,N,N,N
FHYS,Federated Hermes Short Duration High Yield ETF,P,NYSE Arca,Y,N,
FIAT,YieldMax Short COIN Option Income Strategy ETF,P,NYSE Arca,Y,N,
FIAX,Nicholas Fixed Income Alternative ETF,P,NYSE Arca,Y,N,
FIBK,"First Interstate BancSystem, Inc. - Common Stock",Q,Nasdaq,N,N,N
FICO,Fair Isaac Corporation Common Stock,N,NYSE,N,N,
FICS,First Trust International Developed Capital Strength ETF,Q,Nasdaq,Y,N,N
FID,First Trust S&P International Dividend Aristocrats ETF,Q,Nasdaq,Y,N,N
FIDI,Fidelity International High Dividend ETF,P,NYSE Arca,Y,N,
FIDU,Fidelity MSCI Industrials Index ETF,P,NYSE Arca,Y,N,
FIEE,"FiEE, Inc - Common Stock",Q,Nasdaq,N,N,N
FIG,"Figma, Inc. Class A Common Stock",N,NYSE,N,N,
FIGB,Fidelity Investment Grade Bond ETF,P,NYSE Arca,Y,N,
FIGG,Leverage Shares 2x Long FIG Daily ETF,Q,Nasdaq,Y,N,N
FIGR,"Figure Technology Solutions, Inc. - Class A Common Stock",Q,Nasdaq,N,N,N
FIGS,"FIGS, Inc. Class A Common Stock",N,NYSE,N,N,
FIGX,FIGX Capital Acquisition Corp. - Class A ordinary share,Q,Nasdaq,N,N,N
FIGXU,FIGX Capital Acquisition Corp. - Units,Q,Nasdaq,N,N,N
FIGXW,FIGX Capital Acquisition Corp. - one-half of one redeemable warrant.,Q,Nasdaq,N,N,N
FIIG,First Trust Intermediate Duration Investment Grade Corporate ETF,P,NYSE Arca,Y,N,
FIMU,Fidelity Intermediate Municipal Income ETF,Q,Nasdaq,Y,N,N
FINA,Fidelity MSCI North American Subset Index ETF,P,NYSE Arca,Y,N,
FINS,Angel Oak Financial Strategies Income Term Trust Common Shares of Beneficial Interest,N,NYSE,N,N,
FINT,Frontier Asset Total International Equity ETF,P,NYSE Arca,Y,N,
FINV,FinVolution Group American Depositary Shares,N,NYSE,N,N,
FINW,FinWise Bancorp - Common Stock,Q,Nasdaq,N,N,N
FINX,Global X FinTech ETF,Q,Nasdaq,Y,N,N
FINY,GraniteShares YieldBOOST Financials ETF,Q,Nasdaq,Y,N,N
FIP,FTAI Infrastructure Inc. - Common Stock,Q,Nasdaq,N,N,N
FIRY,Firy Inc. Class A Common Stock,N,NYSE,N,N,
FIS,"Fidelity National Information Services, Inc. Common Stock",N,NYSE,N,N,
FISI,"Financial Institutions, Inc. - Common Stock",Q,Nasdaq,N,N,N
FISK,"Empire State Realty OP, L.P. Series 250 Operating Partnership Units Representing Limited Partnership Interests",P,NYSE Arca,N,N,
FISN,"Deep Fission, Inc. - Common Stock",Q,Nasdaq,N,N,N
FISR,State Street Fixed Income Sector Rotation ETF,P,NYSE Arca,Y,N,
FISV,"Fiserv, Inc. - Common Stock",Q,Nasdaq,N,N,N
FITB,Fifth Third Bancorp Common Stock,N,NYSE,N,N,
FITB$A,"Fifth Third Bancorp Depositary Shares each representing 1/40th share of Fifth Third 6.00% Non-Cumulative Perpetual Class B Preferred Stock, Series A",N,NYSE,N,N,
FITB$I,Fifth Third Bancorp Depositary Share repstg 1/1000th Ownership Interest Perp Pfd Series I,N,NYSE,N,N,
FITB$K,"Fifth Third Bancorp Depositary Shares each representing a 1/1000th ownership interest in a share of Non-Cumulative Perpetual Preferred Stock, Series K",N,NYSE,N,N,
FITB$M,"Fifth Third Bancorp Depositary Shares Representing a 1/40th Ownership Interest in a Share of 6.875% Fixed-Rate Reset Non-Cumulative Perpetual Preferred Stock, Series M",N,NYSE,N,N,
FITE,State Street SPDR S&P Kensho Future Security ETF,P,NYSE Arca,Y,N,
FITZ,Fitz-Gerald Must Have Portfolio ETF,P,NYSE Arca,Y,N,
FIVA,Fidelity International Value Factor ETF,P,NYSE Arca,Y,N,
FIVE,"Five Below, Inc. - Common Stock",Q,Nasdaq,N,N,N
FIVN,"Five9, Inc. - Common Stock",Q,Nasdaq,N,N,N
FIW,First Trust Water ETF,P,NYSE Arca,Y,N,
FIX,"Comfort Systems USA, Inc. Common Stock",N,NYSE,N,N,
FIXD,First Trust Smith Opportunistic Fixed Income ETF,Q,Nasdaq,Y,N,N
FIXP,FolioBeyond Enhanced Fixed Income Premium ETF,P,NYSE Arca,Y,N,
FIXT,TCW Core Plus Bond ETF,N,NYSE,Y,N,
FIYY,GraniteShares YieldBOOST 20Y Treasuries ETF,Q,Nasdaq,Y,N,N
FIZZ,National Beverage Corp. - Common Stock,Q,Nasdaq,N,N,N
FJAN,FT Vest U.S. Equity Buffer ETF - January,Z,Cboe BZX,Y,N,
FJET,"Starfighters Space, Inc. Common Stock",A,NYSE American,N,N,
FJP,First Trust Japan AlphaDEX Fund,Q,Nasdaq,Y,N,N
FJUL,FT Vest U.S. Equity Buffer ETF - July,Z,Cboe BZX,Y,N,
FJUN,FT Vest U.S. Equity Buffer ETF - June,Z,Cboe BZX,Y,N,
FKU,First Trust United Kingdom AlphaDEX Fund,Q,Nasdaq,Y,N,N
FKWL,Franklin Wireless Corp. - common stock,Q,Nasdaq,N,N,N
FLAG,Global X S&P 500 U.S. Market Leaders Top 50 ETF,P,NYSE Arca,Y,N,
FLAO,AllianzIM U.S. Equity 6 Month Floor5 Apr/Oct ETF,Z,Cboe BZX,Y,N,
FLAU,Franklin FTSE Australia ETF,P,NYSE Arca,Y,N,
FLAX,Franklin FTSE Asia ex Japan ETF,P,NYSE Arca,Y,N,
FLBL,Franklin Senior Loan ETF,Z,Cboe BZX,Y,N,
FLBR,Franklin FTSE Brazil ETF,P,NYSE Arca,Y,N,
FLC,Flaherty & Crumrine Total Return Fund Inc Common Stock,N,NYSE,N,N,
FLCA,Franklin FTSE Canada ETF,P,NYSE Arca,Y,N,
FLCB,Franklin U.S. Core Bond ETF,P,NYSE Arca,Y,N,
FLCC,Federated Hermes MDT Large Cap Core ETF,P,NYSE Arca,Y,N,
FLCE,Frontier Asset U.S. Large Cap Equity ETF,P,NYSE Arca,Y,N,
FLCG,Federated Hermes MDT Large Cap Growth ETF,P,NYSE Arca,Y,N,
FLCH,Franklin FTSE China ETF,P,NYSE Arca,Y,N,
FLCO,Franklin Investment Grade Corporate ETF,P,NYSE Arca,Y,N,
FLCV,Federated Hermes MDT Large Cap Value ETF,P,NYSE Arca,Y,N,
FLD,"Fold Holdings, Inc. - Class A Common Stock",Q,Nasdaq,N,N,N
FLDB,Fidelity Low Duration Bond ETF,Q,Nasdaq,Y,N,N
FLDDW,"Fold Holdings, Inc. - Warrant",Q,Nasdaq,N,N,N
FLDR,Fidelity Low Duration Bond Factor ETF,Z,Cboe BZX,Y,N,
FLDZ,TrueShares Patriot Defense ETF,Z,Cboe BZX,Y,N,
FLEE,Franklin FTSE Europe ETF,P,NYSE Arca,Y,N,
FLEU,Franklin FTSE Eurozone ETF,P,NYSE Arca,Y,N,
FLEX,Flex Ltd. - Ordinary Shares,Q,Nasdaq,N,N,N
FLG,"Flagstar Bank, N.A. Common Stock",N,NYSE,N,N,
FLG$A,"Flagstar Bank, N.A. Depositary shares, each representing a 1/40th interest in a share of Fixed-to-Floating Rate Series A Noncumulative Perpetual Preferred Stock",N,NYSE,N,N,
FLG$U,"Flagstar Bank, N.A. Bifurcated Option Note Unit SecuritiES",N,NYSE,N,N,
FLGB,Franklin FTSE United Kingdom ETF,P,NYSE Arca,Y,N,
FLGR,Franklin FTSE Germany ETF,P,NYSE Arca,Y,N,
FLGT,"Fulgent Genetics, Inc. - Common Stock",Q,Nasdaq,N,N,N
FLGV,Franklin U.S. Treasury Bond ETF,P,NYSE Arca,Y,N,
FLHY,Franklin High Yield Corporate ETF,Z,Cboe BZX,Y,N,
FLIA,Franklin International Aggregate Bond ETF,Z,Cboe BZX,Y,N,
FLIN,Franklin FTSE India ETF,P,NYSE Arca,Y,N,
FLJH,Franklin FTSE Japan Hedged ETF,P,NYSE Arca,Y,N,
FLJJ,AllianzIM U.S. Equity 6 Month Floor5 Jan/Jul ETF,Z,Cboe BZX,Y,N,
FLJP,Franklin FTSE Japan ETF,P,NYSE Arca,Y,N,
FLKR,Franklin FTSE South Korea ETF,P,NYSE Arca,Y,N,
FLL,"Full House Resorts, Inc. - Common Stock",Q,Nasdaq,N,N,N
FLLA,Franklin FTSE Latin America ETF,P,NYSE Arca,Y,N,
FLMB,Franklin Municipal Green Bond ETF,P,NYSE Arca,Y,N,
FLMI,Franklin Dynamic Municipal Bond ETF,P,NYSE Arca,Y,N,
FLMX,Franklin FTSE Mexico ETF,P,NYSE Arca,Y,N,
FLN,First Trust Latin America AlphaDEX Fund,Q,Nasdaq,Y,N,N
FLNA,"Filana Therapeutics, Inc. - Common Stock",Q,Nasdaq,N,N,N
FLNC,"Fluence Energy, Inc. - Class A Common Stock",Q,Nasdaq,N,N,N
FLNG,FLEX LNG Ltd. Ordinary Shares,N,NYSE,N,N,
FLNT,"Fluent, Inc. - Common Stock",Q,Nasdaq,N,N,N
FLO,"Flowers Foods, Inc. Common Stock",N,NYSE,N,N,
FLOC,Flowco Holdings Inc. Class A Common Stock,N,NYSE,N,N,
FLOT,iShares Floating Rate Bond ETF,Z,Cboe BZX,Y,N,
FLOW,Global X U.S. Cash Flow Kings 100 ETF,P,NYSE Arca,Y,N,
FLQL,Franklin U.S. Large Cap Multifactor Index ETF,Z,Cboe BZX,Y,N,
FLQM,Franklin U.S. Mid Cap Multifactor Index ETF,Z,Cboe BZX,Y,N,
FLQS,Franklin U.S. Small Cap Multifactor Index ETF,Z,Cboe BZX,Y,N,
FLR,Fluor Corporation Common Stock,N,NYSE,N,N,
FLRG,Fidelity U.S. Multifactor ETF,P,NYSE Arca,Y,N,
FLRN,State Street SPDR Bloomberg Investment Grade Floating Rate ETF,P,NYSE Arca,Y,N,
FLRT,Pacer Aristotle Pacific Floating Rate High Income ETF,P,NYSE Arca,Y,N,
FLS,Flowserve Corporation Common Stock,N,NYSE,N,N,
FLSA,Franklin FTSE Saudi Arabia ETF,P,NYSE Arca,Y,N,
FLSP,Franklin Systematic Style Premia ETF,P,NYSE Arca,Y,N,
FLSW,Franklin FTSE Switzerland ETF,P,NYSE Arca,Y,N,
FLTB,Fidelity Limited Term Bond ETF,P,NYSE Arca,Y,N,
FLTR,VanEck IG Floating Rate ETF,P,NYSE Arca,Y,N,
FLTW,Franklin FTSE Taiwan ETF,P,NYSE Arca,Y,N,
FLUD,Franklin Ultra Short Bond ETF,P,NYSE Arca,Y,N,
FLUT,Flutter Entertainment plc Ordinary Shares,N,NYSE,N,N,
FLUX,"Flux Power Holdings, Inc. - Common Stock",Q,Nasdaq,N,N,N
FLV,American Century Focused Large Cap Value ETF,P,NYSE Arca,Y,N,
FLWS,"1-800-FLOWERS.COM, Inc. - Class A Common Stock",Q,Nasdaq,N,N,N
FLX,BingEx Limited - American Depositary Shares,Q,Nasdaq,N,N,N
FLXI,Invesco Flexible Income ETF,Z,Cboe BZX,Y,N,
FLXN,Horizon Flexible Income ETF,Z,Cboe BZX,Y,N,
FLXR,TCW Flexible Income ETF,N,NYSE,Y,N,
FLXS,"Flexsteel Industries, Inc. - Common Stock",Q,Nasdaq,N,N,N
FLY,Firefly Aerospace Inc. - Common Stock,Q,Nasdaq,N,N,N
FLYD,MicroSectors Travel -3x Inverse Leveraged ETN,P,NYSE Arca,Y,N,
FLYE,"Fly-E Group, Inc. - Common Stock",Q,Nasdaq,N,N,N
FLYT,Tradr 2X Long FLY Daily ETF,Z,Cboe BZX,Y,N,
FLYU,MicroSectors Travel 3x Leveraged ETN,P,NYSE Arca,Y,N,
FLYW,Flywire Corporation - Voting Common Stock,Q,Nasdaq,N,N,N
FLYX,"flyExclusive, Inc. Class A Common Stock",A,NYSE American,N,N,
FLYX.W,"flyExclusive, Inc. Redeemable warrants, each whole warrant exercisable for one Class A common stock at an exercise price of $11.50 per share",A,NYSE American,N,N,
FLZH,"Flash Sports & Media Holdings, Inc. - Common Stock",Q,Nasdaq,N,N,N
FMAC,Future Money Acquisition Corporation - Ordinary Shares,Q,Nasdaq,N,N,N
FMACR,Future Money Acquisition Corporation - Rights,Q,Nasdaq,N,N,N
FMACU,Future Money Acquisition Corporation - Units,Q,Nasdaq,N,N,N
FMAG,Fidelity Magellan ETF,Z,Cboe BZX,Y,N,
FMAO,"Farmers & Merchants Bancorp, Inc. - Common Stock",Q,Nasdaq,N,N,N
FMAR,FT Vest U.S. Equity Buffer ETF - March,Z,Cboe BZX,Y,N,
FMAT,Fidelity MSCI Materials Index ETF,P,NYSE Arca,Y,N,
FMAY,FT Vest U.S. Equity Buffer ETF - May,Z,Cboe BZX,Y,N,
FMB,First Trust Managed Municipal ETF,Q,Nasdaq,Y,N,N
FMBH,"First Mid Bancshares, Inc. - Common Stock",Q,Nasdaq,N,N,N
FMC,FMC Corporation Common Stock,N,NYSE,N,N,
FMCE,FM Compounders Equity ETF,P,NYSE Arca,Y,N,
FMCX,FM Focus Equity ETF,P,NYSE Arca,Y,N,
FMDE,Fidelity Enhanced Mid Cap Core ETF,P,NYSE Arca,Y,N,
FMED,Fidelity Disruptive Medicine ETF,Q,Nasdaq,Y,N,N
FMET,Fidelity Metaverse ETF,Q,Nasdaq,Y,N,N
FMF,First Trust Managed Futures Strategy Fund,P,NYSE Arca,Y,N,
FMFC,Kandal M Venture Limited - Class A ordinary Shares,Q,Nasdaq,N,N,D
FMHI,First Trust Municipal High Income ETF,Q,Nasdaq,Y,N,N
FMKT,The Free Markets ETF,P,NYSE Arca,Y,N,
FMN,Federated Hermes Premier Municipal Income Fund,N,NYSE,N,N,
FMNB,Farmers National Banc Corp. - Common Stock,Q,Nasdaq,N,N,N
FMNY,First Trust New York Municipal High Income ETF,P,NYSE Arca,Y,N,
FMQQ,FMQQ The Next Frontier Internet ETF,P,NYSE Arca,Y,N,
FMS,Fresenius Medical Care AG American Depositary Shares (Each representing 1/2 of an Ordinary Share),N,NYSE,N,N,
FMST,Foremost Clean Energy Ltd. - Common Shares,Q,Nasdaq,N,N,N
FMSTW,Foremost Clean Energy Ltd. - Warrant,Q,Nasdaq,N,N,N
FMTL,First Trust Indxx Critical Metals ETF,P,NYSE Arca,Y,N,
FMTM,MarketDesk Focused U.S. Momentum ETF,Q,Nasdaq,Y,N,N
FMUB,Fidelity Municipal Bond Opportunities ETF,Q,Nasdaq,Y,N,N
FMUN,Fidelity Systematic Municipal Bond Index ETF,Q,Nasdaq,Y,N,N
FMX,Fomento Economico Mexicano S.A.B. de C.V. Common Stock,N,NYSE,N,N,
FMY,First Trust Mortgage Income Fund Common Shares of Beneficial Interest,N,NYSE,N,N,
FN,Fabrinet Ordinary Shares,N,NYSE,N,N,
FNB,F.N.B. Corporation Common Stock,N,NYSE,N,N,
FNCL,Fidelity MSCI Financials Index ETF,P,NYSE Arca,Y,N,
FND,"Floor & Decor Holdings, Inc. Common Stock",N,NYSE,N,N,
FNDA,Schwab Fundamental U.S. Small Company ETF,P,NYSE Arca,Y,N,
FNDB,Schwab Fundamental U.S. Broad Market ETF,P,NYSE Arca,Y,N,
FNDC,Schwab Fundamental International Small Equity ETF,P,NYSE Arca,Y,N,
FNDE,Schwab Fundamental Emerging Markets Equity ETF,P,NYSE Arca,Y,N,
FNDF,Schwab Fundamental International Equity ETF,P,NYSE Arca,Y,N,
FNDX,Schwab Fundamental U.S. Large Company ETF,P,NYSE Arca,Y,N,
FNF,"Fidelity National Financial, Inc. Common Stock",N,NYSE,N,N,
FNG,Leverage Shares 2X Long FN Daily ETF,Z,Cboe BZX,Y,N,
FNGD,"MicroSectors FANG  Index -3X Inverse Leveraged ETNs due January 8, 2038",P,NYSE Arca,N,N,
FNGG,Direxion Daily NYSE FANG+ Bull 2X ETF,P,NYSE Arca,Y,N,
FNGO,"MicroSectors FANG  Index 2X Leveraged ETNs due January 8, 2038",P,NYSE Arca,N,N,
FNGR,"FingerMotion, Inc. - common stock",Q,Nasdaq,N,N,D
FNGS,"MicroSectors FANG  ETNs due January 8, 2038",P,NYSE Arca,Y,N,
FNGU,MicroSectors FANG+ 3X Leveraged ETNs,P,NYSE Arca,Y,N,
FNK,First Trust Mid Cap Value AlphaDEX Fund,Q,Nasdaq,Y,N,N
FNKO,"Funko, Inc. - Class A Common Stock",Q,Nasdaq,N,N,N
FNLC,"First Bancorp, Inc (ME) - Common Stock",Q,Nasdaq,N,N,N
FNOV,FT Vest U.S. Equity Buffer ETF - November,Z,Cboe BZX,Y,N,
FNRN,First Northern Community Bancorp - Common stock,Q,Nasdaq,N,N,N
FNUC,Frontier Nuclear and Minerals Inc. - Common Shares,Q,Nasdaq,N,N,E
FNV,Franco-Nevada Corporation,N,NYSE,N,N,
FNWB,First Northwest Bancorp - Common Stock,Q,Nasdaq,N,N,N
FNWD,Finward Bancorp - common stock,Q,Nasdaq,N,N,N
FNX,First Trust Mid Cap Core AlphaDEX Fund,Q,Nasdaq,Y,N,N
FNY,First Trust Mid Cap Growth AlphaDEX Fund,Q,Nasdaq,Y,N,N
FOA,Finance of America Companies Inc. Class A Common Stock,N,NYSE,N,N,
FOCL,"EDAP TMS S.A. - American Depositary Shares, each representing One Ordinary Share",Q,Nasdaq,N,N,N
FOCT,FT Vest U.S. Equity Buffer ETF - October,Z,Cboe BZX,Y,N,
FOF,"Cohen & Steers Closed-End Opportunity Fund, Inc. Common Stock",N,NYSE,N,N,
FOFO,"Hang Feng Technology Innovation Co., Ltd. - Ordinary Shares",Q,Nasdaq,N,N,N
FOMG,Leverage Shares 2X Long FORM Daily ETF,Z,Cboe BZX,Y,N,
FOPC,Frontier Asset Opportunistic Credit ETF,P,NYSE Arca,Y,N,
FOR,Forestar Group Inc Common Stock ,N,NYSE,N,N,
FORH,Formidable ETF,Z,Cboe BZX,Y,N,
FORM,"FormFactor, Inc. - Common Stock",Q,Nasdaq,N,N,N
FORR,"Forrester Research, Inc. - Common Stock",Q,Nasdaq,N,N,N
FORTY,Formula Systems (1985) Ltd. - American Depositary Shares,Q,Nasdaq,N,N,N
FOSL,"Fossil Group, Inc. - Common Stock",Q,Nasdaq,N,N,N
FOTO,Tuttle Capital Pure Play Photonics ETF,Z,Cboe BZX,Y,N,
FOUR,"Shift4 Payments, Inc. Class A Common Stock",N,NYSE,N,N,
FOUR$A,"Shift4 Payments, Inc. 6.00% Series A Mandatory Convertible Preferred Stock",N,NYSE,N,N,
FOWF,Pacer Solactive Whitney Future of Warfare ETF,Z,Cboe BZX,Y,N,
FOX,Fox Corporation - Class B Common Stock,Q,Nasdaq,N,N,N
FOXA,Fox Corporation - Class A Common Stock,Q,Nasdaq,N,N,N
FOXF,Fox Factory Holding Corp. - Common Stock,Q,Nasdaq,N,N,N
FOXX,Foxx Development Holdings Inc. - Common Stock,Q,Nasdaq,N,N,N
FOXXW,Foxx Development Holdings Inc. - Warrant,Q,Nasdaq,N,N,N
FOXY,Simplify Currency Strategy ETF,P,NYSE Arca,Y,N,
FPA,First Trust Asia Pacific Ex-Japan AlphaDEX Fund,Q,Nasdaq,Y,N,N
FPAA,FPA Global Allocation ETF,Z,Cboe BZX,Y,N,
FPAG,FPA Global Equity ETF,Z,Cboe BZX,Y,N,
FPAS,FPA Short Duration Government ETF,Z,Cboe BZX,Y,N,
FPE,First Trust Preferred Securities and Income ETF ETF,P,NYSE Arca,Y,N,
FPEI,First Trust Institutional Preferred Securities and Income ETF,P,NYSE Arca,Y,N,
FPF,First Trust Intermediate Duration Preferred & Income Fund Common Shares of Beneficial Interest,N,NYSE,N,N,
FPFD,Fidelity Preferred Securities & Income ETF,Z,Cboe BZX,Y,N,
FPH,"Five Point Holdings, LLC Class A Common Shares",N,NYSE,N,N,
FPI,Farmland Partners Inc. Common Stock,N,NYSE,N,N,
FPRO,Fidelity Real Estate Investment ETF,Z,Cboe BZX,Y,N,
FPS,"Forgent Power Solutions, Inc. Class A Common Stock",N,NYSE,N,N,
FPSX,Leverage Shares 2X Long FPS Daily ETF,Z,Cboe BZX,Y,N,
FPWR,First Trust EIP Power Solutions ETF,P,NYSE Arca,Y,N,
FPX,First Trust US Equity Opportunities ETF,P,NYSE Arca,Y,N,
FPXE,First Trust IPOX Europe Equity Opportunities ETF,Q,Nasdaq,Y,N,N
FPXI,First Trust International Equity Opportunities ETF,Q,Nasdaq,Y,N,N
FQAL,Fidelity Quality Factor ETF,P,NYSE Arca,Y,N,
FR,"First Industrial Realty Trust, Inc. Common Stock",N,NYSE,N,N,
FRA,Blackrock Floating Rate Income Strategies Fund Inc  Common Stock,N,NYSE,N,N,
FRAF,Franklin Financial Services Corporation - Common Stock,Q,Nasdaq,N,N,N
FRBA,First Bank  - Common Stock,Q,Nasdaq,N,N,N
FRBT,"Forbright, Inc. - Class A Common Stock",Q,Nasdaq,N,N,N
FRD,Friedman Industries Inc. - Common Stock,Q,Nasdaq,N,N,N
FRDM,Freedom 100 Emerging Markets ETF,Z,Cboe BZX,Y,N,
FREI,Fidelity Real Estate Income ETF,Q,Nasdaq,Y,N,N
FREL,Fidelity MSCI Real Estate Index ETF,P,NYSE Arca,Y,N,
FRGN,Horizon International Equity ETF,P,NYSE Arca,Y,N,
FRGT,"Freight Technologies, Inc. - Ordinary Shares",Q,Nasdaq,N,N,N
FRHC,Freedom Holding Corp. - Common Stock,Q,Nasdaq,N,N,N
FRI,First Trust S&P REIT Index Fund,P,NYSE Arca,Y,N,
FRIZ,Franklin Dividend Growth ETF,P,NYSE Arca,Y,N,
FRME,First Merchants Corporation - Common Stock,Q,Nasdaq,N,N,N
FRMEP,"First Merchants Corporation - Depository Shares, each representing a 1/100th interest in a share of 7.50% Non-Cumulative Perpetual Preferred Stock, A",Q,Nasdaq,N,N,N
FRMI,Fermi Inc. - Common Stock,Q,Nasdaq,N,N,N
FRMM,"Forum Markets, Incorporated - Common Stock",Q,Nasdaq,N,N,N
FRNW,Fidelity Clean Energy ETF,Z,Cboe BZX,Y,N,
FRO,Frontline Plc Ordinary Shares,N,NYSE,N,N,
FROG,JFrog Ltd. - Ordinary shares,Q,Nasdaq,N,N,N
FRPH,"FRP Holdings, Inc. - Common Stock",Q,Nasdaq,N,N,N
FRPT,"Freshpet, Inc. - Common Stock",Q,Nasdaq,N,N,N
FRSH,Freshworks Inc. - Class A Common Stock,Q,Nasdaq,N,N,N
FRST,Primis Financial Corp. - Common Stock,Q,Nasdaq,N,N,N
FRSX,Foresight Autonomous Holdings Ltd. - American Depositary Shares,Q,Nasdaq,N,N,N
FRT,Federal Realty Investment Trust Common Stock,N,NYSE,N,N,
FRT$C,"Federal Realty Investment Trust Depositary Shares, each representing a 1/1000th interest in a 5.000% Series C Cumulative Redeemable Preferred Share",N,NYSE,N,N,
FRTT,Fort Technology Inc. - Common Shares,Q,Nasdaq,N,N,N
FRTY,Alger Mid Cap 40 ETF,P,NYSE Arca,Y,N,
FRVO,Fervo Energy Company - Class A common stock,Q,Nasdaq,N,N,N
FRWD,Nomura Transformational Technologies ETF,Q,Nasdaq,Y,N,N
FSBC,Five Star Bancorp - Common Stock,Q,Nasdaq,N,N,N
FSBW,"FS Bancorp, Inc. - Common Stock",Q,Nasdaq,N,N,N
FSCC,Federated Hermes MDT Small Cap Core ETF,P,NYSE Arca,Y,N,
FSCO,FS Credit Opportunities Corp. Common Stock,N,NYSE,N,N,
FSCS,First Trust SMID Capital Strength ETF,Q,Nasdaq,Y,N,N
FSEA,"First Seacoast Bancorp, Inc. - Common Stock",Q,Nasdaq,N,N,N
FSEC,Fidelity Investment Grade Securitized ETF,P,NYSE Arca,Y,N,
FSEG,Fidelity Enhanced Small Cap Growth ETF,P,NYSE Arca,Y,N,
FSEP,FT Vest U.S. Equity Buffer ETF - September,Z,Cboe BZX,Y,N,
FSEV,Fidelity Enhanced Small Cap Value ETF,P,NYSE Arca,Y,N,
FSGS,First Trust SMID Growth Strength ETF,Q,Nasdaq,Y,N,N
FSHP,Flag Ship Acquisition Corp. - Ordinary Shares,Q,Nasdaq,N,N,N
FSHPR,Flag Ship Acquisition Corp. - Right,Q,Nasdaq,N,N,N
FSHPU,Flag Ship Acquisition Corp. - Unit,Q,Nasdaq,N,N,N
FSI,Flexible Solutions International Inc. Common Stock (CDA),A,NYSE American,N,N,
FSIG,First Trust Limited Duration Investment Grade Corporate ETF,P,NYSE Arca,Y,N,
FSK,FS KKR Capital Corp. Common Stock,N,NYSE,N,N,
FSLR,"First Solar, Inc. - Common Stock",Q,Nasdaq,N,N,N
FSLY,"Fastly, Inc. - Class A Common Stock",Q,Nasdaq,N,N,N
FSM,Fortuna Mining Corp. Common Shares,N,NYSE,N,N,
FSMB,First Trust Short Duration Managed Municipal ETF,P,NYSE Arca,Y,N,
FSMD,Fidelity Small-Mid Multifactor ETF,P,NYSE Arca,Y,N,
FSML,Franklin Small Cap Enhanced ETF,P,NYSE Arca,Y,N,
FSOL,Fidelity Solana Fund,P,NYSE Arca,Y,N,
FSP,Franklin Street Properties Corp. Common Stock,A,NYSE American,N,N,
FSPC,First Trust Bloomberg Space Economy ETF,P,NYSE Arca,Y,N,
FSS,Federal Signal Corporation Common Stock,N,NYSE,N,N,
FSSL,FS Specialty Lending Fund Common Shares of Beneficial Interest,N,NYSE,N,N,
FSTA,Fidelity MSCI Consumer Staples Index ETF,P,NYSE Arca,Y,N,
FSTB,Fidelity Short-Term Bond ETF,Q,Nasdaq,Y,N,N
FSTR,L.B. Foster Company - Common Stock,Q,Nasdaq,N,N,N
FSUN,FirstSun Capital Bancorp - Common Stock,Q,Nasdaq,N,N,N
FSV,FirstService Corporation - Common Shares,Q,Nasdaq,N,N,N
FSYD,Fidelity Sustainable High Yield ETF,P,NYSE Arca,Y,N,
FSZ,First Trust Switzerland AlphaDEX Fund,Q,Nasdaq,Y,N,N
FT,Franklin Universal Trust Common Stock,N,NYSE,N,N,
FTA,First Trust Large Cap Value AlphaDEX Fund,Q,Nasdaq,Y,N,N
FTAG,First Trust Indxx Global Agriculture ETF,Q,Nasdaq,Y,N,N
FTAI,FTAI Aviation Ltd. - Common Stock,Q,Nasdaq,N,N,N
FTAIM,FTAI Aviation Ltd. - 9.500% Fixed-Rate Reset Series D Cumulative Perpetual Redeemable Preferred Shares,Q,Nasdaq,N,N,N
FTBD,Fidelity Tactical Bond ETF,P,NYSE Arca,Y,N,
FTBI,First Trust Balanced Income ETF,P,NYSE Arca,Y,N,
FTC,First Trust Large Cap Growth AlphaDEX Fund,Q,Nasdaq,Y,N,N
FTCA,Franklin California Municipal Income ETF,P,NYSE Arca,Y,N,
FTCB,First Trust Core Investment Grade ETF,P,NYSE Arca,Y,N,
FTCE,First Trust New Constructs Core Earnings Leaders ETF,P,NYSE Arca,Y,N,
FTCI,"FTC Solar, Inc. - Common Stock",Q,Nasdaq,N,N,N
FTCS,First Trust Capital Strength ETF,Q,Nasdaq,Y,N,N
FTDR,"Frontdoor, Inc. - Common Stock",Q,Nasdaq,N,N,N
FTDS,First Trust Dividend Strength ETF,Q,Nasdaq,Y,N,N
FTEC,Fidelity MSCI Information Technology Index ETF,P,NYSE Arca,Y,N,
FTEK,"Fuel Tech, Inc. - Common Stock",Q,Nasdaq,N,N,N
FTF,Franklin Limited Duration Income Trust Common Shares of Beneficial Interest,A,NYSE American,N,N,
FTFT,Future FinTech Group Inc. - Common Stock,Q,Nasdaq,N,N,N
FTGC,First Trust Global Tactical Commodity Strategy Fund,Q,Nasdaq,Y,N,N
FTGS,First Trust Growth Strength ETF,Q,Nasdaq,Y,N,N
FTH,"Faeth Therapeutics, Inc.  - Common Stock",Q,Nasdaq,N,N,N
FTHA,Forefront Tech Holdings Acquisition Corp - Class A Ordinary Shares,Q,Nasdaq,N,N,N
FTHAU,Forefront Tech Holdings Acquisition Corp - Unit,Q,Nasdaq,N,N,N
FTHAW,Forefront Tech Holdings Acquisition Corp - Warrant,Q,Nasdaq,N,N,N
FTHB,FIS Faith Income ETF,P,NYSE Arca,Y,N,
FTHF,First Trust Emerging Markets Human Flourishing ETF,P,NYSE Arca,Y,N,
FTHI,First Trust BuyWrite Income ETF,Q,Nasdaq,Y,N,N
FTHM,Fathom Holdings Inc. - Common Stock,Q,Nasdaq,N,N,E
FTHY,First Trust High Yield Opportunities 2027 Term Fund Common Stock,N,NYSE,N,N,
FTI,TechnipFMC plc Ordinary Share,N,NYSE,N,N,
FTIF,First Trust Bloomberg Inflation Sensitive Equity ETF,P,NYSE Arca,Y,N,
FTK,"Flotek Industries, Inc. Common Stock",N,NYSE,N,N,
FTKI,First Trust Small Cap BuyWrite Income ETF,P,NYSE Arca,Y,N,
FTLF,"FitLife Brands, Inc. - Common Stock",Q,Nasdaq,N,N,N
FTLS,First Trust Long/Short Equity,P,NYSE Arca,Y,N,
FTMA,Franklin Massachusetts Municipal Income ETF,P,NYSE Arca,Y,N,
FTMH,Franklin Municipal High Yield ETF,P,NYSE Arca,Y,N,
FTMN,Franklin Minnesota Municipal Income ETF,P,NYSE Arca,Y,N,
FTMS,Franklin Short-Term Municipal Income ETF,P,NYSE Arca,Y,N,
FTMU,Franklin Municipal Income ETF,P,NYSE Arca,Y,N,
FTNJ,Franklin New Jersey Municipal Income ETF,P,NYSE Arca,Y,N,
FTNT,"Fortinet, Inc. - Common Stock",Q,Nasdaq,N,N,N
FTNY,Franklin New York Municipal Income ETF,P,NYSE Arca,Y,N,
FTOH,Franklin Ohio Municipal Income ETF,P,NYSE Arca,Y,N,
FTPA,Franklin Pennsylvania Municipal Income ETF,P,NYSE Arca,Y,N,
FTQI,First Trust Nasdaq BuyWrite Income ETF,Q,Nasdaq,Y,N,N
FTRA.U,"FutureCorp Space Acquisition 1 Units, each consisting of one Class A ordinary share and one-half of one redeemable warrant",N,NYSE,N,N,
FTRB,Federated Hermes Total Return Bond ETF,P,NYSE Arca,Y,N,
FTRE,Fortrea Holdings Inc. - Common Stock,Q,Nasdaq,N,N,N
FTRI,First Trust Indxx Global Natural Resources Income ETF,Q,Nasdaq,Y,N,N
FTRK,FAST TRACK GROUP - Ordinary shares,Q,Nasdaq,N,N,D
FTS,Fortis Inc. Common Shares,N,NYSE,N,N,
FTSD,Franklin Short Duration U.S. Government ETF,P,NYSE Arca,Y,N,
FTSL,First Trust Senior Loan Fund,Q,Nasdaq,Y,N,N
FTSM,First Trust Enhanced Short Maturity ETF,Q,Nasdaq,Y,N,N
FTV,Fortive Corporation Common Stock ,N,NYSE,N,N,
FTW,Presidio Production Company Class A Common Stock,N,NYSE,N,N,
FTW.W,"Presidio Production Company Warrants, each whole warrant exercisable for one share of Class A common stock at an exercise price of $11.50 per share",N,NYSE,N,N,
FTWO,Strive Natural Resources and Security ETF,N,NYSE,Y,N,
FTXG,First Trust Nasdaq Food & Beverage ETF,Q,Nasdaq,Y,N,N
FTXH,First Trust Nasdaq Pharmaceuticals ETF,Q,Nasdaq,Y,N,N
FTXL,First Trust Nasdaq Semiconductor ETF,Q,Nasdaq,Y,N,N
FTXN,First Trust Nasdaq Oil & Gas ETF,Q,Nasdaq,Y,N,N
FTXO,First Trust Nasdaq Bank ETF,Q,Nasdaq,Y,N,N
FTXR,First Trust Nasdaq Transportation ETF,Q,Nasdaq,Y,N,N
FUBO,FuboTV Inc. Class A Common Stock,N,NYSE,N,N,
FUFU,BitFuFu Inc. - Class A Ordinary Shares,Q,Nasdaq,N,N,N
FUFUW,BitFuFu Inc. - Warrant,Q,Nasdaq,N,N,N
FUL,H. B. Fuller Company Common Stock,N,NYSE,N,N,
FULC,"Fulcrum Therapeutics, Inc. - Common Stock",Q,Nasdaq,N,N,N
FULT,Fulton Financial Corporation - Common Stock,Q,Nasdaq,N,N,N
FULTP,"Fulton Financial Corporation - Depositary Shares Each Representing a 1/40th Interest in a Share of Fixed Rate Non-Cumulative Perpetual Preferred Stock, Series A",Q,Nasdaq,N,N,N
FUMB,First Trust Ultra Short Duration Municipal ETF,P,NYSE Arca,Y,N,
FUN,Six Flags Entertainment Corporation Common Stock New,N,NYSE,N,N,
FUNC,First United Corporation - Common Stock,Q,Nasdaq,N,N,N
FUND,"Sprott Focus Trust, Inc. - Closed End Fund",Q,Nasdaq,N,N,N
FURY,Fury Gold Mines Limited Common Shares,A,NYSE American,N,N,
FUSB,"First US Bancshares, Inc. - Common Stock",Q,Nasdaq,N,N,N
FUSD,Federated Hermes Ultrashort Bond ETF,Z,Cboe BZX,Y,N,
FUSE,Fusemachines Inc. - Common stock,Q,Nasdaq,N,N,D
FUSEW,Fusemachines Inc. - Warrants,Q,Nasdaq,N,N,N
FUSI,American Century Multisector Floating Income ETF,P,NYSE Arca,Y,N,
FUTG,Leverage Shares 2x Long FUTU Daily ETF,Q,Nasdaq,Y,N,N
FUTU,Futu Holdings Limited - American Depositary Shares,Q,Nasdaq,N,N,N
FUTY,Fidelity MSCI Utilities Index ETF,P,NYSE Arca,Y,N,
FV,First Trust Dorsey Wright Focus 5 ETF,Q,Nasdaq,Y,N,N
FVAL,Fidelity Value Factor ETF,P,NYSE Arca,Y,N,
FVAV,Fortress Value Acquisition Corp. V - Class A Ordinary Shares,Q,Nasdaq,N,N,N
FVC,First Trust Dorsey Wright Dynamic Focus 5 ETF,Q,Nasdaq,Y,N,N
FVCB,"FVCBankcorp, Inc. - Common Stock",Q,Nasdaq,N,N,N
FVD,First Trust VL Dividend,P,NYSE Arca,Y,N,
FVN,Future Vision II Acquisition Corporation - Ordinary Shares,Q,Nasdaq,N,N,D
FVNNR,Future Vision II Acquisition Corporation - Right,Q,Nasdaq,N,N,N
FVNNU,Future Vision II Acquisition Corporation - Units,Q,Nasdaq,N,N,N
FVR,"FrontView REIT, Inc. Common Stock",N,NYSE,N,N,
FVRR,"Fiverr International Ltd. Ordinary Shares, no par value",N,NYSE,N,N,
FWACU,Futurewave Acquisition Corporation - Units,Q,Nasdaq,N,N,N
FWD,AB Disruptors ETF,P,NYSE Arca,Y,N,
FWDI,"Forward Industries, Inc. - Common Stock",Q,Nasdaq,N,N,N
FWONA,Liberty Media Corporation - Series A Liberty Formula One Common Stock,Q,Nasdaq,N,N,N
FWONK,Liberty Media Corporation - Series C Liberty Formula One Common Stock,Q,Nasdaq,N,N,N
FWRD,Forward Air Corporation - Common Stock,Q,Nasdaq,N,N,N
FWRG,"First Watch Restaurant Group, Inc. - Common Stock",Q,Nasdaq,N,N,N
FXA,Invesco CurrencyShares Australian Dollar Trust,P,NYSE Arca,Y,N,
FXAC,FortuneX Acquisition Corporation - Ordinary shares,Q,Nasdaq,N,N,N
FXACU,FortuneX Acquisition Corporation - Units,Q,Nasdaq,N,N,N
FXACW,FortuneX Acquisition Corporation - Warrant,Q,Nasdaq,N,N,N
FXB,Invesco CurrencyShares British Pound Sterling Trust,P,NYSE Arca,Y,N,
FXC,Invesco CurrencyShares Canadian Dollar Trust,P,NYSE Arca,Y,N,
FXD,First Trust Cons. Discret. AlphaDEX,P,NYSE Arca,Y,N,
FXE,Invesco CurrencyShares Euro Currency Trust,P,NYSE Arca,Y,N,
FXED,Sound Enhanced Fixed Income ETF,N,NYSE,Y,N,
FXF,Invesco CurrencyShares Swiss Franc Trust,P,NYSE Arca,Y,N,
FXG,First Trust Cons. Staples AlphaDEX,P,NYSE Arca,Y,N,
FXH,First Trust Health Care AlphaDEX,P,NYSE Arca,Y,N,
FXHO,UTime Limited - Class A Ordinary Shares,Q,Nasdaq,N,N,N
FXI,iShares China Large-Cap ETF,P,NYSE Arca,Y,N,
FXL,First Trust Technology AlphaDEX,P,NYSE Arca,Y,N,
FXN,First Trust Energy AlphaDEX Fund,P,NYSE Arca,Y,N,
FXNC,First National Corporation - Common Stock,Q,Nasdaq,N,N,N
FXO,First Trust Financials AlphaDEX,P,NYSE Arca,Y,N,
FXP,ProShares UltraShort FTSE China 50,P,NYSE Arca,Y,N,
FXR,First Trust Industrials AlphaDEX,P,NYSE Arca,Y,N,
FXU,First Trust Utilities AlphaDEX Fund,P,NYSE Arca,Y,N,
FXY,Invesco CurrencyShares Japanese Yen Trust,P,NYSE Arca,Y,N,
FXZ,First Trust Materials AlphaDEX Fund,P,NYSE Arca,Y,N,
FYC,First Trust Small Cap Growth AlphaDEX Fund,Q,Nasdaq,Y,N,N
FYEE,Fidelity Yield Enhanced Equity ETF,Z,Cboe BZX,Y,N,
FYLD,Cambria Foreign Shareholder Yield ETF,Z,Cboe BZX,Y,N,
FYT,First Trust Small Cap Value AlphaDEX Fund,Q,Nasdaq,Y,N,N
FYX,First Trust Small Cap Core AlphaDEX Fund,Q,Nasdaq,Y,N,N
G,Genpact Limited Common Stock,N,NYSE,N,N,
GAA,Cambria Global Asset Allocation ETF,Z,Cboe BZX,Y,N,
GAB,"Gabelli Equity Trust, Inc. (The) Common Stock",N,NYSE,N,N,
GAB$G,"Gabelli Equity Trust, Inc. (The) Series G Cumulative Preferred Stock",N,NYSE,N,N,
GAB$H,"Gabelli Equity Trust, Inc. (The) Pfd Ser H",N,NYSE,N,N,
GAB$K,"Gabelli Equity Trust, Inc. (The) 5.00% Series K Cumulative Preferred Stock",N,NYSE,N,N,
GABC,"German American Bancorp, Inc. - Common Stock",Q,Nasdaq,N,N,N
GABF,Gabelli ETFs Trust Gabelli Financial Services Opportunities ETF,P,NYSE Arca,Y,N,
GAEM,Simplify Gamma Emerging Market Bond ETF,P,NYSE Arca,Y,N,
GAIA,"Gaia, Inc. - Class A Common Stock",Q,Nasdaq,N,N,N
GAIN,Gladstone Investment Corporation - Business Development Company,Q,Nasdaq,N,N,N
GAING,Gladstone Investment Corporation - 7.125% Notes due 2031,Q,Nasdaq,N,N,N
GAINI,Gladstone Investment Corporation - 7.875% Notes due 2030,Q,Nasdaq,N,N,N
GAINZ,Gladstone Investment Corporation - 4.875% Notes due 2028,Q,Nasdaq,N,N,N
GAL,State Street Global Allocation ETF,P,NYSE Arca,Y,N,
GALT,Galectin Therapeutics Inc. - Common Stock,Q,Nasdaq,N,N,N
GAM,"General American Investors, Inc. Common Stock",N,NYSE,N,N,
GAM$B,"General American Investors Company, Inc. Cumulative Preferred Stock",N,NYSE,N,N,
GAMB,Gambling.com Group Limited - Ordinary Shares,Q,Nasdaq,N,N,N
GAME,"GameSquare Holdings, Inc. - Common stock",Q,Nasdaq,N,N,D
GAMR,Amplify Video Game Leaders ETF,P,NYSE Arca,Y,N,
GANX,"Gain Therapeutics, Inc. - Common Stock",Q,Nasdaq,N,N,N
GAP,"Gap, Inc. (The) Common Stock",N,NYSE,N,N,
GAPR,FT Vest U.S. Equity Moderate Buffer ETF - April,Z,Cboe BZX,Y,N,
GARA,Guinness Atkinson Real Assets Income ETF,P,NYSE Arca,Y,N,
GARP,iShares MSCI USA Quality GARP ETF,Z,Cboe BZX,Y,N,
GARY,Mango Growth ETF,Q,Nasdaq,Y,N,N
GASS,"StealthGas, Inc. - common stock",Q,Nasdaq,N,N,N
GASZ,Corgi Natural Gas Power & Turbines ETF,Z,Cboe BZX,Y,N,
GATX,GATX Corporation Common Stock,N,NYSE,N,N,
GAU,Galiano Gold Inc.,A,NYSE American,N,N,
GAUG,FT Vest U.S. Equity Moderate Buffer ETF - August,Z,Cboe BZX,Y,N,
GAUZ,Gauzy Ltd. - Ordinary Shares,Q,Nasdaq,N,N,H
GAVA,Grayscale Avalanche Staking ETF,Q,Nasdaq,Y,N,N
GBAB,Guggenheim Taxable Municipal Bond & Investment Grade Debt Trust Common Shares of Beneficial Interest,N,NYSE,N,N,
GBCI,"Glacier Bancorp, Inc. Common Stock",N,NYSE,N,N,
GBDC,"Golub Capital BDC, Inc. - Closed End Fund",Q,Nasdaq,N,N,N
GBF,iShares Government/Credit Bond ETF,P,NYSE Arca,Y,N,
GBFH,GBank Financial Holdings Inc. - Common Stock,Q,Nasdaq,N,N,N
GBHI,Gabelli High Income ETF,P,NYSE Arca,Y,N,
GBIL,Goldman Sachs Access Treasury 0-1 Year ETF,P,NYSE Arca,Y,N,
GBLI,"Global Indemnity Group, LLC - Class A Common Shares",Q,Nasdaq,N,N,N
GBND,Goldman Sachs Core Bond ETF,P,NYSE Arca,Y,N,
GBR,"New Concept Energy, Inc Common Stock",A,NYSE American,N,N,
GBTC,Grayscale Bitcoin Trust (BTC),P,NYSE Arca,Y,N,
GBTG,"Global Business Travel Group, Inc. Class A Common Stock",N,NYSE,N,N,
GBUG,Sprott Active Gold & Silver Miners ETF,Q,Nasdaq,Y,N,N
GBX,"Greenbrier Companies, Inc. (The) Common Stock",N,NYSE,N,N,
GCAD,Gabelli Commercial Aerospace and Defense ETF,P,NYSE Arca,Y,N,
GCAL,Goldman Sachs Dynamic California Municipal Income ETF,P,NYSE Arca,Y,N,
GCBC,"Greene County Bancorp, Inc. - Common Stock",Q,Nasdaq,N,N,N
GCC,WisdomTree EnhancedContinuous Commodity Index Fund,P,NYSE Arca,Y,N,
GCDT,Green Circle Decarbonize Technology Limited Ordinary Shares,A,NYSE American,N,N,
GCGR,General Catalyst Global Resilience Merger Corp. - Class A Ordinary Shares,Q,Nasdaq,N,N,N
GCGRU,General Catalyst Global Resilience Merger Corp. - Units,Q,Nasdaq,N,N,N
GCGRW,General Catalyst Global Resilience Merger Corp. - Warrants,Q,Nasdaq,N,N,N
GCL,GCL Global Holdings Ltd - Ordinary Shares,Q,Nasdaq,N,N,D
GCLWW,GCL Global Holdings Ltd - Warrants,Q,Nasdaq,N,N,N
GCMG,GCM Grosvenor Inc. - Class A Common Stock,Q,Nasdaq,N,N,N
GCO,Genesco Inc. Common Stock,N,NYSE,N,N,
GCOR,Goldman Sachs Access U.S. Aggregate Bond ETF,P,NYSE Arca,Y,N,
GCOW,Pacer Global Cash Cows Dividend ETF,Z,Cboe BZX,Y,N,
GCSH,Guggenheim Ultra Short Income ETF,P,NYSE Arca,Y,N,
GCT,GigaCloud Technology Inc - Class A Ordinary Shares,Q,Nasdaq,N,N,N
GCTK,"GlucoTrack, Inc. - Common Stock",Q,Nasdaq,N,N,D
GCTS,"GCT Semiconductor Holding, Inc. Common Stock",N,NYSE,N,N,
GCTS.W,"GCT Semiconductor Holding, Inc. Warrants, each whole warrant exercisable for one share of Common Stock at an exercise price of $11.50",N,NYSE,N,N,
GCV,"Gabelli Convertible and Income Securities Fund, Inc. (The) Common Stock",N,NYSE,N,N,
GD,General Dynamics Corporation Common Stock,N,NYSE,N,N,
GDC,GD Culture Group Limited - Common Stock,Q,Nasdaq,N,N,D
GDDY,GoDaddy Inc. Class A Common Stock,N,NYSE,N,N,
GDE,WisdomTree Efficient Gold Plus Equity Strategy Fund,Z,Cboe BZX,Y,N,
GDEC,FT Vest U.S. Equity Moderate Buffer ETF - December,Z,Cboe BZX,Y,N,
GDEV,GDEV Inc. - Ordinary Shares,Q,Nasdaq,N,N,N
GDEVW,GDEV Inc. - Warrant,Q,Nasdaq,N,N,N
GDHG,Golden Heaven Group Holdings Ltd.  - Class A Ordinary Shares,Q,Nasdaq,N,N,N
GDIV,Harbor Dividend Growth Leaders ETF,N,NYSE,Y,N,
GDL,"GDL Fund, The Common Shares of Beneficial Interest",N,NYSE,N,N,
GDLC,Grayscale CoinDesk Crypto 5 ETF,P,NYSE Arca,Y,N,
GDMA,Gadsden Dynamic Multi-Asset ETF,Z,Cboe BZX,Y,N,
GDMN,WisdomTree Efficient Gold Plus Gold Miners Strategy Fund,Z,Cboe BZX,Y,N,
GDO,Western Asset Global Corporate Opportunity Fund Inc. Common Stock,N,NYSE,N,N,
GDOC,Goldman Sachs Future Health Care Equity ETF,P,NYSE Arca,Y,N,
GDOG,Grayscale Dogecoin Trust ETF,P,NYSE Arca,Y,N,
GDOT,"Green Dot Corporation Class A Common Stock, $0.001 par value",N,NYSE,N,N,
GDRX,"GoodRx Holdings, Inc. - Class A Common Stock",Q,Nasdaq,N,N,N
GDS,GDS Holdings Limited - American Depositary Shares,Q,Nasdaq,N,N,N
GDT,WisdomTree Efficient TIPS Plus Gold Fund,Z,Cboe BZX,Y,N,
GDTC,CytoMed Therapeutics Limited - Ordinary Shares,Q,Nasdaq,N,N,N
GDV,Gabelli Dividend & Income Trust Common Shares of Beneficial Interest,N,NYSE,N,N,
GDV$H,The Gabelli Dividend & Income Trust 5.375% Series H Cumulative Preferred Shares,N,NYSE,N,N,
GDV$K,The Gabelli Dividend & Income Trust 4.250% Series K Cumulative Preferred Shares,N,NYSE,N,N,
GDX,VanEck Gold Miners ETF,P,NYSE Arca,Y,N,
GDXD,MicroSectors Gold Miners -3X Inverse Leveraged ETNs,P,NYSE Arca,Y,N,
GDXJ,VanEck Junior Gold Miners ETF,P,NYSE Arca,Y,N,
GDXU,MicroSectors Gold Miners 3X Leveraged ETN,P,NYSE Arca,Y,N,
GDXW,Roundhill Gold Miners WeeklyPay ETF,Z,Cboe BZX,Y,N,
GDXY,YieldMax Gold Miners Option Income Strategy ETF,P,NYSE Arca,Y,N,
GDYN,"Grid Dynamics Holdings, Inc. - Class A Common Stock",Q,Nasdaq,N,N,N
GE,GE Aerospace Common Stock,N,NYSE,N,N,
GECC,Great Elm Capital Corp. - Closed End Fund,Q,Nasdaq,N,N,N
GECCG,Great Elm Capital Corp. - 7.75% Notes Due 2030,Q,Nasdaq,N,N,N
GECCH,Great Elm Capital Corp. - 8.125% Notes Due 2029,Q,Nasdaq,N,N,N
GECCI,Great Elm Capital Corp. - 8.50% NOTES DUE 2029,Q,Nasdaq,N,N,N
GEF,Greif Inc. Class A Common Stock,N,NYSE,N,N,
GEF.B,"Greif, Inc. Corporation Class B Common Stock",N,NYSE,N,N,
GEG,"Great Elm Group, Inc.  - Common Stock",Q,Nasdaq,N,N,N
GEGGL,"Great Elm Group, Inc.  - 7.25% Notes due 2027",Q,Nasdaq,N,N,N
GEHC,GE HealthCare Technologies Inc. - Common Stock,Q,Nasdaq,N,N,N
GEL,"Genesis Energy, L.P. Common Units",N,NYSE,N,N,
GELS,Gelteq Limited - Ordinary Shares,Q,Nasdaq,N,N,D
GEM,Goldman Sachs ActiveBeta Emerging Markets Equity ETF,P,NYSE Arca,Y,N,
GEMD,Goldman Sachs Access Emerging Markets USD Bond ETF,Z,Cboe BZX,Y,N,
GEME,Pacific North of South EM Equity Active ETF,Q,Nasdaq,Y,N,N
GEMG,Leverage Shares 2X Long GEMI Daily ETF,Q,Nasdaq,Y,N,N
GEMI,"Gemini Space Station, Inc. - Class A Common Stock",Q,Nasdaq,N,N,N
GEN,Gen Digital Inc. - Common Stock,Q,Nasdaq,N,N,N
GENB,"Generate Biomedicines, Inc. - Common Stock",Q,Nasdaq,N,N,N
GENC,"Gencor Industries, Inc. Common Stock",A,NYSE American,N,N,
GEND,Genter Capital Dividend Income ETF,P,NYSE Arca,Y,N,
GENI,Genius Sports Limited Ordinary Shares,N,NYSE,N,N,
GENK,"GEN Restaurant Group, Inc. - Class A Common Stock",Q,Nasdaq,N,N,N
GENM,Genter Capital Municipal Quality Intermediate ETF,P,NYSE Arca,Y,N,
GENT,Genter Capital Taxable Quality Intermediate ETF,P,NYSE Arca,Y,N,
GENVR,Gen Digital Inc. - Contingent Value Rights,Q,Nasdaq,N,N,N
GENW,Genter Capital International Dividend ETF,P,NYSE Arca,Y,N,
GENZ,VanEck Digital Native Economy ETF,Q,Nasdaq,Y,N,N
GEO,Geo Group Inc (The) REIT,N,NYSE,N,N,
GEOA,WisdomTree GeoAlpha Opportunities Fund,P,NYSE Arca,Y,N,
GEOS,Geospace Technologies Corporation - Common Stock,Q,Nasdaq,N,N,N
GEQ,Cambria Global EW 2 ETF,Q,Nasdaq,Y,N,N
GERN,Geron Corporation - Common Stock,Q,Nasdaq,N,N,N
GETY,"Getty Images Holdings, Inc. Class A Common Stock",N,NYSE,N,N,
GEV,GE Vernova Inc. Common Stock,N,NYSE,N,N,
GEVC,Corgi GEV 2x Daily ETF,Z,Cboe BZX,Y,N,
GEVG,Leverage Shares 2X Long GEV Daily ETF,Q,Nasdaq,Y,N,N
GEVO,"Gevo, Inc. - Common Stock",Q,Nasdaq,N,N,N
GEVX,Tradr 2X Long GEV Daily ETF,Z,Cboe BZX,Y,N,
GEW,Cambria Global EW ETF,Q,Nasdaq,Y,N,N
GF,"New Germany Fund, Inc. (The) Common Stock",N,NYSE,N,N,
GFAI,"Guardforce AI Co., Limited - Ordinary Shares",Q,Nasdaq,N,N,D
GFAIW,"Guardforce AI Co., Limited - Warrant",Q,Nasdaq,N,N,N
GFEB,FT Vest U.S. Equity Moderate Buffer ETF - February,Z,Cboe BZX,Y,N,
GFF,Griffon Corporation Common Stock,N,NYSE,N,N,
GFGF,Guru Favorite Stocks ETF,Q,Nasdaq,Y,N,N
GFI,Gold Fields Limited American Depositary Shares,N,NYSE,N,N,
GFL,"GFL Environmental Inc. Subordinate voting shares, no par value",N,NYSE,N,N,
GFLW,VictoryShares Free Cash Flow Growth ETF,Q,Nasdaq,Y,N,N
GFR,Greenfire Resources Ltd. Common Shares,N,NYSE,N,N,
GFS,GlobalFoundries Inc. - Ordinary Share,Q,Nasdaq,N,N,N
GFSG,Leverage Shares 2X Long GFS Daily ETF,Z,Cboe BZX,Y,N,
GFUZ,General Fusion Group Ltd. - Common Shares,Q,Nasdaq,N,N,N
GFUZW,General Fusion Group Ltd. - Warrant,Q,Nasdaq,N,N,N
GGAL,"Grupo Financiero Galicia S.A. - American Depositary Shares, Class B Shares underlying",Q,Nasdaq,N,N,N
GGB,Gerdau S.A. Common Stock,N,NYSE,N,N,
GGG,Graco Inc. Common Stock,N,NYSE,N,N,
GGLL,Direxion Daily GOOGL Bull 2X ETF,Q,Nasdaq,Y,N,N
GGLS,Direxion Daily GOOGL Bear 1X ETF,Q,Nasdaq,Y,N,N
GGM,GGM Macro Alignment ETF,P,NYSE Arca,Y,N,
GGME,Invesco Next Gen Media and Gaming ETF,P,NYSE Arca,Y,N,
GGN,"GAMCO Global Gold, Natural Resources & Income Trust",A,NYSE American,N,N,
GGN$B,"GAMCO Global Gold, Natural Reources & Income Trust 5.00% Series B Cumulative 25.00 Liquidation Preference",A,NYSE American,N,N,
GGOV,iShares Global Government Bond USD Hedged Active ETF,P,NYSE Arca,Y,N,
GGR,Gogoro Inc. - Ordinary Shares,Q,Nasdaq,N,N,N
GGROW,Gogoro Inc. - Warrant,Q,Nasdaq,N,N,N
GGRP,"The Glimpse Group, Inc. - Common Stock",Q,Nasdaq,N,N,D
GGRW,Gabelli Growth Innovators ETF,P,NYSE Arca,Y,N,
GGT,"Gabelli Multi-Media Trust, Inc. (The) Common Stock",N,NYSE,N,N,
GGT$E,Gabelli Multi-Media Trust Inc. (The) 5.125% Series E Cumulative Preferred Stock,N,NYSE,N,N,
GGT$G,Gabelli Multi-Media Trust Inc. (The) 5.125% Series G Cumulative Preferred Shares,N,NYSE,N,N,
GGTL,Gabelli Global Technology Leaders ETF,P,NYSE Arca,Y,N,
GGUS,Goldman Sachs MarketBeta Russell 1000 Growth Equity ETF,P,NYSE Arca,Y,N,
GGZ,Gabelli Global Small and Mid Cap Value Trust (The) Common Shares of Beneficial Interest,N,NYSE,N,N,
GH,"Guardant Health, Inc. - Common Stock",Q,Nasdaq,N,N,N
GHC,Graham Holdings Company Common Stock,N,NYSE,N,N,
GHG,"GreenTree Hospitality Group Ltd. American depositary shares, each representing one Class A ordinary share",N,NYSE,N,N,
GHI,Greystone Housing Impact Investors LP Beneficial Unit Certificates representing assignments of limited partnership interests,N,NYSE,N,N,
GHM,Graham Corporation Common Stock,N,NYSE,N,N,
GHRS,GH Research PLC - Ordinary Shares,Q,Nasdaq,N,N,N
GHTA,Goose Hollow Tactical Allocation ETF,Z,Cboe BZX,Y,N,
GHXIU,"Gores Holdings XI, Inc. - Units",Q,Nasdaq,N,N,N
GHY,"PGIM Global High Yield Fund, Inc.",N,NYSE,N,N,
GHYB,Goldman Sachs Access High Yield Corporate Bond ETF,P,NYSE Arca,Y,N,
GHYG,iShares US & Intl High Yield Corp Bond ETF,Z,Cboe BZX,Y,N,
GIAX,Nicholas Global Equity and Income ETF,P,NYSE Arca,Y,N,
GIB,CGI Inc. Common Stock,N,NYSE,N,N,
GIBO,GIBO Holdings Limited - Class A Ordinary Shares,Q,Nasdaq,N,N,N
GIBOW,GIBO Holdings Limited - Warrants,Q,Nasdaq,N,N,N
GIC,Global Industrial Company Common Stock,N,NYSE,N,N,
GIEQ,Goldman Sachs Data Enhanced International Equity ETF,Q,Nasdaq,Y,N,N
GIFT,"Giftify, Inc. - Common Stock",Q,Nasdaq,N,N,N
GIGB,Goldman Sachs Access Investment Grade Corporate Bond ETF,P,NYSE Arca,Y,N,
GIGL,Goldman Sachs Corporate Bond ETF,P,NYSE Arca,Y,N,
GIGM,GigaMedia Limited - Ordinary Shares,Q,Nasdaq,N,N,N
GII,State Street SPDR S&P Global Infrastructure ETF,P,NYSE Arca,Y,N,
GIII,"G-III Apparel Group, LTD. - Common Stock",Q,Nasdaq,N,N,N
GIL,"Gildan Activewear, Inc. Class A Sub. Vot. Common Stock",N,NYSE,N,N,
GILD,"Gilead Sciences, Inc. - Common Stock",Q,Nasdaq,N,N,N
GILT,Gilat Satellite Networks Ltd. - Ordinary Shares,Q,Nasdaq,N,N,N
GIND,Goldman Sachs India Equity ETF,Q,Nasdaq,Y,N,N
GINN,Goldman Sachs Innovate Equity ETF,P,NYSE Arca,Y,N,
GINX,SGI Enhanced Global Income ETF,Q,Nasdaq,Y,N,N
GIPR,Generation Income Properties Inc. - Common stock,Q,Nasdaq,N,N,D
GIPRW,Generation Income Properties Inc. - Warrant,Q,Nasdaq,N,N,D
GIS,"General Mills, Inc. Common Stock",N,NYSE,N,N,
GISC,Guggenheim Securitized Income ETF,P,NYSE Arca,Y,N,
GITS,"Global Interactive Technologies, Inc. Common Stock - Common Stock",Q,Nasdaq,N,N,N
GIW,GigCapital8 Corp. - Class A Ordinary Shares,Q,Nasdaq,N,N,N
GIWWR,GigCapital8 Corp. - Rights,Q,Nasdaq,N,N,N
GIWWU,GigCapital8 Corp. - Units,Q,Nasdaq,N,N,N
GIX,GigCapital9 Corp. - Class A Ordinary Share,Q,Nasdaq,N,N,N
GIXXR,GigCapital9 Corp. - Rights,Q,Nasdaq,N,N,N
GIXXU,GigCapital9 Corp. - Units,Q,Nasdaq,N,N,N
GJAN,FT Vest U.S. Equity Moderate Buffer ETF - January,Z,Cboe BZX,Y,N,
GJH,Synthetic Fixed-Income Securities Inc 6.375% (STRATS) Cl A-1,N,NYSE,N,N,
GJO,"Synthetic Fixed-Income Securities, Inc. on behalf of STRATS(SM) Trust for Wal-Mart Stores, Inc. Securities, Series 2004-5",N,NYSE,N,N,
GJP,"Synthetic Fixed-Income Securities, Inc. on behalf of STRATS (SM) Trust for Dominion Resources, Inc. Securities, Series 2005-6, Floating Rate Structured Repackaged Asset-Backed Trust Securities (STRATS) Certificates",N,NYSE,N,N,
GJR,"Synthetic Fixed-Income Securities, Inc. STRATS Trust for Procter&Gamble Securities, Series 2006-1",N,NYSE,N,N,
GJS,"Goldman Sachs Group Securities STRATS Trust for Goldman Sachs Group Securities, Series 2006-2",N,NYSE,N,N,
GJT,"Synthetic Fixed-Income Securities, Inc. Floating Rate Structured Repackaged Asset-Backed Trust Securities Certificates, Series 2006-3",N,NYSE,N,N,
GJUL,FT Vest U.S. Equity Moderate Buffer ETF - July,Z,Cboe BZX,Y,N,
GJUN,FT Vest U.S. Equity Moderate Buffer ETF - June,Z,Cboe BZX,Y,N,
GK,AdvisorShares Gerber Kawasaki ETF,P,NYSE Arca,Y,N,
GKAT,Scharf Global Opportunity ETF,Q,Nasdaq,Y,N,N
GKOS,Glaukos Corporation Common Stock,N,NYSE,N,N,
GL,Globe Life Inc. Common Stock,N,NYSE,N,N,
GL$D,Globe Life Inc. 4.25% Junior Subordinated Debentures due 2061,N,NYSE,N,N,
GLAD,Gladstone Capital Corporation - Closed End Fund,Q,Nasdaq,N,N,N
GLAM,"Corgi Beauty, Skincare & Aesthetics ETF",Z,Cboe BZX,Y,N,
GLAS,Glass House Brands Inc. Subordinate Voting Shares,N,NYSE,N,N,
GLBE,Global-E Online Ltd. - ordinary shares,Q,Nasdaq,N,N,N
GLBL,Pacer MSCI World Industry Advantage ETF,Z,Cboe BZX,Y,N,
GLBS,Globus Maritime Limited - Common Stock,Q,Nasdaq,N,N,N
GLCR,GlacierShares Nasdaq Iceland ETF,Q,Nasdaq,Y,N,N
GLD,SPDR Gold Shares,P,NYSE Arca,Y,N,
GLDB,IDX Alternative FIAT ETF,Q,Nasdaq,Y,N,N
GLDG,GoldMining Inc. Common Shares,A,NYSE American,N,N,
GLDI,"ETRACS Gold Shares Covered Call ETNs due February 2, 2033",Q,Nasdaq,Y,N,N
GLDM,SPDR Gold MiniShares Trust,P,NYSE Arca,Y,N,
GLDN,Nicholas Gold Income ETF,P,NYSE Arca,Y,N,
GLDW,Roundhill Gold WeeklyPay ETF,Z,Cboe BZX,Y,N,
GLE,Global Engine Group Holding Limited - Class A Ordinary Shares,Q,Nasdaq,N,N,D
GLED,GalaxyEdge Acquisition Corporation Ordinary Shares,N,NYSE,N,N,
GLED.R,GalaxyEdge Acquisition Corporation Rights to receive one-fourth (1/4) of one ordinary share,N,NYSE,N,N,
GLED.U,"GalaxyEdge Acquisition Corporation Units, each consisting of one Ordinary Share and one Right entitling the holder to receive 1/4th of one ordinary share",N,NYSE,N,N,
GLGG,Leverage Shares 2X Long GLXY Daily ETF,Q,Nasdaq,Y,N,N
GLIBA,Liberty Capital Corporation - Series A GCI Group Common Stock,Q,Nasdaq,N,N,N
GLIBK,Liberty Capital Corporation - Series C GCI Group Common Stock,Q,Nasdaq,N,N,N
GLIN,VanEck India Growth Leaders ETF,P,NYSE Arca,Y,N,
GLIX,Lazard Listed Infrastructure ETF,P,NYSE Arca,Y,N,
GLL,ProShares UltraShort Gold,P,NYSE Arca,Y,N,
GLMD,Galmed Pharmaceuticals Ltd. - Ordinary Shares,Q,Nasdaq,N,N,D
GLND,Greenland Energy Company - Common Stock,Q,Nasdaq,N,N,N
GLNDW,Greenland Energy Company - Warrant,Q,Nasdaq,N,N,N
GLNG,Golar LNG Limited - Common Shares,Q,Nasdaq,N,N,N
GLNK,Grayscale Chainlink Trust ETF,P,NYSE Arca,Y,N,
GLO,Clough Global Opportunities Fund Common Stock,A,NYSE American,N,N,
GLOB,Globant S.A. Common Shares,N,NYSE,N,N,
GLOF,iShares Global Equity Factor ETF,P,NYSE Arca,Y,N,
GLOO,"Gloo Holdings, Inc. - Common Stock",Q,Nasdaq,N,N,N
GLOP$A,GasLog Partners LP 8.625% Series A Cumulative Redeemable Perpetual Fixed to Floating Rate Preference Units,N,NYSE,N,N,
GLOP$B,GasLog Partners LP 8.200% Series B Cumulative Redeemable Perpetual Fixed to Floating Rate Preference Units,N,NYSE,N,N,
GLOP$C,GasLog Partners LP 8.500% Series C Cumulative Redeemable Perpetual Fixed to Floating Rate Preference Units,N,NYSE,N,N,
GLOW,VictoryShares WestEnd Global Equity ETF,Q,Nasdaq,Y,N,N
GLP,Global Partners LP Common Units representing Limited Partner Interests,N,NYSE,N,N,
GLP$B,Global Partners LP 9.50% Series B Fixed Rate Cumulative Redeemable Perpetual Preferred Units representing limited partner interests,N,NYSE,N,N,
GLPI,"Gaming and Leisure Properties, Inc. - Common Stock",Q,Nasdaq,N,N,N
GLQ,Clough Global Equity Fund Clough Global Equity Fund Common Shares of Beneficial Interest,A,NYSE American,N,N,
GLRE,"Greenlight Reinsurance, Ltd. - Class A Ordinary Shares",Q,Nasdaq,N,N,N
GLRY,Inspire Growth ETF,P,NYSE Arca,Y,N,
GLSI,"Greenwich LifeSciences, Inc. - Common stock",Q,Nasdaq,N,N,N
GLTR,abrdn Physical Precious Metals Basket Shares ETF,P,NYSE Arca,Y,N,
GLU,Gabelli Global Utility Common Shares of Beneficial Ownership,A,NYSE American,N,N,
GLU$A,The Gabelli Global Utility and Income Trust Series A Cumulative Puttable and Callable Preferred Shares,A,NYSE American,N,N,
GLU$B,The Gabelli Global Utility and Income Trust Series B Cumulative Puttable and Callable Preferred Shares,A,NYSE American,N,N,
GLUE,"Monte Rosa Therapeutics, Inc. - Common Stock",Q,Nasdaq,N,N,N
GLV,Clough Global Dividend and Income Fund Common Shares of beneficial interest,A,NYSE American,N,N,
GLW,Corning Incorporated Common Stock,N,NYSE,N,N,
GLWG,Leverage Shares 2X Long GLW Daily ETF,Q,Nasdaq,Y,N,N
GLX,Corgi GLXY 2x Daily ETF,Z,Cboe BZX,Y,N,
GLXG,Galaxy Payroll Group Limited - Class A Ordinary Shares,Q,Nasdaq,N,N,N
GLXU,T-REX 2X Long GLXY Daily Target ETF,Z,Cboe BZX,Y,N,
GLXY,Galaxy Digital Inc. - Class A common stock,Q,Nasdaq,N,N,N
GM,General Motors Company Common Stock,N,NYSE,N,N,
GMAB,Genmab A/S - American Depositary Shares,Q,Nasdaq,N,N,N
GMAR,FT Vest U.S. Equity Moderate Buffer ETF - March,Z,Cboe BZX,Y,N,
GMAY,FT Vest U.S. Equity Moderate Buffer ETF - May,Z,Cboe BZX,Y,N,
GME,GameStop Corporation Common Stock,N,NYSE,N,N,
GME.W,GameStop Corporation Warrants to Purchase Common Stock,N,NYSE,N,N,
GMEC,Corgi GME 2x Daily ETF,Z,Cboe BZX,Y,N,
GMED,"Globus Medical, Inc. Class A Common Stock",N,NYSE,N,N,
GMEU,T-REX 2X Long GME Daily Target ETF,Z,Cboe BZX,Y,N,
GMEX,GMEX ROBOTICS CORPORATION - Class A Ordinary Shares,Q,Nasdaq,N,N,N
GMEY,YieldMax GME Option Income Strategy ETF,P,NYSE Arca,Y,N,
GMF,State Street SPDR S&P Emerging Asia Pacific ETF,P,NYSE Arca,Y,N,
GMHS,Gamehaus Holdings Inc. - Class A Ordinary Shares,Q,Nasdaq,N,N,N
GMM,Global Mofy AI Limited  - Class A Ordinary Shares,Q,Nasdaq,N,N,N
GMMA,GammaRoad Market Navigation ETF,P,NYSE Arca,Y,N,
GMMF,iShares Government Money Market ETF,N,NYSE,Y,N,
GMNY,Goldman Sachs Dynamic New York Municipal Income ETF,P,NYSE Arca,Y,N,
GMOC,GMO Ultra-Short Income ETF,P,NYSE Arca,Y,N,
GMOD,GMO Dynamic Allocation ETF,P,NYSE Arca,Y,N,
GMOI,GMO International Value ETF,P,NYSE Arca,Y,N,
GMOM,Cambria Global Momentum ETF,Z,Cboe BZX,Y,N,
GMOV,GMO US Value ETF,P,NYSE Arca,Y,N,
GMRS,GMR Solutions Inc. Class A Common Stock,N,NYSE,N,N,
GMTL,Guardian Metal Resources PLC ADS,A,NYSE American,N,N,
GMUB,Goldman Sachs Municipal Income ETF,P,NYSE Arca,Y,N,
GNE,Genie Energy Ltd. Class B Common Stock Stock,N,NYSE,N,N,
GNK,Genco Shipping & Trading Limited Ordinary Shares New (Marshall Islands),N,NYSE,N,N,
GNL,"Global Net Lease, Inc. Common Stock",N,NYSE,N,N,
GNL$A,"Global Net Lease, Inc. 7.25% Series A Cumulative Redeemable Preferred Stock, $0.01 par value per share",N,NYSE,N,N,
GNL$B,"Global Net Lease, Inc. 6.875% Series B Cumulative Redeemable Perpetual Preferred Stock",N,NYSE,N,N,
GNL$D,"Global Net Lease, Inc. 7.50% Series D Cumulative Redeemable Perpetual Preferred Stock",N,NYSE,N,N,
GNL$E,"Global Net Lease, Inc. 7.375% Series E Cumulative Redeemable Perpetual Preferred Stock",N,NYSE,N,N,
GNLN,"Greenlane Holdings, Inc. - Class A Common Stock",Q,Nasdaq,N,N,N
GNLX,Genelux Corporation - Common Stock,Q,Nasdaq,N,N,N
GNMA,iShares GNMA Bond ETF,Q,Nasdaq,Y,N,N
GNMX,Corgi Genomics & Precision Medicine ETF,Z,Cboe BZX,Y,N,
GNOM,Global X Genomics & Biotechnology ETF,Q,Nasdaq,Y,N,N
GNOV,FT Vest U.S. Equity Moderate Buffer ETF - November,Z,Cboe BZX,Y,N,
GNPX,"Genprex, Inc. - Common Stock",Q,Nasdaq,N,N,D
GNR,State Street SPDR S&P Global Natural Resources ETF,P,NYSE Arca,Y,N,
GNRC,Generac Holdlings Inc. Common Stock,N,NYSE,N,N,
GNS,Genius Group Limited Ordinary Shares,A,NYSE American,N,N,
GNSS,Genasys Inc. - Common Stock,Q,Nasdaq,N,N,N
GNT,"GAMCO Natural Resources, Gold & Income Trust",N,NYSE,N,N,
GNT$A,"GAMCO Natural Resources, Gold & Income Tust  5.20% Series A Cumulative Preferred Shares (Liquidation Preference $25.00 per share)",N,NYSE,N,N,
GNTA,Genenta Science S.p.A. - American Depositary Shares,Q,Nasdaq,N,N,N
GNTX,Gentex Corporation - Common Stock,Q,Nasdaq,N,N,N
GNW,Genworth Financial Inc Common Stock,N,NYSE,N,N,
GO,Grocery Outlet Holding Corp. - Common Stock,Q,Nasdaq,N,N,N
GOAI,Eva Live Inc. - Common Stock,Q,Nasdaq,N,N,N
GOAU,US Global GO Gold and Precious Metal Miners ETF,P,NYSE Arca,Y,N,
GOCT,FT Vest U.S. Equity Moderate Buffer ETF - October,Z,Cboe BZX,Y,N,
GOEX,Global X Gold Explorers ETF,P,NYSE Arca,Y,N,
GOF,Guggenheim Strategic Opportunities Fund Common Shares of Beneficial Interest,N,NYSE,N,N,
GOGL,Corgi GOOGL 2x Daily ETF,Z,Cboe BZX,Y,N,
GOGO,Gogo Inc. - Common Stock,Q,Nasdaq,N,N,N
GOLD,"Gold.com, Inc. Common Stock",N,NYSE,N,N,
GOLF,Acushnet Holdings Corp. Common Stock,N,NYSE,N,N,
GOLI,Defiance Gold Enhanced Options Income ETF,Q,Nasdaq,Y,N,N
GOLS,Gabelli Opportunities in Live and Sports ETF,P,NYSE Arca,Y,N,
GOLY,Strategy Shares Gold Enhanced Yield ETF,Z,Cboe BZX,Y,N,
GOOD,Gladstone Commercial Corporation - Real Estate Investment Trust,Q,Nasdaq,N,N,N
GOODN,Gladstone Commercial Corporation - 6.625% Series E Cumulative Redeemable Preferred Stock,Q,Nasdaq,N,N,N
GOODO,"Gladstone Commercial Corporation - 6.00% Series G Cumulative Redeemable Preferred Stock, par value $0.001 per share",Q,Nasdaq,N,N,N
GOOG,Alphabet Inc. - Class C Capital Stock,Q,Nasdaq,N,N,N
GOOGL,Alphabet Inc. - Class A Common Stock,Q,Nasdaq,N,N,N
GOOGM,Alphabet Inc. - Depositary Shares representing a 1/20th Interest in a Share of Series A Mandatory Convertible Preferred Stock,Q,Nasdaq,N,N,N
GOOGN,Alphabet Inc. - Depositary Shares representing a 1/20th Interest in a Share of Series B Mandatory Convertible Preferred Stock,Q,Nasdaq,N,N,N
GOOL,Leverage Shares 2X Long GOOGL Daily ETF,Z,Cboe BZX,Y,N,
GOOP,Kurv Yield Premium Strategy Google (GOOGL) ETF,Z,Cboe BZX,Y,N,
GOOS,Canada Goose Holdings Inc. Subordinate Voting Shares,N,NYSE,N,N,
GOOW,Roundhill GOOGL WeeklyPay ETF,Z,Cboe BZX,Y,N,
GOOX,T-Rex 2X Long Alphabet Daily Target ETF,Z,Cboe BZX,Y,N,
GOOY,YieldMax GOOGL Option Income Strategy ETF,P,NYSE Arca,Y,N,
GOP,Unusual Whales Subversive Republican Trading ETF,Z,Cboe BZX,Y,N,
GORO,Gold Resource Corporation Common Stock,A,NYSE American,N,N,
GOSS,"Gossamer Bio, Inc. - Common Stock",Q,Nasdaq,N,N,D
GOTU,Gaotu Techedu Inc. American Depositary Shares,N,NYSE,N,N,
GOU,GraniteShares 2x Long GOOGL Daily ETF,Q,Nasdaq,Y,N,N
GOVI,Invesco Equal Weight 0-30 Year Treasury ETF,Q,Nasdaq,Y,N,N
GOVM,iShares 1-10 Year Treasury Bond ETF,Z,Cboe BZX,Y,N,
GOVT,iShares U.S. Treasury Bond ETF,Z,Cboe BZX,Y,N,
GOVX,"GeoVax Labs, Inc. - Common Stock",Q,Nasdaq,N,N,N
GOVZ,iShares 25  Year Treasury STRIPS Bond ETF,Z,Cboe BZX,Y,N,
GP,GreenPower Motor Company Inc. - Common Shares,Q,Nasdaq,N,N,N
GPAC,General Purpose Acquisition Corp. - Class A Ordinary Shares,Q,Nasdaq,N,N,N
GPACU,General Purpose Acquisition Corp. - Units,Q,Nasdaq,N,N,N
GPACW,General Purpose Acquisition Corp. - Warrant,Q,Nasdaq,N,N,N
GPAT,GP-Act III Acquisition Corp. - Class A Ordinary Share,Q,Nasdaq,N,N,N
GPATU,GP-Act III Acquisition Corp. - Units,Q,Nasdaq,N,N,N
GPATW,GP-Act III Acquisition Corp. - Warrants,Q,Nasdaq,N,N,N
GPC,Genuine Parts Company Common Stock,N,NYSE,N,N,
GPCR,Structure Therapeutics Inc. - American Depositary Shares,Q,Nasdaq,N,N,N
GPGI,"GPGI, Inc. Class A Common Stock",N,NYSE,N,N,
GPI,"Group 1 Automotive, Inc. Common Stock",N,NYSE,N,N,
GPIQ,Goldman Sachs Nasdaq-100 Premium Income ETF,Q,Nasdaq,Y,N,N
GPIX,Goldman Sachs S&P 500 Premium Income ETF,Q,Nasdaq,Y,N,N
GPJA,"Georgia Power Company Series 2017A 5.00% Junior Subordinated Notes due October 1, 2077",N,NYSE,N,N,
GPK,Graphic Packaging Holding Company,N,NYSE,N,N,
GPMT,Granite Point Mortgage Trust Inc. Common Stock,N,NYSE,N,N,
GPMT$A,Granite Point Mortgage Trust Inc. 7.00% Series A Fixed-to-Floating Rate Cumulative Redeemable Preferred Stock,N,NYSE,N,N,
GPN,Global Payments Inc. Common Stock,N,NYSE,N,N,
GPOR,Gulfport Energy Corporation Common Shares,N,NYSE,N,N,
GPRE,"Green Plains, Inc. - Common Stock",Q,Nasdaq,N,N,N
GPRF,Goldman Sachs Access U.S. Preferred Stock and Hybrid Securities ETF,Q,Nasdaq,Y,N,N
GPRK,Geopark Ltd Common Shares,N,NYSE,N,N,
GPRO,"GoPro, Inc. - Class A Common Stock",Q,Nasdaq,N,N,N
GPT,Intelligent Alpha Atlas ETF,Q,Nasdaq,Y,N,N
GPTY,YieldMax AI & Tech Portfolio Option Income ETF,P,NYSE Arca,Y,N,
GPUS,"Hyperscale Data, Inc. Common Stock",A,NYSE American,N,N,
GPUS$D,"Hyperscale Data, Inc. 13.00% Series D Cumulative Redeemable Perpetual Preferred Stock",A,NYSE American,N,N,
GPZ,VanEck Alternative Asset Manager ETF,P,NYSE Arca,Y,N,
GQGU,GQG US Equity ETF,P,NYSE Arca,Y,N,
GQI,Natixis Gateway Quality Income ETF,P,NYSE Arca,Y,N,
GQQQ,Astoria US Quality Growth Kings ETF,Q,Nasdaq,Y,N,N
GQRE,FlexShares Global Quality Real Estate Index Fund,P,NYSE Arca,Y,N,
GRAB,Grab Holdings Limited - Class A Ordinary Shares,Q,Nasdaq,N,N,N
GRABW,Grab Holdings Limited - Warrant,Q,Nasdaq,N,N,N
GRAF,Graf Global Corp. Class A ordinary shares,A,NYSE American,N,N,
GRAF.U,"Graf Global Corp. Units, each consisting of one Class A ordinary share and one-half of one redeemable warrant",A,NYSE American,N,N,
GRAF.W,"Graf Global Corp. Warrants, each whole warrant exercisable for one Class A ordinary share at an exercise price of $11.50 per share",A,NYSE American,N,N,
GRAG,Leverage Shares 2X Long GRAB Daily ETF,Q,Nasdaq,Y,N,N
GRAL,"GRAIL, Inc. - Common Stock",Q,Nasdaq,N,N,N
GRAN,Grande Group Limited - Class A Ordinary Shares,Q,Nasdaq,N,N,N
GRBK,"Green Brick Partners, Inc. Common Stock",N,NYSE,N,N,
GRBK$A,"Green Brick Partners, Inc. Depositary Shares (each representing a 1/1000th fractional interest in a share of 5.75% Series A Cumulative Perpetual Preferred Stock)",N,NYSE,N,N,
GRC,Gorman-Rupp Company (The) Common Stock,N,NYSE,N,N,
GRCE,"Grace Therapeutics, Inc. - Common Stock",Q,Nasdaq,N,N,N
GRDN,"Guardian Pharmacy Services, Inc. Class A Common Stock",N,NYSE,N,N,
GRDX,GridAI Technologies Corp.  - Common Stock,Q,Nasdaq,N,N,N
GREE,Greenidge Generation Holdings Inc. - Class A Common Stock,Q,Nasdaq,N,N,D
GREEL,Greenidge Generation Holdings Inc. - 8.50% Senior Notes due 2026,Q,Nasdaq,N,N,D
GREK,Global X MSCI Greece ETF,P,NYSE Arca,Y,N,
GRF,"Eagle Capital Growth Fund, Inc. Common Stock",A,NYSE American,N,N,
GRFS,"Grifols, S.A. - American Depositary Shares",Q,Nasdaq,N,N,N
GRI,"GRI Bio, Inc. - Common Stock",Q,Nasdaq,N,N,N
GRID,First Trust NASDAQ Clean Edge Smart Grid Infrastructure Index Fund,Q,Nasdaq,Y,N,N
GRIN,VictoryShares International Free Cash Flow Growth ETF,Q,Nasdaq,Y,N,N
GRML,Greenland Mines Ltd - Common Stock,Q,Nasdaq,N,N,D
GRMLW,Greenland Mines Ltd - Warrants,Q,Nasdaq,N,N,N
GRMN,Garmin Ltd. Common Stock (Switzerland),N,NYSE,N,N,
GRN,iPath Series B Carbon Exchange-Traded Notes,P,NYSE Arca,N,N,
GRNB,VanEck Green Bond ETF,P,NYSE Arca,Y,N,
GRND,Grindr Inc. Common Stock,N,NYSE,N,N,
GRNI,Fundstrat Granny Shots US Large Cap & Income ETF,P,NYSE Arca,Y,N,
GRNJ,Fundstrat Granny Shots US Small- & Mid-Cap ETF,P,NYSE Arca,Y,N,
GRNQ,Greenpro Capital Corp. - Common Stock,Q,Nasdaq,N,N,N
GRNT,"Granite Ridge Resources, Inc. Common Stock",N,NYSE,N,N,
GRNY,Fundstrat Granny Shots US Large Cap ETF,P,NYSE Arca,Y,N,
GRO,Brazil Potash Corp. Common Shares,A,NYSE American,N,N,
GROV,"Grove Collaborative Holdings, Inc. Class A Common Stock",N,NYSE,N,N,
GROW,"U.S. Global Investors, Inc. - Class A Common Stock",Q,Nasdaq,N,N,N
GROY,Gold Royalty Corp. Common Shares,A,NYSE American,N,N,
GROY.W,Gold Royalty Corp. Warrants,A,NYSE American,N,N,
GROZ,Zacks Focus Growth ETF,Z,Cboe BZX,Y,N,
GRPM,Invesco S&P MidCap 400 GARP ETF,P,NYSE Arca,Y,N,
GRPN,"Groupon, Inc. - Common Stock",Q,Nasdaq,N,N,N
GRPZ,Invesco S&P SmallCap 600 GARP ETF,P,NYSE Arca,Y,N,
GRRR,Gorilla Technology Group Inc. - Ordinary shares,Q,Nasdaq,N,N,N
GRRRW,Gorilla Technology Group Inc. - Warrant,Q,Nasdaq,N,N,N
GRVY,"GRAVITY Co., Ltd. - American depositary shares, each representing one common share.",Q,Nasdaq,N,N,N
GRW,TCW Durable Growth ETF,Q,Nasdaq,Y,N,N
GRWG,GrowGeneration Corp. - Common Stock,Q,Nasdaq,N,N,N
GRX,The Gabelli Healthcare & Wellness Trust Common Shares of Beneficial Interest,N,NYSE,N,N,
GS,"Goldman Sachs Group, Inc. (The) Common Stock",N,NYSE,N,N,
GS$A,"Goldman Sachs Group, Inc. (The) Depositary Shares each representing 1/1000th Interest in a Share of Floating Rate Non-Cumulative Preferred Stock Series A",N,NYSE,N,N,
GS$C,"Goldman Sachs Group, Inc. (The) Depositary Share repstg 1/1000th Preferred Series C",N,NYSE,N,N,
GS$D,"Goldman Sachs Group, Inc. (The) Dep Shs repstg 1/1000 Pfd Ser D Fltg",N,NYSE,N,N,
GSAT,"Globalstar, Inc. - Common Stock",Q,Nasdaq,N,N,N
GSBC,"Great Southern Bancorp, Inc. - Common Stock",Q,Nasdaq,N,N,N
GSBD,"Goldman Sachs BDC, Inc. Common Stock",N,NYSE,N,N,
GSC,Goldman Sachs Small Cap Equity ETF,P,NYSE Arca,Y,N,
GSEE,Goldman Sachs MarketBeta Emerging Markets Equity ETF,Z,Cboe BZX,Y,N,
GSEP,FT Vest U.S. Equity Moderate Buffer ETF - September,Z,Cboe BZX,Y,N,
GSEU,Goldman Sachs ActiveBeta Europe Equity ETF,P,NYSE Arca,Y,N,
GSEW,Goldman Sachs Equal Weight U.S. Large Cap Equity ETF,Z,Cboe BZX,Y,N,
GSG,iShares GSCI Commodity-Indexed Trust Fund,P,NYSE Arca,Y,N,
GSGO,Goldman Sachs Growth Opportunities ETF,Q,Nasdaq,Y,N,N
GSHD,"Goosehead Insurance, Inc. - Class A Common Stock",Q,Nasdaq,N,N,N
GSHR,Gesher Acquisition Corp. II - Class A Ordinary Shares,Q,Nasdaq,N,N,N
GSHRU,Gesher Acquisition Corp. II - Units,Q,Nasdaq,N,N,N
GSHRW,Gesher Acquisition Corp. II - Warrants,Q,Nasdaq,N,N,N
GSIB,Themes Global Systemically Important Banks ETF,Q,Nasdaq,Y,N,N
GSID,Goldman Sachs MarketBeta International Equity ETF,Z,Cboe BZX,Y,N,
GSIE,Goldman Sachs ActiveBeta International Equity ETF,P,NYSE Arca,Y,N,
GSIT,"GSI Technology, Inc. - Common Stock",Q,Nasdaq,N,N,N
GSIW,Garden Stage Limited - Class A Ordinary Shares,Q,Nasdaq,N,N,N
GSJY,Goldman Sachs ActiveBeta Japan Equity ETF,P,NYSE Arca,Y,N,
GSK,GSK plc American Depositary Shares (Each representing two Ordinary Shares),N,NYSE,N,N,
GSKH,GSK plc ADRhedged,P,NYSE Arca,Y,N,
GSL,Global Ship Lease Inc New Class A Common Shares,N,NYSE,N,N,
GSL$B,"Global Ship Lease, Inc. Depository Shares Representing 1/100th Perpetual Preferred Series B% (Marshall Island)",N,NYSE,N,N,
GSLC,Goldman Sachs ActiveBeta U.S. Large Cap Equity ETF,P,NYSE Arca,Y,N,
GSM,Ferroglobe PLC - Ordinary Shares,Q,Nasdaq,N,N,N
GSOL,Grayscale Solana Staking ETF,P,NYSE Arca,Y,N,
GSPY,Gotham Enhanced 500 ETF,P,NYSE Arca,Y,N,
GSRF,GSR IV Acquisition Corp. - Class A ordinary share,Q,Nasdaq,N,N,N
GSRFR,GSR IV Acquisition Corp. - Rights,Q,Nasdaq,N,N,N
GSRFU,GSR IV Acquisition Corp. - Units,Q,Nasdaq,N,N,N
GSRV,GSR V Acquisition Corp. - Class A ordinary shares,Q,Nasdaq,N,N,N
GSRVR,GSR V Acquisition Corp. - Rights,Q,Nasdaq,N,N,N
GSRVU,GSR V Acquisition Corp. - Units,Q,Nasdaq,N,N,N
GSSC,GS ActiveBeta U.S. Small Cap Equity ETF,P,NYSE Arca,Y,N,
GSST,Goldman Sachs Ultra Short Bond ETF,Z,Cboe BZX,Y,N,
GSUI,Grayscale Sui Staking ETF,P,NYSE Arca,Y,N,
GSUN,Golden Sun Technology Group Limited - Class A Ordinary Shares,Q,Nasdaq,N,N,D
GSUS,Goldman Sachs MarketBeta U.S. Equity ETF,Z,Cboe BZX,Y,N,
GSWO,Goldman Sachs ActiveBeta World Equity ETF,Z,Cboe BZX,Y,N,
GSY,Invesco Ultra Short Duration ETF,P,NYSE Arca,Y,N,
GT,The Goodyear Tire & Rubber Company - Common Stock,Q,Nasdaq,N,N,N
GTBP,"GT Biopharma, Inc. - Common Stock",Q,Nasdaq,N,N,D
GTE,Gran Tierra Energy Inc. Common Stock,A,NYSE American,N,N,
GTEC,Greenland Technologies Holding Corporation - Class A Ordinary Shares,Q,Nasdaq,N,N,D
GTEK,Goldman Sachs Future Tech Leaders Equity ETF,P,NYSE Arca,Y,N,
GTEN,"Gores Holdings X, Inc. - Class A ordinary shares",Q,Nasdaq,N,N,N
GTENU,"Gores Holdings X, Inc. - Units",Q,Nasdaq,N,N,N
GTENW,"Gores Holdings X, Inc. - Warrants",Q,Nasdaq,N,N,N
GTERA,Globa Terra Acquisition Corporation - Class A Ordinary Shares,Q,Nasdaq,N,N,N
GTERR,Globa Terra Acquisition Corporation - Rights,Q,Nasdaq,N,N,N
GTERU,Globa Terra Acquisition Corporation - Units,Q,Nasdaq,N,N,N
GTERW,Globa Terra Acquisition Corporation - Warrants,Q,Nasdaq,N,N,N
GTES,Gates Industrial Corporation plc Ordinary Shares,N,NYSE,N,N,
GTIM,Good Times Restaurants Inc. - Common Stock,Q,Nasdaq,N,N,N
GTIP,Goldman Sachs Access Inflation Protected USD Bond ETF,Z,Cboe BZX,Y,N,
GTLB,GitLab Inc. - Class A Common Stock,Q,Nasdaq,N,N,N
GTLS,"Chart Industries, Inc. Common Stock",N,NYSE,N,N,
GTM,ZoomInfo Technologies Inc. - Common Stock,Q,Nasdaq,N,N,N
GTN,"Gray Media, Inc. Common Stock",N,NYSE,N,N,
GTN.A,"Gray Media, Inc. Class A Common Stock",N,NYSE,N,N,
GTND,Goaltender ETF,P,NYSE Arca,Y,N,
GTO,Invesco Total Return Bond ETF,P,NYSE Arca,Y,N,
GTOC,Invesco Core Fixed Income ETF,Z,Cboe BZX,Y,N,
GTOH,Invesco Short Duration High Yield ETF,Z,Cboe BZX,Y,N,
GTOP,Goldman Sachs Technology Opportunities ETF,Q,Nasdaq,Y,N,N
GTOQ,Invesco High Yield Systematic Bond ETF,Q,Nasdaq,Y,N,N
GTOS,Invesco Short Duration Total Return Bond ETF,Z,Cboe BZX,Y,N,
GTPE,Goldman Sachs MSCI World Private Equity Return Tracker ETF,Q,Nasdaq,Y,N,N
GTR,WisdomTree Target Range Fund,Q,Nasdaq,Y,N,N
GTX,Garrett Motion Inc. - Common Stock,Q,Nasdaq,N,N,N
GTY,Getty Realty Corporation Common Stock,N,NYSE,N,N,
GUAC,Berto Acquisition Corp. II - Ordinary Shares,Q,Nasdaq,N,N,N
GUACU,Berto Acquisition Corp. II - Units,Q,Nasdaq,N,N,N
GUACW,Berto Acquisition Corp. II - Warrants,Q,Nasdaq,N,N,N
GUG,Guggenheim Active Allocation Fund Common Shares of Beneficial Interest,N,NYSE,N,N,
GUMI,Goldman Sachs Ultra Short Municipal Income ETF,P,NYSE Arca,Y,N,
GUNR,FlexShares Global Upstream Natural Resources Index Fund ETF,P,NYSE Arca,Y,N,
GURE,"Gulf Resources, Inc. - Common Stock",Q,Nasdaq,N,N,E
GURU,Global X Guru Index ETF,P,NYSE Arca,Y,N,
GUSA,Goldman Sachs MarketBeta U.S. 1000 Equity ETF,P,NYSE Arca,Y,N,
GUSE,Goldman Sachs Enhanced U.S. Equity ETF,Q,Nasdaq,Y,N,N
GUSH,Direxion Daily S&P Oil & Gas Exp. & Prod. Bull 2X ETF,P,NYSE Arca,Y,N,
GUT,Gabelli Utility Trust (The) Common Stock,N,NYSE,N,N,
GUT$C,Gabelli Utility Trust (The) 5.375% Series C Cumulative Preferred Shares,N,NYSE,N,N,
GUTS,"Fractyl Health, Inc. - Common Stock",Q,Nasdaq,N,N,D
GV,Visionary Holdings Inc. - Common Shares,Q,Nasdaq,N,N,H
GVA,Granite Construction Incorporated Common Stock,N,NYSE,N,N,
GVAL,Cambria Global Value ETF,Z,Cboe BZX,Y,N,
GVH,Globavend Holdings Limited - Ord Shares,Q,Nasdaq,N,N,N
GVI,iShares Intermediate Government/Credit Bond ETF,Z,Cboe BZX,Y,N,
GVIP,Goldman Sachs Hedge Industry VIP ETF,P,NYSE Arca,Y,N,
GVLE,Goldman Sachs Value Opportunities ETF,Q,Nasdaq,Y,N,N
GVLU,Gotham 1000 Value ETF,P,NYSE Arca,Y,N,
GVUS,Goldman Sachs MarketBeta Russell 1000 Value Equity ETF,P,NYSE Arca,Y,N,
GWAV,"Greenwave Technology Solutions, Inc. - Common Stock",Q,Nasdaq,N,N,E
GWH,"ESS Tech, Inc. Common Stock",N,NYSE,N,N,
GWRE,"Guidewire Software, Inc. Common Stock",N,NYSE,N,N,
GWRS,"Global Water Resources, Inc. - common stock",Q,Nasdaq,N,N,N
GWW,"W.W. Grainger, Inc. Common Stock",N,NYSE,N,N,
GWX,State Street SPDR S&P International Small Cap ETF,P,NYSE Arca,Y,N,
GXAI,Gaxos.ai Inc. - Common Stock,Q,Nasdaq,N,N,N
GXC,State Street SPDR S&P China ETF,P,NYSE Arca,Y,N,
GXDW,Global X Dorsey Wright Thematic ETF,Q,Nasdaq,Y,N,N
GXIG,Global X Investment Grade Corporate Bond ETF,P,NYSE Arca,Y,N,
GXLC,Global X U.S. 500 ETF,P,NYSE Arca,Y,N,
GXO,"GXO Logistics, Inc. Common Stock ",N,NYSE,N,N,
GXPC,Global X PureCap MSCI Communication Services ETF,P,NYSE Arca,Y,N,
GXPD,Global X PureCap MSCI Consumer Discretionary ETF,P,NYSE Arca,Y,N,
GXPE,Global X PureCap MSCI Energy ETF,P,NYSE Arca,Y,N,
GXPS,Global X PureCap MSCI Consumer Staples ETF,P,NYSE Arca,Y,N,
GXPT,Global X PureCap MSCI Information Technology ETF,P,NYSE Arca,Y,N,
GXRP,Grayscale XRP Trust ETF,P,NYSE Arca,Y,N,
GXUS,Goldman Sachs MarketBeta Total International Equity ETF,P,NYSE Arca,Y,N,
GYLD,Arrow Dow Jones Global Yield ETF ETF,N,NYSE,Y,N,
GYRE,"Gyre Therapeutics, Inc. - Common Stock",Q,Nasdaq,N,N,N
GYRO,"Gyrodyne , LLC - Common Stock",Q,Nasdaq,N,N,N
H,Hyatt Hotels Corporation Class A Common Stock,N,NYSE,N,N,
HACK,Amplify Cybersecurity ETF,P,NYSE Arca,Y,N,
HACQ,HCM IV Acquisition Corp. - Class A Ordinary Share,Q,Nasdaq,N,N,N
HACQU,HCM IV Acquisition Corp. - Unit,Q,Nasdaq,N,N,N
HACQW,HCM IV Acquisition Corp. - Warrants,Q,Nasdaq,N,N,N
HAE,Haemonetics Corporation Common Stock,N,NYSE,N,N,
HAFC,Hanmi Financial Corporation - Common Stock,Q,Nasdaq,N,N,N
HAFN,Hafnia Limited Common Shares,N,NYSE,N,N,
HAIL,State Street SPDR S&P Kensho Smart Mobility ETF,P,NYSE Arca,Y,N,
HAIN,"The Hain Celestial Group, Inc. - Common Stock",Q,Nasdaq,N,N,D
HAKY,Amplify HACK Cybersecurity Covered Call ETF,P,NYSE Arca,Y,N,
HAL,Halliburton Company Common Stock,N,NYSE,N,N,
HALO,"Halozyme Therapeutics, Inc. - Common Stock",Q,Nasdaq,N,N,N
HALX,Tuttle Capital Heavy Assets Low Obsolescence ETF,Z,Cboe BZX,Y,N,
HAO,Haoxi Health Technology Limited - Class A Ord Share,Q,Nasdaq,N,N,N
HAP,VanEck Natural Resources ETF,P,NYSE Arca,Y,N,
HAPI,Harbor Human Capital Factor US Large Cap ETF,P,NYSE Arca,Y,N,
HAPN,"Happen, Inc. - Common Stock",Q,Nasdaq,N,N,N
HAPS,Harbor Human Capital Factor US Small Cap ETF,P,NYSE Arca,Y,N,
HARD,Simplify Commodities Strategy No K-1 ETF,P,NYSE Arca,Y,N,
HAS,"Hasbro, Inc. - Common Stock",Q,Nasdaq,N,N,N
HASI,"HA Sustainable Infrastructure Capital, Inc. Common Stock",N,NYSE,N,N,
HAUS,Residential REIT ETF,Z,Cboe BZX,Y,N,
HAUZ,Xtrackers International Real Estate ETF,P,NYSE Arca,Y,N,
HAVA,Harvard Ave Acquisition Corporation - Class A Ordinary Share,Q,Nasdaq,N,N,N
HAVAR,Harvard Ave Acquisition Corporation - Rights that convert on a 1/10th of 1 basis to Class A ordinary Shares,Q,Nasdaq,N,N,N
HAVAU,Harvard Ave Acquisition Corporation - Unit,Q,Nasdaq,N,N,N
HAWK,"HawkEye 360, Inc. Common Stock",N,NYSE,N,N,
HAWX,iShares Currency Hedged MSCI ACWI ex U.S. ETF,P,NYSE Arca,Y,N,
HAYW,"Hayward Holdings, Inc. Common Stock",N,NYSE,N,N,
HBAN,Huntington Bancshares Incorporated - Common Stock,Q,Nasdaq,N,N,N
HBANL,"Huntington Bancshares Incorporated - Depositary Shares, Each Representing a 1/40th Interest in a Share of 6.875% Series J Non-Cumulative Perpetual Preferred Stock",Q,Nasdaq,N,N,N
HBANM,Huntington Bancshares Incorporated - Depositary Shares each representing a 1/1000th interest in a share of Huntington Series I Preferred Stock,Q,Nasdaq,N,N,N
HBANP,Huntington Bancshares Incorporated - Depositary Shares 4.500% Series H Non-Cumulative Perpetual Preferred Stock,Q,Nasdaq,N,N,N
HBANZ,"Huntington Bancshares Incorporated - Depositary Shares, Each Representing a 1/1000th Interest in a Share of 5.50% Series L Non-Cumulative Perpetual Preferred Stock",Q,Nasdaq,N,N,N
HBB,Hamilton Beach Brands Holding Company Class A Common Stock ,N,NYSE,N,N,
HBCP,"Home Bancorp, Inc. - Common Stock",Q,Nasdaq,N,N,N
HBDC,Hilton BDC Corporate Bond ETF,Q,Nasdaq,Y,N,N
HBIO,"Harvard Bioscience, Inc. - Common Stock",Q,Nasdaq,N,N,N
HBM,Hudbay Minerals Inc. Ordinary Shares (Canada),N,NYSE,N,N,
HBMX,Tuttle Capital Concentrated Memory Stack ETF,Z,Cboe BZX,Y,N,
HBNB,Hotel101 Global Holdings Corp. - Class A Ordinary Shares,Q,Nasdaq,N,N,N
HBNC,"Horizon Bancorp, Inc. - Common Stock",Q,Nasdaq,N,N,N
HBR,Canary HBAR ETF,Q,Nasdaq,Y,N,N
HBRD,Invesco U.S. Hybrid Bond ETF,P,NYSE Arca,Y,N,
HBT,"HBT Financial, Inc. - Common Stock",Q,Nasdaq,N,N,N
HBTA,Horizon Expedition Plus ETF,P,NYSE Arca,Y,N,
HBTC,Fortuna Hedged Bitcoin ETF,Z,Cboe BZX,Y,N,
HCA,"HCA Healthcare, Inc. Common Stock",N,NYSE,N,N,
HCAC,Hall Chadwick Acquisition Corp. - Class A Ordinary Shares,Q,Nasdaq,N,N,N
HCACR,Hall Chadwick Acquisition Corp. - Rights,Q,Nasdaq,N,N,N
HCACU,Hall Chadwick Acquisition Corp. - Unit,Q,Nasdaq,N,N,N
HCAI,"Huachen AI Parking Management Technology Holding Co., Ltd. - Class A Ordinary Shares",Q,Nasdaq,N,N,N
HCAT,"Health Catalyst, Inc - Common stock",Q,Nasdaq,N,N,N
HCC,"Warrior Met Coal, Inc. Common Stock",N,NYSE,N,N,
HCHL,Happy City Holdings Limited - Class A Ordinary shares,Q,Nasdaq,N,N,N
HCI,"HCI Group, Inc. Common Stock",N,NYSE,N,N,
HCIC,Hennessy Capital Investment Corp. VIII - Class A Ordinary Shares,Q,Nasdaq,N,N,N
HCICR,Hennessy Capital Investment Corp. VIII - Share Rights,Q,Nasdaq,N,N,N
HCICU,Hennessy Capital Investment Corp. VIII - Units,Q,Nasdaq,N,N,N
HCKT,"The Hackett Group, Inc. - Common Stock",Q,Nasdaq,N,N,N
HCM,HUTCHMED (China) Limited - American Depositary Shares,Q,Nasdaq,N,N,N
HCMA,HCM III Acquisition Corp. - Class A Ordinary Share,Q,Nasdaq,N,N,N
HCMAU,HCM III Acquisition Corp. - Units,Q,Nasdaq,N,N,N
HCMAW,HCM III Acquisition Corp. - Warrants,Q,Nasdaq,N,N,N
HCMT,Direxion HCM Tactical Enhanced US ETF,P,NYSE Arca,Y,N,
HCOW,Amplify COWS Covered Call ETF,Q,Nasdaq,Y,N,N
HCRB,Hartford Core Bond ETF,Z,Cboe BZX,Y,N,
HCSG,"Healthcare Services Group, Inc. - Common Stock",Q,Nasdaq,N,N,N
HCTI,"Healthcare Triangle, Inc. - Common Stock",Q,Nasdaq,N,N,N
HCWB,HCW Biologics Inc. - Common Stock,Q,Nasdaq,N,N,N
HCWC,Healthy Choice Wellness Corp. Class A Common Stock,A,NYSE American,N,N,
HCXY,"Hercules Capital, Inc. 6.25% Notes due 2033",N,NYSE,N,N,
HD,"Home Depot, Inc. (The) Common Stock",N,NYSE,N,N,
HDB,HDFC Bank Limited Common Stock,N,NYSE,N,N,
HDEF,Xtrackers MSCI EAFE High Dividend Yield Equity ETF,P,NYSE Arca,Y,N,
HDG,ProShares Hedge Replication ETF,P,NYSE Arca,Y,N,
HDGE,Ranger Equity Bear Bear ETF,P,NYSE Arca,Y,N,
HDL,SUPER HI INTERNATIONAL HOLDING LTD. - American Depositary Shares,Q,Nasdaq,N,N,N
HDLB,"ETRACS Monthly Pay 2xLeveraged US High Dividend Low Volatility ETN Series B due September 30, 2044",P,NYSE Arca,Y,N,
HDMV,First Trust Horizon Managed Volatility Developed International ETF,P,NYSE Arca,Y,N,
HDRN,"Hadron Energy, Inc. - Common Stock",Q,Nasdaq,N,N,N
HDRNW,"Hadron Energy, Inc. - Warrant",Q,Nasdaq,N,N,N
HDSN,"Hudson Technologies, Inc. - Common Stock",Q,Nasdaq,N,N,N
HDUS,Hartford Disciplined US Equity ETF,P,NYSE Arca,Y,N,
HDV,iShares Core High Dividend ETF,P,NYSE Arca,Y,N,
HE,"Hawaiian Electric Industries, Inc. Common Stock",N,NYSE,N,N,
HEAL,Global X HealthTech ETF,Q,Nasdaq,Y,N,N
HECA,Hedgeye Capital Allocation ETF,P,NYSE Arca,Y,N,
HECO,State Street Galaxy Hedged Digital Asset Ecosystem ETF,Q,Nasdaq,Y,N,N
HEDG,Equable Shares Hedged Equity ETF,P,NYSE Arca,Y,N,
HEDJ,WisdomTree Europe Hedged Equity Fund,P,NYSE Arca,Y,N,
HEEM,iShares Currency Hedged MSCI Emerging Markets ETF,Z,Cboe BZX,Y,N,
HEFA,iShares Currency Hedged MSCI EAFE ETF,Z,Cboe BZX,Y,N,
HEFT,Hedgeye Fourth Turning ETF,P,NYSE Arca,Y,N,
HEGD,Swan Hedged Equity US Large Cap ETF,Z,Cboe BZX,Y,N,
HEI,Heico Corporation Common Stock,N,NYSE,N,N,
HEI.A,Heico Corporation Common Stock,N,NYSE,N,N,
HELE,Helen of Troy Limited - Common Stock,Q,Nasdaq,N,N,N
HELO,JPMorgan Hedged Equity Laddered Overlay ETF,P,NYSE Arca,Y,N,
HELP,Cybin Inc. - Common Stock,Q,Nasdaq,N,N,N
HELS,Hedgeye 130/30 Equity ETF,P,NYSE Arca,Y,N,
HELX,Franklin Genomic Advancements ETF,Z,Cboe BZX,Y,N,
HEMI,Hartford Equity Premium Income ETF,Z,Cboe BZX,Y,N,
HEPS,D-Market Electronic Services & Trading - American Depositary Shares,Q,Nasdaq,N,N,N
HEQ,John Hancock Diversified Income Fund Common Shares of Beneficial Interest,N,NYSE,N,N,
HEQQ,JPMorgan Nasdaq Hedged Equity Laddered Overlay ETF,Q,Nasdaq,Y,N,N
HEQT,Simplify Hedged Equity ETF,P,NYSE Arca,Y,N,
HERD,Pacer Cash Cows Fund of Funds ETF,Q,Nasdaq,Y,N,N
HERE,Here Group Limited - American Depositary Shares,Q,Nasdaq,N,N,N
HERO,Global X Video Games & Esports ETF,Q,Nasdaq,Y,N,N
HERZ,"Herzfeld Credit Income Fund, Inc.  - Closed End Fund",Q,Nasdaq,N,N,N
HESM,Hess Midstream LP Class A Representing Limited Partner Interests,N,NYSE,N,N,
HEWJ,iShares Currency Hedged MSCI Japan ETF,P,NYSE Arca,Y,N,
HEZU,iShares Currency Hedged MSCI Eurozone ETF,P,NYSE Arca,Y,N,
HF,DGA Core Plus Absolute Return ETF,N,NYSE,Y,N,
HFBL,"Home Federal Bancorp, Inc. of Louisiana - Common Stock",Q,Nasdaq,N,N,N
HFEQ,Unlimited HFEQ Equity Long/Short ETF,N,NYSE,Y,N,
HFFG,HF Foods Group Inc. - Common Stock,Q,Nasdaq,N,N,N
HFGM,Unlimited HFGM Global Macro ETF,N,NYSE,Y,N,
HFGO,Hartford Large Cap Growth ETF,Z,Cboe BZX,Y,N,
HFMF,Unlimited HFMF Managed Futures ETF,N,NYSE,Y,N,
HFND,Unlimited HFND Multi-Strategy Return Tracker ETF,N,NYSE,Y,N,
HFRO,Highland Opportunities and Income Fund Common Shares of Beneficial Interest,N,NYSE,N,N,
HFRO$A,Highland Opportunities and Income Fund 5.375% Series A Cumulative Preferred Shares,N,NYSE,N,N,
HFRO$B,Highland Opportunities and Income Fund 5.375% Series B Cumulative Preferred Shares,N,NYSE,N,N,
HFSI,Hartford Strategic Income ETF,Z,Cboe BZX,Y,N,
HFSP,TradersAI Large Cap Equity & Cash ETF,Q,Nasdaq,Y,N,N
HFWA,Heritage Financial Corporation - Common Stock,Q,Nasdaq,N,N,N
HFXI,NYLI FTSE International Equity Currency Neutral ETF,P,NYSE Arca,Y,N,
HG,"Hamilton Insurance Group, Ltd. Class B Common Shares",N,NYSE,N,N,
HGBL,Heritage Global Inc. - Common Stock,Q,Nasdaq,N,N,N
HGER,Harbor Commodity All-Weather Strategy ETF,N,NYSE,Y,N,
HGLB,Highland Global Allocation Fund Common Stock,N,NYSE,N,N,
HGRO,Hedgeye Quality Growth ETF,P,NYSE Arca,Y,N,
HGTY,"Hagerty, Inc. Class A Common Stock",N,NYSE,N,N,
HGV,Hilton Grand Vacations Inc. Common Stock ,N,NYSE,N,N,
HHH,Howard Hughes Holdings Inc. Common Stock,N,NYSE,N,N,
HHS,"Harte Hanks, Inc. - Common Stock",Q,Nasdaq,N,N,N
HIBL,Direxion Daily S&P 500 High Beta Bull 3X ETF,P,NYSE Arca,Y,N,
HIBS,Direxion Daily S&P 500 High Beta Bear 3X ETF,P,NYSE Arca,Y,N,
HIDE,Alpha Architect High Inflation and Deflation ETF,Q,Nasdaq,Y,N,N
HIDV,AB US High Dividend ETF,P,NYSE Arca,Y,N,
HIFS,Hingham Institution for Savings - Common Stock,Q,Nasdaq,N,N,N
HIG,"The Hartford Insurance Group, Inc. Common Stock",N,NYSE,N,N,
HIG$G,"The Hartford Insurance Group, Inc. Depositary Shares each representing a 1/1000th interest in a share of 6.000% Non-Cumulative Preferred Stock, Series G",N,NYSE,N,N,
HIGH,Simplify Enhanced Income ETF,P,NYSE Arca,Y,N,
HIHO,Highway Holdings Limited - Common Stock,Q,Nasdaq,N,N,D
HII,"Huntington Ingalls Industries, Inc. Common Stock",N,NYSE,N,N,
HIMC,Corgi HIMS 2x Daily ETF,Z,Cboe BZX,Y,N,
HIMS,"Hims & Hers Health, Inc. Class A Common Stock",N,NYSE,N,N,
HIMU,iShares High Yield Muni Active ETF,Z,Cboe BZX,Y,N,
HIMX,"Himax Technologies, Inc. - American depositary shares, each of which represents two ordinary shares.",Q,Nasdaq,N,N,N
HIMZ,Defiance Daily Target 2X Long HIMS ETF,Q,Nasdaq,Y,N,N
HIND,"Vyome Holdings, Inc. - Common Stock",Q,Nasdaq,N,N,N
HIO,"Western Asset High Income Opportunity Fund, Inc. Common Stock",N,NYSE,N,N,
HIPO,Hippo Holdings Inc. Common Stock,N,NYSE,N,N,
HIPS,GraniteShares HIPS US High Income ETF,P,NYSE Arca,Y,N,
HIS,Humilis US Focused Opportunities ETF,Q,Nasdaq,Y,N,N
HISF,First Trust High Income Strategic Focus ETF,Q,Nasdaq,Y,N,N
HIT,"Health In Tech, Inc. - Class A Common Stock",Q,Nasdaq,N,N,N
HITI,High Tide Inc. - Common Shares,Q,Nasdaq,N,N,N
HIVE,HIVE Digital Technologies Ltd - Common Shares,Q,Nasdaq,N,N,N
HIW,"Highwoods Properties, Inc. Common Stock",N,NYSE,N,N,
HIX,Western Asset High Income Fund II Inc. Common Stock,N,NYSE,N,N,
HIYY,YieldMax HIMS Option Income Strategy ETF,P,NYSE Arca,Y,N,
HJLY,Corgi U.S. Equities 100% Structured Buffer ETF - July Series,Z,Cboe BZX,Y,N,
HJUN,Corgi U.S. Equities 100% Structured Buffer ETF - June Series,Z,Cboe BZX,Y,N,
HKD,AMTD Digital Inc. American Depositary Shares (every five of which represent two Class A Ordinary Shares),N,NYSE,N,N,
HKIT,Hitek Global Inc. - Class A Ordinary Share,Q,Nasdaq,N,N,N
HKPD,"Cellyan Biotechnology Co., Ltd  - Class A Ordinary Shares",Q,Nasdaq,N,N,D
HL,Hecla Mining Company Common Stock,N,NYSE,N,N,
HL$B,Hecla Mining Company Preferred Stock,N,NYSE,N,N,
HLAL,Wahed FTSE USA Shariah ETF,Q,Nasdaq,Y,N,N
HLF,Herbalife Ltd. Common Shares,N,NYSE,N,N,
HLI,"Houlihan Lokey, Inc. Class A Common Stock",N,NYSE,N,N,
HLIO,"Helios Technologies, Inc. Common Stock",N,NYSE,N,N,
HLIT,Harmonic Inc. - Common Stock,Q,Nasdaq,N,N,N
HLLY,Holley Inc. Common Stock,N,NYSE,N,N,
HLLY.W,Holley Inc. Warrants,N,NYSE,N,N,
HLMN,Hillman Solutions Corp. - Common Stock,Q,Nasdaq,N,N,N
HLN,Haleon plc American Depositary Shares (Each representing two Ordinary Shares),N,NYSE,N,N,
HLNE,Hamilton Lane Incorporated - Class A Common Stock,Q,Nasdaq,N,N,N
HLP,Hongli Group Inc. - Ordinary Shares,Q,Nasdaq,N,N,D
HLT,Hilton Worldwide Holdings Inc. Common Stock ,N,NYSE,N,N,
HLX,"Helix Energy Solutions Group, Inc. Common Stock",N,NYSE,N,N,
HLXC,Helix Acquisition Corp. III - Class A Ordinary Shares,Q,Nasdaq,N,N,N
HMAY,Corgi U.S. Equities 100% Structured Buffer ETF - May Series,Z,Cboe BZX,Y,N,
HMC,"Honda Motor Company, Ltd. Common Stock",N,NYSE,N,N,
HMH,HMH Holding Inc. - Common Stock,Q,Nasdaq,N,N,N
HMN,Horace Mann Educators Corporation Common Stock,N,NYSE,N,N,
HMOP,Hartford Municipal Opportunities ETF,P,NYSE Arca,Y,N,
HMR,Heidmar Maritime Holdings Corp. - Common Stock,Q,Nasdaq,N,N,N
HMY,Harmony Gold Mining Company Limited,N,NYSE,N,N,
HMYY,GraniteShares YieldBoost HIMS ETF,Q,Nasdaq,Y,N,N
HNDL,Strategy Shares Nasdaq 7HANDL Index ETF,Q,Nasdaq,Y,N,N
HNGE,"Hinge Health, Inc. Class A Common Stock",N,NYSE,N,N,
HNI,HNI Corporation Common Stock,N,NYSE,N,N,
HNNA,"Hennessy Advisors, Inc. - Common Stock",Q,Nasdaq,N,N,N
HNRG,Hallador Energy Company - Common Stock,Q,Nasdaq,N,N,N
HNST,"The Honest Company, Inc. - Common Stock",Q,Nasdaq,N,N,N
HNVR,"Hanover Bancorp, Inc. - Common Stock",Q,Nasdaq,N,N,N
HODL,VanEck Bitcoin Trust ,Z,Cboe BZX,Y,N,
HODO,House of Doge Inc. - Common Stock,Q,Nasdaq,N,N,N
HODU,Direxion Daily HOOD Bull 2X ETF,Q,Nasdaq,Y,N,N
HOFT,Hooker Furnishings Corporation - Common Stock,Q,Nasdaq,N,N,N
HOG,"Harley-Davidson, Inc. Common Stock",N,NYSE,N,N,
HOLA,JPMorgan International Hedged Equity Laddered Overlay ETF,P,NYSE Arca,Y,N,
HOLD,Harbor Alpha Layering ETF,P,NYSE Arca,Y,N,
HOLO,MicroCloud Hologram Inc. - Ordinary Shares,Q,Nasdaq,N,N,N
HOLOW,MicroCloud Hologram Inc. - Warrant,Q,Nasdaq,N,N,N
HOMB,"Home BancShares, Inc. Common Stock",N,NYSE,N,N,
HOMZ,Hoya Capital Housing ETF,P,NYSE Arca,Y,N,
HON,Honeywell International Inc. - Common Stock,Q,Nasdaq,N,N,N
HONA,Honeywell Aerospace Inc. - Common Stock,Q,Nasdaq,N,N,N
HONG,Leverage Shares 2X Long HON Daily ETF,Z,Cboe BZX,Y,N,
HOOC,Corgi HOOD 2x Daily ETF,Z,Cboe BZX,Y,N,
HOOD,"Robinhood Markets, Inc. - Class A Common Stock",Q,Nasdaq,N,N,N
HOOG,Leverage Shares 2X Long HOOD Daily ETF,Q,Nasdaq,Y,N,N
HOOW,Roundhill HOOD WeeklyPay ETF,Z,Cboe BZX,Y,N,
HOOX,Defiance Daily Target 2X Long HOOD ETF,Q,Nasdaq,Y,N,N
HOOY,YieldMax HOOD Option Income Strategy ETF,P,NYSE Arca,Y,N,
HOOZ,Defiance Daily Target 2X Short HOOD ETF,P,NYSE Arca,Y,N,
HOPE,"Hope Bancorp, Inc. - Common Stock",Q,Nasdaq,N,N,N
HOUR,"Hour Loop, Inc. - common stock",Q,Nasdaq,N,N,N
HOV,"Hovnanian Enterprises, Inc. Class A Common Stock",N,NYSE,N,N,
HOVNP,Hovnanian Enterprises Inc - Depositary Share representing 1/1000th of 7.625% Series A Preferred Stock,Q,Nasdaq,N,N,N
HOVR,New Horizon Aircraft Ltd. - Class A Ordinary Shares,Q,Nasdaq,N,N,N
HOVRW,New Horizon Aircraft Ltd. - Warrant,Q,Nasdaq,N,N,N
HOWL,"Werewolf Therapeutics, Inc. - Common Stock",Q,Nasdaq,N,N,D
HOYY,GraniteShares YieldBOOST HOOD ETF,Q,Nasdaq,Y,N,N
HP,"Helmerich & Payne, Inc. Common Stock",N,NYSE,N,N,
HPAI,Helport AI Limited - Ordinary Shares,Q,Nasdaq,N,N,N
HPAIW,Helport AI Limited - Warrants,Q,Nasdaq,N,N,N
HPE,Hewlett Packard Enterprise Company Common Stock,N,NYSE,N,N,
HPE$C,Hewlett Packard Enterprise Company 7.625% Series C Mandatory Convertible Preferred Stock,N,NYSE,N,N,
HPEL,Leverage Shares 2X Long HPE Daily ETF,Z,Cboe BZX,Y,N,
HPF,John Hancock Pfd Income Fund II Pfd Income Fund II,N,NYSE,N,N,
HPI,John Hancock Preferred Income Fund Common Shares of Beneficial Interest,N,NYSE,N,N,
HPK,"HighPeak Energy, Inc. - Common Stock",Q,Nasdaq,N,N,N
HPP,"Hudson Pacific Properties, Inc. Common Stock",N,NYSE,N,N,
HPP$C,"Hudson Pacific Properties, Inc. 4.750% Series C Cumulative Redeemable Preferred Stock",N,NYSE,N,N,
HPQ,HP Inc. Common Stock,N,NYSE,N,N,
HPS,John Hancock Preferred Income Fund III Preferred Income Fund III,N,NYSE,N,N,
HQ,Horizon Quantum Holdings Ltd. - Class A Ordinary Shares,Q,Nasdaq,N,N,N
HQGO,Hartford US Quality Growth ETF,Q,Nasdaq,Y,N,N
HQH,abrdn Healthcare Investors Shares of Beneficial Interest,N,NYSE,N,N,
HQI,"HireQuest, Inc. - Common Stock",Q,Nasdaq,N,N,N
HQL,abrdn Life Sciences Investors Shares of Beneficial Interest,N,NYSE,N,N,
HQWWW,Horizon Quantum Holdings Ltd. - Warrant,Q,Nasdaq,N,N,N
HQY,"HealthEquity, Inc. - Common Stock",Q,Nasdaq,N,N,N
HR,Healthcare Realty Trust Incorporated Common Stock,N,NYSE,N,N,
HRB,"H&R Block, Inc. Common Stock",N,NYSE,N,N,
HRI,Herc Holdings Inc. Common Stock ,N,NYSE,N,N,
HRL,Hormel Foods Corporation Common Stock,N,NYSE,N,N,
HRMY,"Harmony Biosciences Holdings, Inc. - Common Stock",Q,Nasdaq,N,N,N
HROW,"Harrow, Inc. - Common Stock",Q,Nasdaq,N,N,N
HRSK,Toews Agility Shares Hedged Risk ETF,P,NYSE Arca,Y,N,
HRTG,"Heritage Insurance Holdings, Inc. Common Stock",N,NYSE,N,N,
HRTS,Tema Heart & Health ETF,Q,Nasdaq,Y,N,N
HRTX,"Heron Therapeutics, Inc.   - Common Stock",Q,Nasdaq,N,N,D
HRZN,Horizon Technology Finance Corporation - Common Stock,Q,Nasdaq,N,N,N
HSAI,Hesai Group - American Depositary Share,Q,Nasdaq,N,N,N
HSBC,"HSBC Holdings, plc. Common Stock",N,NYSE,N,N,
HSBH,HSBC Holdings plc ADRhedged,P,NYSE Arca,Y,N,
HSCS,HeartSciences Inc. - Common Stock,Q,Nasdaq,N,N,N
HSCSW,HeartSciences Inc. - Warrant,Q,Nasdaq,N,N,N
HSCZ,iShares Currency Hedged MSCI EAFE Small-Cap ETF,P,NYSE Arca,Y,N,
HSDT,Solana Company - Class A Common Stock,Q,Nasdaq,N,N,N
HSHP,Himalaya Shipping Ltd. Common Shares,N,NYSE,N,N,
HSIC,"Henry Schein, Inc. - Common Stock",Q,Nasdaq,N,N,N
HSLV,Highlander Silver Corp. Common Shares,A,NYSE American,N,N,
HSMV,First Trust Horizon Managed Volatility Small/Mid ETF,P,NYSE Arca,Y,N,
HST,"Host Hotels & Resorts, Inc. - Common Stock",Q,Nasdaq,N,N,N
HSTM,"HealthStream, Inc. - Common Stock",Q,Nasdaq,N,N,N
HSY,The Hershey Company Common Stock,N,NYSE,N,N,
HTAB,Hartford Schroders Tax-Aware Bond ETF,P,NYSE Arca,Y,N,
HTAX,Nomura National High-Yield Municipal Bond ETF,P,NYSE Arca,Y,N,
HTB,"HomeTrust Bancshares, Inc. Common Stock",N,NYSE,N,N,
HTCO,High-Trend International Group - Class A Ordinary Shares,Q,Nasdaq,N,N,N
HTCR,"Heartcore Enterprises, Inc. - Common Stock",Q,Nasdaq,N,N,N
HTD,John Hancock Tax Advantaged Dividend Income Fund Common Shares of Beneficial Interest,N,NYSE,N,N,
HTEC,ROBO Global Healthcare Technology and Innovation ETF,P,NYSE Arca,Y,N,
HTFC,Horizon Technology Finance Corporation 6.25% Notes due 2027,N,NYSE,N,N,
HTFL,"Heartflow, Inc. - Common Stock",Q,Nasdaq,N,N,N
HTGC,"Hercules Capital, Inc. Common Stock",N,NYSE,N,N,
HTH,Hilltop Holdings Inc.,N,NYSE,N,N,
HTHT,H World Group Limited - American Depositary Shares,Q,Nasdaq,N,N,N
HTLD,"Heartland Express, Inc. - Common Stock",Q,Nasdaq,N,N,N
HTLM,HomesToLife Ltd - Ordinary Shares,Q,Nasdaq,N,N,N
HTO,H2O America  - Common Stock,Q,Nasdaq,N,N,N
HTOO,Fusion Fuel Green PLC - Ordinary Shares,Q,Nasdaq,N,N,N
HTRB,Hartford Total Return Bond ETF,P,NYSE Arca,Y,N,
HTT,"High Templar Tech Limited American depositary shares, each representing one Class A ordinary share",N,NYSE,N,N,
HTUS,Hull Tactical US ETF,Z,Cboe BZX,Y,N,
HTZ,"Hertz Global Holdings, Inc - Common Stock",Q,Nasdaq,N,N,N
HTZWW,"Hertz Global Holdings, Inc - Warrant",Q,Nasdaq,N,N,N
HUBB,Hubbell Inc Common Stock,N,NYSE,N,N,
HUBC,Hub Cyber Security Ltd. - Ordinary Shares,Q,Nasdaq,N,N,H
HUBCW,Hub Cyber Security Ltd. - Warrant expiring 2/27/28,Q,Nasdaq,N,N,H
HUBCZ,Hub Cyber Security Ltd. - Warrant,Q,Nasdaq,N,N,H
HUBG,"Hub Group, Inc. - Class A Common Stock",Q,Nasdaq,N,N,E
HUBS,"HubSpot, Inc. Common Stock",N,NYSE,N,N,
HUDI,"Huadi International Group Co., Ltd. - Ordinary Shares",Q,Nasdaq,N,N,N
HUHU,HUHUTECH International Group Inc. - Ordinary Shares,Q,Nasdaq,N,N,N
HUIZ,Huize Holding Limited - American Depositary Shares,Q,Nasdaq,N,N,N
HULL,Corgi Shipping & Global Logistics ETF,Z,Cboe BZX,Y,N,
HUM,Humana Inc. Common Stock,N,NYSE,N,N,
HUMA,"Humacyte, Inc. - Common Stock",Q,Nasdaq,N,N,N
HUMAW,"Humacyte, Inc. - Warrant",Q,Nasdaq,N,N,N
HUMN,Roundhill Humanoid Robotics ETF,Z,Cboe BZX,Y,N,
HUN,Huntsman Corporation Common Stock,N,NYSE,N,N,
HURA,"TuHURA Biosciences, Inc. - Common Stock",Q,Nasdaq,N,N,N
HURC,"Hurco Companies, Inc. - Common Stock",Q,Nasdaq,N,N,N
HURN,Huron Consulting Group Inc. - Common Stock,Q,Nasdaq,N,N,N
HUSV,First Trust Horizon Managed Volatility Domestic ETF,P,NYSE Arca,Y,N,
HUT,Hut 8 Corp. - Common Stock,Q,Nasdaq,N,N,N
HUTG,Leverage Shares 2X Long HUT Daily ETF,Q,Nasdaq,Y,N,N
HUYA,"HUYA Inc. American depositary shares, each  representing one Class A ordinary share",N,NYSE,N,N,
HVAC,AdvisorShares HVAC and Industrials ETF,P,NYSE Arca,Y,N,
HVII,Hennessy Capital Investment Corp. VII - Ordinary Shares,Q,Nasdaq,N,N,N
HVIIR,Hennessy Capital Investment Corp. VII - Rights,Q,Nasdaq,N,N,N
HVIIU,Hennessy Capital Investment Corp. VII - Unit,Q,Nasdaq,N,N,N
HVMC,Highview Merger Corp. - Class A Ordinary Share,Q,Nasdaq,N,N,N
HVMCU,Highview Merger Corp. - Units,Q,Nasdaq,N,N,N
HVMCW,Highview Merger Corp. - Warrants,Q,Nasdaq,N,N,N
HVT,"Haverty Furniture Companies, Inc. Common Stock",N,NYSE,N,N,
HVT.A,"Haverty Furniture Companies, Inc. Common Stock",N,NYSE,N,N,
HWAY,Themes US Infrastructure ETF,Q,Nasdaq,Y,N,N
HWBK,"Hawthorn Bancshares, Inc. - Common Stock",Q,Nasdaq,N,N,N
HWC,Hancock Whitney Corporation - Common Stock,Q,Nasdaq,N,N,N
HWCPZ,Hancock Whitney Corporation - 6.25% Subordinated Notes due 2060,Q,Nasdaq,N,N,N
HWH,HWH International Inc. - Common Stock,Q,Nasdaq,N,N,D
HWKN,"Hawkins, Inc. - Common Stock",Q,Nasdaq,N,N,N
HWM,Howmet Aerospace Inc. Common Stock,N,NYSE,N,N,
HWSM,Hotchkis & Wiley SMID Cap Diversified Value Fund,Q,Nasdaq,Y,N,N
HXHX,Haoxin Holdings Limited - Class A Ordinary Shares,Q,Nasdaq,N,N,D
HXL,Hexcel Corporation Common Stock,N,NYSE,N,N,
HY,"Hyster-Yale, Inc. Class A common stock",N,NYSE,N,N,
HYBB,iShares BB Rated Corporate Bond ETF,P,NYSE Arca,Y,N,
HYBI,NEOS Enhanced Income Credit Select ETF,Q,Nasdaq,Y,N,N
HYBL,State Street Blackstone High Income ETF,Z,Cboe BZX,Y,N,
HYBX,TCW High Yield Bond ETF,N,NYSE,Y,N,
HYD,VanEck High Yield Muni ETF,Z,Cboe BZX,Y,N,
HYDB,iShares High Yield Systematic Bond ETF,Z,Cboe BZX,Y,N,
HYDR,Global X Hydrogen ETF,Q,Nasdaq,Y,N,N
HYDW,Xtrackers Low Beta High Yield Bond ETF,P,NYSE Arca,Y,N,
HYEM,VanEck Emerging Markets High Yield Bond ETF,P,NYSE Arca,Y,N,
HYFI,AB High Yield ETF,P,NYSE Arca,Y,N,
HYFM,"Hydrofarm Holdings Group, Inc. - Common Stock",Q,Nasdaq,N,N,D
HYFT,MindWalk Holdings Corp. - Common Stock,Q,Nasdaq,N,N,N
HYG,iShares iBoxx $ High Yield Corporate Bond ETF,P,NYSE Arca,Y,N,
HYGH,iShares Interest Rate Hedged High Yield Bond ETF,P,NYSE Arca,Y,N,
HYGM,Amplify HYG High Yield 10% Target Income ETF,Z,Cboe BZX,Y,N,
HYGV,FlexShares High Yield Value-Scored Bond Index Fund,P,NYSE Arca,Y,N,
HYGW,iShares High Yield Corporate Bond BuyWrite Strategy ETF,Z,Cboe BZX,Y,N,
HYHG,ProShares High Yield Interest Rate Hedged,Z,Cboe BZX,Y,N,
HYI,Western Asset High Yield Opportunity Fund Inc. Common Stock,N,NYSE,N,N,
HYIN,WisdomTree Private Credit and Alternative Income Fund,Z,Cboe BZX,Y,N,
HYLB,Xtrackers USD High Yield Corporate Bond ETF,P,NYSE Arca,Y,N,
HYLN,Hyliion Holdings Corp. Class A Common Stock,A,NYSE American,N,N,
HYLS,First Trust Tactical High Yield ETF,Q,Nasdaq,Y,N,N
HYMB,State Street SPDR Nuveen ICE High Yield Municipal Bond ETF,P,NYSE Arca,Y,N,
HYMC,Hycroft Mining Holding Corporation - Class A Common Stock,Q,Nasdaq,N,N,N
HYNE,"Hoyne Bancorp, Inc. - Common Stock",Q,Nasdaq,N,N,N
HYNX,T-REX 2X Long SKHY Daily Target ETF,P,NYSE Arca,Y,N,
HYP,Golden Eagle Dynamic Hypergrowth ETF,Q,Nasdaq,Y,N,N
HYPD,"Hyperion DeFi, Inc. - Common Stock",Q,Nasdaq,N,N,N
HYPG,Grayscale Hyperliquid Staking ETF,Q,Nasdaq,Y,N,N
HYPR,"Hyperfine, Inc.  - Class A Common Stock",Q,Nasdaq,N,N,N
HYS,PIMCO 0-5 Year High Yield Corporat Bond Index Exchange-Traded Fund,P,NYSE Arca,Y,N,
HYSA,BondBloxx USD High Yield Bond Sector Rotation ETF,P,NYSE Arca,Y,N,
HYSD,Columbia Short Duration High Yield ETF,P,NYSE Arca,Y,N,
HYT,"Blackrock Corporate High Yield Fund, Inc. Common Stock",N,NYSE,N,N,
HYTI,FT Vest High Yield & Target Income ETF,P,NYSE Arca,Y,N,
HYTR,Counterpoint High Yield Trend ETF,N,NYSE,Y,N,
HYUP,Xtrackers High Beta High Yield Bond ETF,P,NYSE Arca,Y,N,
HYXF,iShares ESG Advanced High Yield Corporate Bond ETF,Q,Nasdaq,Y,N,N
HYZD,WisdomTree Interest Rate Hedged High Yield Bond Fund,Q,Nasdaq,Y,N,N
HZO,"MarineMax, Inc.  (FL) Common Stock",N,NYSE,N,N,
IACO,Idea Acquisition Corp. - Class A Ordinary Shares,Q,Nasdaq,N,N,N
IACOU,Idea Acquisition Corp. - Units,Q,Nasdaq,N,N,N
IACOW,Idea Acquisition Corp. - Warrants,Q,Nasdaq,N,N,N
IACQ,Irenic Acquisition Corp. - Class A Ordinary Shares,Q,Nasdaq,N,N,N
IACQU,Irenic Acquisition Corp. - Unit,Q,Nasdaq,N,N,N
IACQW,Irenic Acquisition Corp. - Warrants,Q,Nasdaq,N,N,N
IAE,Voya Asia Pacific High Dividend Equity Income Fund ING Asia Pacific High Dividend Equity Income Fund Common Shares of Beneficial Interest,N,NYSE,N,N,
IAF,"abrdn Australia Equity Fund, Inc. Common Stock",A,NYSE American,N,N,
IAG,Iamgold Corporation Ordinary Shares,N,NYSE,N,N,
IAGG,iShares International Aggregate Bond Fund,Z,Cboe BZX,Y,N,
IAI,iShares U.S. Broker-Dealers & Securities Exchanges ETF,P,NYSE Arca,Y,N,
IAK,iShares U.S. Insurance ETF,P,NYSE Arca,Y,N,
IALT,iShares Systematic Alternatives Active ETF,Q,Nasdaq,Y,N,N
IAPR,Innovator International Developed Power Buffer ETF  April,P,NYSE Arca,Y,N,
IART,Integra LifeSciences Holdings Corporation - Common Stock,Q,Nasdaq,N,N,N
IAT,iShares U.S. Regional Banks ETF,P,NYSE Arca,Y,N,
IAU,iShares Gold Trust Shares,P,NYSE Arca,Y,N,
IAUG,Innovator International Developed Power Buffer ETF  August,P,NYSE Arca,Y,N,
IAUI,NEOS Gold High Income ETF,Z,Cboe BZX,Y,N,
IAUM,iShares Gold Trust Micro Shares,P,NYSE Arca,Y,N,
IAUX,i-80 Gold Corp. Common Shares,A,NYSE American,N,N,
IAUX.W,"i-80 Gold Corp. Warrants, each warrant exercisable for one Common Share at an exercise price of $0.70",A,NYSE American,N,N,
IBAC,IB Acquisition Corp. - Common Stock,Q,Nasdaq,N,N,N
IBACR,IB Acquisition Corp. - Right,Q,Nasdaq,N,N,N
IBAT,iShares Energy Storage & Materials ETF,Q,Nasdaq,Y,N,N
IBB,iShares Biotechnology ETF,Q,Nasdaq,Y,N,N
IBBQ,Invesco Nasdaq Biotechnology ETF,Q,Nasdaq,Y,N,N
IBCA,iShares iBonds Dec 2035 Term Corporate ETF,P,NYSE Arca,Y,N,
IBCB,iShares iBonds Dec 2036 Term Corporate ETF,P,NYSE Arca,Y,N,
IBCP,Independent Bank Corporation - Common Stock,Q,Nasdaq,N,N,N
IBD,Inspire Corporate Bond ETF,P,NYSE Arca,Y,N,
IBDR,iShares iBonds Dec 2026 Term Corporate ETF,P,NYSE Arca,Y,N,
IBDS,iShares iBonds Dec 2027 Term Corporate ETF,P,NYSE Arca,Y,N,
IBDT,iShares iBonds Dec 2028 Term Corporate ETF,P,NYSE Arca,Y,N,
IBDU,iShares iBonds Dec 2029 Term Corporate ETF,P,NYSE Arca,Y,N,
IBDV,iShares iBonds Dec 2030 Term Corporate ETF,P,NYSE Arca,Y,N,
IBDW,iShares iBonds Dec 2031 Term Corporate ETF,P,NYSE Arca,Y,N,
IBDX,iShares iBonds Dec 2032 Term Corporate ETF,P,NYSE Arca,Y,N,
IBDY,iShares iBonds Dec 2033 Term Corporate ETF,P,NYSE Arca,Y,N,
IBDZ,iShares iBonds Dec 2034 Term Corporate ETF,P,NYSE Arca,Y,N,
IBEX,IBEX Limited - Common Share,Q,Nasdaq,N,N,N
IBFR,Innovator International Developed Managed 10 Buffer ETF,P,NYSE Arca,Y,N,
IBG,Innovation Beverage Group Limited - Ordinary Shares,Q,Nasdaq,N,N,E
IBGA,iShares iBonds Dec 2044 Term Treasury ETF,Q,Nasdaq,Y,N,N
IBGB,iShares iBonds Dec 2045 Term Treasury ETF,Q,Nasdaq,Y,N,N
IBGC,iShares iBonds Dec 2046 Term Treasury ETF,Q,Nasdaq,Y,N,N
IBGK,iShares iBonds Dec 2054 Term Treasury ETF,Q,Nasdaq,Y,N,N
IBGL,iShares iBonds Dec 2055 Term Treasury ETF,Q,Nasdaq,Y,N,N
IBGM,iShares iBonds Dec 2056 Term Treasury ETF,Q,Nasdaq,Y,N,N
IBHF,iShares iBonds 2026 Term High Yield and Income ETF,Z,Cboe BZX,Y,N,
IBHG,iShares iBonds 2027 Term High Yield and Income ETF,Z,Cboe BZX,Y,N,
IBHH,iShares iBonds 2028 Term High Yield and Income ETF,Z,Cboe BZX,Y,N,
IBHI,iShares iBonds 2029 Term High Yield and Income ETF,Z,Cboe BZX,Y,N,
IBHJ,iShares iBonds 2030 Term High Yield and Income ETF,Z,Cboe BZX,Y,N,
IBHK,iShares iBonds 2031 Term High Yield and Income ETF,Z,Cboe BZX,Y,N,
IBHL,iShares iBonds 2032 Term High Yield and Income ETF,Z,Cboe BZX,Y,N,
IBHM,iShares iBonds 2033 Term High Yield and Income ETF,Z,Cboe BZX,Y,N,
IBIC,iShares iBonds Oct 2026 Term TIPS ETF,P,NYSE Arca,Y,N,
IBID,iShares iBonds Oct 2027 Term TIPS ETF,P,NYSE Arca,Y,N,
IBIE,iShares iBonds Oct 2028 Term TIPS ETF,P,NYSE Arca,Y,N,
IBIF,iShares iBonds Oct 2029 Term TIPS ETF,P,NYSE Arca,Y,N,
IBIG,iShares iBonds Oct 2030 Term TIPS ETF,P,NYSE Arca,Y,N,
IBIH,iShares iBonds Oct 2031 Term TIPS ETF,P,NYSE Arca,Y,N,
IBII,iShares iBonds Oct 2032 Term TIPS ETF,P,NYSE Arca,Y,N,
IBIJ,iShares iBonds Oct 2033 Term TIPS ETF,P,NYSE Arca,Y,N,
IBIK,iShares iBonds Oct 2034 Term TIPS ETF,P,NYSE Arca,Y,N,
IBIL,iShares iBonds Oct 2035 Term TIPS ETF,P,NYSE Arca,Y,N,
IBIM,iShares iBonds Oct 2036 Term TIPS ETF,P,NYSE Arca,Y,N,
IBIO,"iBio, Inc. - Common Stock",Q,Nasdaq,N,N,N
IBIT,iShares Bitcoin Trust ETF,Q,Nasdaq,Y,N,N
IBKR,"Interactive Brokers Group, Inc. - Class A Common Stock",Q,Nasdaq,N,N,N
IBLC,iShares Blockchain and Tech ETF,P,NYSE Arca,Y,N,
IBM,International Business Machines Corporation Common Stock,N,NYSE,N,N,
IBMO,iShares iBonds Dec 2026 Term Muni Bond ETF,Z,Cboe BZX,Y,N,
IBMP,iShares iBonds Dec 2027 Term Muni Bond ETF,Z,Cboe BZX,Y,N,
IBMQ,iShares iBonds Dec 2028 Term Muni Bond ETF,Z,Cboe BZX,Y,N,
IBMR,iShares iBonds Dec 2029 Term Muni Bond ETF,Z,Cboe BZX,Y,N,
IBMS,iShares iBonds Dec 2030 Term Muni Bond ETF,Z,Cboe BZX,Y,N,
IBMT,iShares iBonds Dec 2031 Term Muni Bond ETF,Z,Cboe BZX,Y,N,
IBMU,iShares iBonds Dec 2032 Term Muni Bond ETF,Z,Cboe BZX,Y,N,
IBMV,iShares iBonds Dec 2033 Term Muni Bond ETF,Z,Cboe BZX,Y,N,
IBMW,iShares iBonds Dec 2034 Term Muni Bond ETF,Z,Cboe BZX,Y,N,
IBMX,iShares iBonds Dec 2035 Term Muni Bond ETF,Z,Cboe BZX,Y,N,
IBN,ICICI Bank Limited Common Stock,N,NYSE,N,N,
IBND,State Street SPDR Bloomberg International Corporate Bond ETF,P,NYSE Arca,Y,N,
IBO,"Impact BioMedical, Inc. Common Stock",A,NYSE American,N,N,
IBOC,International Bancshares Corporation - Common Stock,Q,Nasdaq,N,N,N
IBOT,VanEck Robotics ETF,Q,Nasdaq,Y,N,N
IBP,"Installed Building Products, Inc. Common Stock",N,NYSE,N,N,
IBRN,iShares Neuroscience and Healthcare ETF,P,NYSE Arca,Y,N,
IBRX,"ImmunityBio, Inc. - Common Stock",Q,Nasdaq,N,N,N
IBTA,"Ibotta, Inc. Class A Common Stock",N,NYSE,N,N,
IBTG,iShares iBonds Dec 2026 Term Treasury ETF,Q,Nasdaq,Y,N,N
IBTH,iShares iBonds Dec 2027 Term Treasury ETF,Q,Nasdaq,Y,N,N
IBTI,iShares iBonds Dec 2028 Term Treasury ETF,Q,Nasdaq,Y,N,N
IBTJ,iShares iBonds Dec 2029 Term Treasury ETF,Q,Nasdaq,Y,N,N
IBTK,iShares iBonds Dec 2030 Term Treasury ETF,Q,Nasdaq,Y,N,N
IBTL,iShares iBonds Dec 2031 Term Treasury ETF,Q,Nasdaq,Y,N,N
IBTM,iShares iBonds Dec 2032 Term Treasury ETF,Q,Nasdaq,Y,N,N
IBTO,iShares iBonds Dec 2033 Term Treasury ETF,Q,Nasdaq,Y,N,N
IBTP,iShares iBonds Dec 2034 Term Treasury ETF,Q,Nasdaq,Y,N,N
IBTQ,iShares iBonds Dec 2035 Term Treasury ETF,Q,Nasdaq,Y,N,N
IBTR,iShares iBonds Dec 2036 Term Treasury ETF,Q,Nasdaq,Y,N,N
IBUF,Innovator International Developed 10 Buffer ETF - Quarterly,P,NYSE Arca,Y,N,
IBUY,Amplify Online Retail ETF,P,NYSE Arca,Y,N,
IBX,Tradr 2X Long IBM Daily ETF,Z,Cboe BZX,Y,N,
ICAP,Infrastructure Capital Equity Income ETF,P,NYSE Arca,Y,N,
ICCC,ImmuCell Corporation - Common Stock,Q,Nasdaq,N,N,N
ICCM,IceCure Medical Ltd. - Ordinary Shares,Q,Nasdaq,N,N,N
ICE,Intercontinental Exchange Inc. Common Stock,N,NYSE,N,N,
ICF,iShares Select U.S. REIT ETF,Z,Cboe BZX,Y,N,
ICFI,"ICF International, Inc. - Common Stock",Q,Nasdaq,N,N,N
ICG,Intchains Group Limited - American Depositary Shares,Q,Nasdaq,N,N,N
ICHR,Ichor Holdings - Ordinary Shares,Q,Nasdaq,N,N,N
ICL,ICL Group Ltd. Ordinary Shares,N,NYSE,N,N,
ICLN,iShares Global Clean Energy ETF,Q,Nasdaq,Y,N,N
ICLO,Invesco AAA CLO Floating Rate Note ETF,Z,Cboe BZX,Y,N,
ICLR,ICON plc - Ordinary Shares,Q,Nasdaq,N,N,N
ICMB,"Investcorp Credit Management BDC, Inc. - Common Stock",Q,Nasdaq,N,N,N
ICOI,Bitwise COIN Option Income Strategy ETF,P,NYSE Arca,Y,N,
ICON,Icon Energy Corp. - Common stock,Q,Nasdaq,N,N,N
ICOP,iShares Copper and Metals Mining ETF,Q,Nasdaq,Y,N,N
ICOW,Pacer Developed Markets International Cash Cows 100 ETF,Z,Cboe BZX,Y,N,
ICPI,iShares 0-1 Year TIPS Bond ETF,P,NYSE Arca,Y,N,
ICPY,"Tweedy, Browne International Insider + Value ETF",P,NYSE Arca,Y,N,
ICR$A,"InPoint Commercial Real Estate Income, Inc. 6.75% Series A Cumulative Redeemable Preferred Stock",N,NYSE,N,N,
ICRC,Bitwise CRCL Option Income Strategy ETF,P,NYSE Arca,Y,N,
ICSH,iShares Ultra Short Duration Bond Active ETF,Z,Cboe BZX,Y,N,
ICU,SeaStar Medical Holding Corporation - Common Stock,Q,Nasdaq,N,N,N
ICUCW,SeaStar Medical Holding Corporation - Warrant,Q,Nasdaq,N,N,N
ICUI,"ICU Medical, Inc. - Common Stock",Q,Nasdaq,N,N,N
ICVT,iShares Convertible Bond ETF,Z,Cboe BZX,Y,N,
IDA,"IDACORP, Inc. Common Stock",N,NYSE,N,N,
IDAC,Iron Dome Acquisition I Corp. - Class A Ordinary Shares,Q,Nasdaq,N,N,N
IDACU,Iron Dome Acquisition I Corp. - Units,Q,Nasdaq,N,N,N
IDACW,Iron Dome Acquisition I Corp. - Warrant,Q,Nasdaq,N,N,N
IDAI,T Stamp Inc. - Class A Common Stock,Q,Nasdaq,N,N,N
IDCC,"InterDigital, Inc. - Common Stock",Q,Nasdaq,N,N,N
IDE,"Voya Infrastructure, Industrials and Materials Fund Common Shares of Beneficial Interest",N,NYSE,N,N,
IDEC,Innovator International Developed Power Buffer ETF  December,P,NYSE Arca,Y,N,
IDEF,iShares Defense Industrials Active ETF,Q,Nasdaq,Y,N,N
IDEQ,Lazard International Dynamic Equity ETF,P,NYSE Arca,Y,N,
IDEV,iShares Core MSCI International Developed Markets ETF,P,NYSE Arca,Y,N,
IDGT,iShares U.S. Digital Infrastructure and Real Estate ETF,P,NYSE Arca,Y,N,
IDHQ,Invesco S&P International Developed Quality ETF,P,NYSE Arca,Y,N,
IDJL,Corgi International Developed Equities 15% Structured Buffer ETF - July Series,Z,Cboe BZX,Y,N,
IDJN,Corgi International Developed Equities 15% Structured Buffer ETF - June Series,Z,Cboe BZX,Y,N,
IDLV,Invesco S&P International Developed Low Volatility ETF,P,NYSE Arca,Y,N,
IDMO,Invesco S&P International Developed Momentum ETF,P,NYSE Arca,Y,N,
IDMY,Corgi International Developed Equities 15% Structured Buffer ETF - May Series,Z,Cboe BZX,Y,N,
IDN,"Intellicheck, Inc. - Common Stock",Q,Nasdaq,N,N,N
IDNA,iShares Genomics Immunology and Healthcare ETF,P,NYSE Arca,Y,N,
IDOG,ALPS International Sector Dividend Dogs ETF,P,NYSE Arca,Y,N,
IDR,"Idaho Strategic Resources, Inc. Common Stock",A,NYSE American,N,N,
IDRV,iShares Self-Driving EV and Tech ETF,P,NYSE Arca,Y,N,
IDT,IDT Corporation Class B Common Stock,N,NYSE,N,N,
IDU,iShares U.S. Utilities ETF,P,NYSE Arca,Y,N,
IDUB,Aptus International Enhanced Yield ETF,Z,Cboe BZX,Y,N,
IDV,iShares International Select Dividend ETF,Z,Cboe BZX,Y,N,
IDVO,Amplify CWP International Enhanced Dividend Income ETF,P,NYSE Arca,Y,N,
IDVY,First Trust International Rising Dividend Achievers ETF,Q,Nasdaq,Y,N,N
IDVZ,Polen International Dividend Income Fund,Z,Cboe BZX,Y,N,
IDX,VanEck Indonesia Index ETF,P,NYSE Arca,Y,N,
IDXX,"IDEXX Laboratories, Inc. - Common Stock",Q,Nasdaq,N,N,N
IDYA,"IDEAYA Biosciences, Inc. - Common Stock",Q,Nasdaq,N,N,N
IDYN,iShares International Equity Factor Rotation Active ETF,P,NYSE Arca,Y,N,
IE,Ivanhoe Electric Inc. Common Stock,A,NYSE American,N,N,
IEAG,Infinite Eagle Acquisition Corp. - Class A Ordinary Shares,Q,Nasdaq,N,N,N
IEAGR,Infinite Eagle Acquisition Corp. - Rights,Q,Nasdaq,N,N,N
IEAGU,Infinite Eagle Acquisition Corp. - Unit,Q,Nasdaq,N,N,N
IEDI,iShares U.S. Consumer Focused ETF,Z,Cboe BZX,Y,N,
IEF,iShares 7-10 Year Treasury Bond ETF,Q,Nasdaq,Y,N,N
IEFA,iShares Core MSCI EAFE ETF,Z,Cboe BZX,Y,N,
IEI,iShares 3-7 Year Treasury Bond ETF,Q,Nasdaq,Y,N,N
IEMG,iShares Core MSCI Emerging Markets ETF,P,NYSE Arca,Y,N,
IEO,iShares U.S. Oil & Gas Exploration & Production ETF,Z,Cboe BZX,Y,N,
IEP,Icahn Enterprises L.P. - Depositary Units representing Limited Partner Interests,Q,Nasdaq,N,N,N
IESC,"IES Holdings, Inc. - Common Stock",Q,Nasdaq,N,N,N
IETC,iShares U.S. Tech Independence Focused ETF,Z,Cboe BZX,Y,N,
IETH,Bitwise Ethereum Option Income Strategy ETF,P,NYSE Arca,Y,N,
IEUR,iShares Core MSCI Europe ETF,P,NYSE Arca,Y,N,
IEUS,iShares MSCI Europe Small-Cap ETF,Q,Nasdaq,Y,N,N
IEV,iShares Europe ETF,P,NYSE Arca,Y,N,
IEX,IDEX Corporation Common Stock,N,NYSE,N,N,
IEZ,iShares U.S. Oil Equipment & Services ETF,P,NYSE Arca,Y,N,
IFBD,"Infobird Co., Ltd - Ordinary Shares",Q,Nasdaq,N,N,N
IFEB,Innovator International Developed Power Buffer ETF  February,P,NYSE Arca,Y,N,
IFED,ETRACS IFED Invest with the Fed TR Index ETN,P,NYSE Arca,Y,N,
IFF,"International Flavors & Fragrances, Inc. Common Stock",N,NYSE,N,N,
IFGL,iShares International Developed Real Estate ETF,Q,Nasdaq,Y,N,N
IFLN,Invesco Bloomberg Enhanced Fallen Angels ETF,P,NYSE Arca,Y,N,
IFLO,VictoryShares International Free Cash Flow ETF,Q,Nasdaq,Y,N,N
IFLR,Innovator International Developed Managed Floor ETF,P,NYSE Arca,Y,N,
IFN,"Aberdeen India Fund, Inc. Common Stock",N,NYSE,N,N,
IFRA,iShares U.S. Infrastructure ETF,Z,Cboe BZX,Y,N,
IFRX,InflaRx N.V. - Common Stock,Q,Nasdaq,N,N,N
IFS,Intercorp Financial Services Inc. Common Shares,N,NYSE,N,N,
IFV,First Trust Dorsey Wright International Focus 5 ETF,Q,Nasdaq,Y,N,N
IG,Principal Investment Grade Corporate Active ETF,Z,Cboe BZX,Y,N,
IGA,Voya Global Advantage and Premium Opportunity Fund Common Shares of Beneficial Interest,N,NYSE,N,N,
IGAC,Invest Green Acquisition Corporation - Class A Ordinary Shares,Q,Nasdaq,N,N,N
IGACR,Invest Green Acquisition Corporation - Rights,Q,Nasdaq,N,N,N
IGACU,Invest Green Acquisition Corporation - Units,Q,Nasdaq,N,N,N
IGBH,iShares Interest Rate Hedged Long-Term Corporate Bond ETF,P,NYSE Arca,Y,N,
IGC,"IGC Pharma, Inc. Common Stock",A,NYSE American,N,N,
IGCB,TCW Corporate Bond ETF,N,NYSE,Y,N,
IGD,Voya Global Equity Dividend and Premium Opportunity Fund,N,NYSE,N,N,
IGE,iShares North American Natural Resources ETF,Z,Cboe BZX,Y,N,
IGEB,iShares Investment Grade Systematic Bond ETF,Z,Cboe BZX,Y,N,
IGF,iShares Global Infrastructure ETF,Q,Nasdaq,Y,N,N
IGGY,AB International Growth ETF,P,NYSE Arca,Y,N,
IGHG,ProShares Investment Grade-Interest Rate Hedged,Z,Cboe BZX,Y,N,
IGI,Western Asset Investment Grade Opportunity Trust Inc. Common Stock,N,NYSE,N,N,
IGIB,iShares 5-10 Year Investment Grade Corporate Bond ETF,Q,Nasdaq,Y,N,N
IGIC,International General Insurance Holdings Ltd. - Ordinary Shares,Q,Nasdaq,N,N,N
IGLB,iShares 10  Year Investment Grade Corporate Bond ETF,P,NYSE Arca,Y,N,
IGLD,FT Vest Gold Strategy Target Income ETF,Z,Cboe BZX,Y,N,
IGM,iShares Expanded Tech Sector ETF,P,NYSE Arca,Y,N,
IGME,Bitwise GME Option Income Strategy ETF,P,NYSE Arca,Y,N,
IGOV,iShares International Treasury Bond ETF,Q,Nasdaq,Y,N,N
IGPT,Invesco AI and Next Gen Software ETF,P,NYSE Arca,Y,N,
IGR,CBRE Global Real Estate Income Fund Common Shares of Beneficial Interest,N,NYSE,N,N,
IGRO,iShares International Dividend Growth ETF,Z,Cboe BZX,Y,N,
IGSB,iShares 1-5 Year Investment Grade Corporate Bond ETF,Q,Nasdaq,Y,N,N
IGV,iShares Expanded Tech-Software Sector ETF,Z,Cboe BZX,Y,N,
IGZ,IGZ (Listing Market NYSE Arca Network B F) Common Stock,P,NYSE Arca,N,Y,
IH,"iHuman Inc. American depositary shares, each representing five Class A ordinary shares",N,NYSE,N,N,
IHAK,iShares Cybersecurity and Tech ETF,P,NYSE Arca,Y,N,
IHD,Voya Emerging Markets High Income Dividend Equity Fund Common Shares,N,NYSE,N,N,
IHDG,WisdomTree International Hedged Quality Dividend Growth Fund,P,NYSE Arca,Y,N,
IHE,iShares U.S. Pharmaceutical ETF,P,NYSE Arca,Y,N,
IHF,iShares U.S. Health Care Providers ETF,P,NYSE Arca,Y,N,
IHG,Intercontinental Hotels Group American Depositary Shares (Each representing one Ordinary Share),N,NYSE,N,N,
IHI,iShares U.S. Medical Devices ETF,P,NYSE Arca,Y,N,
IHRT,"iHeartMedia, Inc. - Class A Common Stock",Q,Nasdaq,N,N,N
IHS,IHS Holding Limited Ordinary Shares,N,NYSE,N,N,
IHT,InnSuites Hospitality Trust Shares of Beneficial Interest,A,NYSE American,N,N,
IHY,VanEck International High Yield Bond ETF,P,NYSE Arca,Y,N,
IIF,"Morgan Stanley India Investment Fund, Inc. Common Stock",N,NYSE,N,N,
IIGD,Invesco Investment Grade Defensive ETF,P,NYSE Arca,Y,N,
III,"Information Services Group, Inc. - Common Stock",Q,Nasdaq,N,N,N
IIIN,"Insteel Industries, Inc. Common Stock",N,NYSE,N,N,
IIIV,"i3 Verticals, Inc. - Common Stock",Q,Nasdaq,N,N,N
IIM,Invesco Value Municipal Income Trust Common Stock,N,NYSE,N,N,
IINC,Alki Consolidated Income ETF,P,NYSE Arca,Y,N,
IIPR,"Innovative Industrial Properties, Inc. Common Stock",N,NYSE,N,N,
IIPR$A,"Innovative Industrial Properties, Inc. 9.00% Series A Cumulative Redeemable Preferred Stock",N,NYSE,N,N,
IJAN,Innovator International Developed Power Buffer ETF January,P,NYSE Arca,Y,N,
IJH,iShares Core S&P Mid-Cap ETF,P,NYSE Arca,Y,N,
IJJ,iShares S&P Mid-Cap 400 Value ETF,P,NYSE Arca,Y,N,
IJK,iShares S&P Mid-Cap 400 Growth ETF,P,NYSE Arca,Y,N,
IJR,iShares Core S&P Small-Cap ETF,P,NYSE Arca,Y,N,
IJS,iShares S&P SmallCap 600 Value ETF,P,NYSE Arca,Y,N,
IJT,iShares S&P SmallCap 600 Growth ETF,Q,Nasdaq,Y,N,N
IJUL,Innovator International Developed Power Buffer ETF  July,P,NYSE Arca,Y,N,
IJUN,Innovator International Developed Power Buffer ETF June,P,NYSE Arca,Y,N,
IKT,"Inhibikase Therapeutics, Inc. - Common Stock",Q,Nasdaq,N,N,N
ILAG,Intelligent Living Application Group Inc. - Ordinary Shares,Q,Nasdaq,N,N,N
ILCB,iShares Morningstar Large-Cap ETF,P,NYSE Arca,Y,N,
ILCG,iShares Morningstar Large-Cap Growth ETF,P,NYSE Arca,Y,N,
ILCV,iShares Morningstar Large-Cap  Value ETF,P,NYSE Arca,Y,N,
ILDR,First Trust Innovation Leaders ETF,P,NYSE Arca,Y,N,
ILF,iShares Latin America 40 ETF,P,NYSE Arca,Y,N,
ILIT,iShares Lithium Miners and Producers ETF,Q,Nasdaq,Y,N,N
ILLR,Triller Group Inc. - Common Stock,Q,Nasdaq,N,N,D
ILLRW,Triller Group Inc. - Warrant,Q,Nasdaq,N,N,N
ILLU,Illumination Acquisition Corp I - Class A Ordinary Shares,Q,Nasdaq,N,N,N
ILLUU,Illumination Acquisition Corp I - Units,Q,Nasdaq,N,N,N
ILLUW,Illumination Acquisition Corp I - Warrant,Q,Nasdaq,N,N,N
ILMN,"Illumina, Inc. - Common Stock",Q,Nasdaq,N,N,N
ILOW,AB International Low Volatility Equity ETF,P,NYSE Arca,Y,N,
ILPT,Industrial Logistics Properties Trust - Common Shares of Beneficial Interest,Q,Nasdaq,N,N,N
ILS,Brookmont Catastrophic Bond ETF,P,NYSE Arca,Y,N,
ILTB,iShares Core 10  Year USD Bond ETF,P,NYSE Arca,Y,N,
IMA,"ImageneBio, Inc. - Common Stock",Q,Nasdaq,N,N,N
IMAR,Innovator International Developed Power Buffer ETF  March,P,NYSE Arca,Y,N,
IMAX,Imax Corporation Common Stock,N,NYSE,N,N,
IMAY,Innovator International Developed Power Buffer ETF - May,P,NYSE Arca,Y,N,
IMCB,iShares Morningstar Mid-Cap ETF,P,NYSE Arca,Y,N,
IMCC,IM Cannabis Corp. - Common Shares,Q,Nasdaq,N,N,D
IMCG,iShares Morningstar Mid-Cap Growth ETF,P,NYSE Arca,Y,N,
IMCR,Immunocore Holdings plc - American Depositary Shares,Q,Nasdaq,N,N,N
IMCV,iShares Morningstar Mid-Cap Value ETF,Q,Nasdaq,Y,N,N
IMDX,Insight Molecular Diagnostics Inc. - Common Stock,Q,Nasdaq,N,N,N
IMF,Invesco Managed Futures Strategy ETF,Z,Cboe BZX,Y,N,
IMFL,Invesco International Developed Dynamic Multifactor ETF,Z,Cboe BZX,Y,N,
IMKTA,"Ingles Markets, Incorporated - Class A Common Stock",Q,Nasdaq,N,N,N
IMMP,Immutep Limited - American Depositary Shares,Q,Nasdaq,N,N,D
IMMR,Immersion Corporation - Common Stock,Q,Nasdaq,N,N,N
IMMX,"Immix Biopharma, Inc. - Common Stock",Q,Nasdaq,N,N,N
IMNM,"Immunome, Inc. - Common Stock",Q,Nasdaq,N,N,N
IMNN,"Imunon, Inc. - Common Stock",Q,Nasdaq,N,N,N
IMO,Imperial Oil Limited Common Stock,A,NYSE American,N,N,
IMOM,Alpha Architect International Quantitative Momentum ETF,Q,Nasdaq,Y,N,N
IMOS,ChipMOS TECHNOLOGIES INC. - American Depositary Shares,Q,Nasdaq,N,N,N
IMPP,Imperial Petroleum Inc. - Common Shares,Q,Nasdaq,N,N,N
IMPPP,Imperial Petroleum Inc. - 8.75% Series A Cumulative Redeemable Perpetual Preferred Shares,Q,Nasdaq,N,N,N
IMRA,Bitwise MARA Option Income Strategy ETF,P,NYSE Arca,Y,N,
IMRN,Immuron Limited - American Depositary Shares,Q,Nasdaq,N,N,N
IMRX,Immuneering Corporation - Class A Common Stock,Q,Nasdaq,N,N,N
IMSR,Terrestrial Energy Inc. - Common Stock,Q,Nasdaq,N,N,N
IMSRW,Terrestrial Energy Inc. - Warrant,Q,Nasdaq,N,N,N
IMST,Bitwise MSTR Option Income Strategy ETF,P,NYSE Arca,Y,N,
IMTB,iShares Core 5-10 Year USD Bond ETF,P,NYSE Arca,Y,N,
IMTE,Integrated Media Technology Limited - Ordinary Shares,Q,Nasdaq,N,N,D
IMTG,Invesco Agency MBS ETF,Z,Cboe BZX,Y,N,
IMTM,iShares MSCI Intl Momentum Factor ETF,P,NYSE Arca,Y,N,
IMTX,Immatics N.V. - Ordinary Shares,Q,Nasdaq,N,N,N
IMUX,"Immunic, Inc.  - Common Stock",Q,Nasdaq,N,N,N
IMVP,Invesco India ETF,P,NYSE Arca,Y,N,
IMVT,"Immunovant, Inc.  - Common Stock",Q,Nasdaq,N,N,N
IMXI,"International Money Express, Inc. - Common Stock",Q,Nasdaq,N,N,N
INAB,"IN8bio, Inc. - Common Stock",Q,Nasdaq,N,N,N
INAC,Indigo Acquisition Corp. - Ordinary Shares,Q,Nasdaq,N,N,N
INACR,Indigo Acquisition Corp. - Right,Q,Nasdaq,N,N,N
INACU,Indigo Acquisition Corp. - Unit,Q,Nasdaq,N,N,N
INBK,First Internet Bancorp - Common Stock,Q,Nasdaq,N,N,N
INBKZ,First Internet Bancorp - Fixed-to-Floating Rate Subordinated Notes Due 2029,Q,Nasdaq,N,N,N
INBS,Intelligent Bio Solutions Inc.  - Common Stock,Q,Nasdaq,N,N,N
INBX,"Inhibrx Biosciences, Inc. - Common Stock",Q,Nasdaq,N,N,N
INCE,Franklin Income Equity Focus ETF,P,NYSE Arca,Y,N,
INCM,Franklin Income Focus ETF,P,NYSE Arca,Y,N,
INCO,Columbia India Consumer ETF,P,NYSE Arca,Y,N,
INCR,Intercure Ltd. - ordinary shares,Q,Nasdaq,N,N,D
INCY,Incyte Corporation - Common Stock,Q,Nasdaq,N,N,N
IND,Xtrackers Nifty 500 India ETF,Q,Nasdaq,Y,N,N
INDA,iShares MSCI India ETF,Z,Cboe BZX,Y,N,
INDB,Independent Bank Corp. - Common Stock,Q,Nasdaq,N,N,N
INDE,Matthews India Active ETF,P,NYSE Arca,Y,N,
INDH,WisdomTree India Hedged Equity Fund,Q,Nasdaq,Y,N,N
INDI,"indie Semiconductor, Inc. - Class A Common Stock",Q,Nasdaq,N,N,N
INDL,Direxion Daily MSCI India Bull 2X ETF,P,NYSE Arca,Y,N,
INDO,Indonesia Energy Corporation Limited Ordinary Shares,A,NYSE American,N,N,
INDP,"Indaptus Therapeutics, Inc. - Common Stock",Q,Nasdaq,N,N,N
INDQ,Pacer ActiveAlpha India Quality ETF,Q,Nasdaq,Y,N,N
INDS,Pacer Industrial Real Estate ETF,P,NYSE Arca,Y,N,
INDV,"Indivior Pharmaceuticals, Inc.  - Common Stock",Q,Nasdaq,N,N,N
INDY,iShares India 50 ETF,Q,Nasdaq,Y,N,N
INDZ,VanEck India Select ETF,P,NYSE Arca,Y,N,
INEO,INNEOVA Holdings Limited - Class A Ordinary Shares,Q,Nasdaq,N,N,D
INEQ,Columbia International Equity Income ETF,P,NYSE Arca,Y,N,
INFH,Defiance Daily Target 2X Long INFQ ETF,Z,Cboe BZX,Y,N,
INFL,Horizon Kinetics Inflation Beneficiaries ETF,P,NYSE Arca,Y,N,
INFO,Harbor PanAgora Dynamic Large Cap Core ETF,N,NYSE,Y,N,
INFQ,"Infleqtion, Inc. Common Stock",N,NYSE,N,N,
INFQ.W,"Infleqtion, Inc. Warrants, each whole warrant exercisable for one share of Common Stock at an exercise price of $11.50 per share",N,NYSE,N,N,
INFU,"InfuSystems Holdings, Inc. Common Stock",A,NYSE American,N,N,
INFY,Infosys Limited American Depositary Shares,N,NYSE,N,N,
ING,"ING Group, N.V. Common Stock",N,NYSE,N,N,
INGM,Ingram Micro Holding Corporation Common Stock,N,NYSE,N,N,
INGN,"Inogen, Inc - Common Stock",Q,Nasdaq,N,N,N
INGR,Ingredion Incorporated Common Stock,N,NYSE,N,N,
INHD,Inno Holdings Inc. - Common Stock,Q,Nasdaq,N,N,N
INIO,INNIO N.V. - Ordinary Shares,Q,Nasdaq,N,N,N
INKM,State Street Income Allocation ETF,P,NYSE Arca,Y,N,
INKT,"MiNK Therapeutics, Inc. - Common Stock",Q,Nasdaq,N,N,N
INLF,INLIF LIMITED - Class A Ordinary shares,Q,Nasdaq,N,N,N
INLX,"Intellinetics, Inc. Common Stock",A,NYSE American,N,N,
INM,InMed Pharmaceuticals Inc. - Common Shares,Q,Nasdaq,N,N,N
INMB,INmune Bio Inc. - Common stock,Q,Nasdaq,N,N,N
INMD,InMode Ltd.  - Ordinary Shares,Q,Nasdaq,N,N,N
INMU,iShares Intermediate Muni Income Active ETF,P,NYSE Arca,Y,N,
INN,"Summit Hotel Properties, Inc. Common Stock",N,NYSE,N,N,
INN$E,"Summit Hotel Properties, Inc. 6.250% Series E Cumulative Redeemable Preferred Stock",N,NYSE,N,N,
INN$F,"Summit Hotel Properties, Inc. 5.875% Series F Cumulative Redeemable Preferred Stock, $0.01 par value per share",N,NYSE,N,N,
INNV,InnovAge Holding Corp. - Common Stock,Q,Nasdaq,N,N,N
INO,"Inovio Pharmaceuticals, Inc. - Common Stock",Q,Nasdaq,N,N,N
INOD,Innodata Inc. - Common Stock,Q,Nasdaq,N,N,N
INOV,Innovator International Developed Power Buffer ETF  November,P,NYSE Arca,Y,N,
INQQ,INQQ The India Internet ETF,P,NYSE Arca,Y,N,
INR,"Infinity Natural Resources, Inc. Class A Common Stock",N,NYSE,N,N,
INRO,iShares U.S. Industry Rotation Active ETF,Q,Nasdaq,Y,N,N
INSE,"Inspired Entertainment, Inc. - Common Stock",Q,Nasdaq,N,N,N
INSG,Inseego Corp. - Common Stock,Q,Nasdaq,N,N,N
INSM,Insmed Incorporated - Common Stock,Q,Nasdaq,N,N,N
INSP,"Inspire Medical Systems, Inc. Common Stock",N,NYSE,N,N,
INSW,"International Seaways, Inc. Common Stock ",N,NYSE,N,N,
INT,Corgi INTC 2x Daily ETF,Z,Cboe BZX,Y,N,
INTA,"Intapp, Inc. - Common Stock",Q,Nasdaq,N,N,N
INTC,Intel Corporation - Common Stock,Q,Nasdaq,N,N,N
INTF,iShares International Equity Factor ETF,P,NYSE Arca,Y,N,
INTG,The Intergroup Corporation - Common Stock,Q,Nasdaq,N,N,N
INTJ,Intelligent Group Limited - Class A Ordinary Shares,Q,Nasdaq,N,N,N
INTL,Main International ETF,Z,Cboe BZX,Y,N,
INTM,Invesco Intermediate Municipal ETF,Z,Cboe BZX,Y,N,
INTR,Inter & Co. Inc. - Class A Common Shares,Q,Nasdaq,N,N,N
INTS,"Intensity Therapeutics, Inc. - Common Stock",Q,Nasdaq,N,N,N
INTT,inTest Corporation Common Stock,A,NYSE American,N,N,
INTU,Intuit Inc. - Common Stock,Q,Nasdaq,N,N,N
INTW,GraniteShares 2x Long INTC Daily ETF,Q,Nasdaq,Y,N,N
INTZ,Intrusion Inc. - Common Stock,Q,Nasdaq,N,N,D
INUV,"Inuvo, Inc.",A,NYSE American,N,N,
INV,"Innventure, Inc. - Common Stock",Q,Nasdaq,N,N,N
INVA,"Innoviva, Inc. - Common Stock",Q,Nasdaq,N,N,N
INVE,"Identiv, Inc. - Common Stock",Q,Nasdaq,N,N,N
INVG,GMO Systematic Investment Grade Credit ETF,P,NYSE Arca,Y,N,
INVH,Invitation Homes Inc. Common Stock,N,NYSE,N,N,
INVN,Alger Russell Innovation ETF,P,NYSE Arca,Y,N,
INVX,"Innovex International, Inc. Common Stock",N,NYSE,N,N,
INVZ,Innoviz Technologies Ltd. - Ordinary shares,Q,Nasdaq,N,N,D
INYY,YieldMax INTC Option Income Strategy ETF,P,NYSE Arca,Y,N,
IOCT,Innovator International Developed Power Buffer ETF - October,P,NYSE Arca,Y,N,
ION,ProShares S&P Global Core Battery Metals ETF,P,NYSE Arca,Y,N,
IONC,Corgi IONQ 2x Daily ETF,Z,Cboe BZX,Y,N,
IONL,GraniteShares 2x Long IONQ Daily ETF,Q,Nasdaq,Y,N,N
IONQ,"IonQ, Inc. Common Stock",N,NYSE,N,N,
IONQ.W,"IonQ, Inc. Redeemable warrants, each whole warrant exercisable for one share of Common Stock, each at an exercise price of $11.50 per share",N,NYSE,N,N,
IONR,ioneer Ltd - American Depositary Shares,Q,Nasdaq,N,N,N
IONS,"Ionis Pharmaceuticals, Inc. - Common Stock",Q,Nasdaq,N,N,N
IONX,Defiance Daily Target 2X Long IONQ ETF,Q,Nasdaq,Y,N,N
IONZ,Defiance Daily Target 2x Short IONQ ETF,Q,Nasdaq,Y,N,N
IOO,iShares Global 100 ETF,P,NYSE Arca,Y,N,
IOPP,Simplify Tara India Opportunities ETF,P,NYSE Arca,Y,N,
IOR,"Income Opportunity Realty Investors, Inc. Common Stock",A,NYSE American,N,N,
IOSP,Innospec Inc. - Common Stock,Q,Nasdaq,N,N,N
IOSX,Corgi AAPL 2x Daily ETF,Z,Cboe BZX,Y,N,
IOT,Samsara Inc. Class A Common Stock,N,NYSE,N,N,
IOTR,iOThree Limited - Ordinary Shares,Q,Nasdaq,N,N,N
IOVA,"Iovance Biotherapeutics, Inc. - Common Stock",Q,Nasdaq,N,N,N
IOYY,GraniteShares YieldBOOST IONQ ETF,Q,Nasdaq,Y,N,N
IP,International Paper Company Common Stock,N,NYSE,N,N,
IPAC,iShares Core MSCI Pacific ETF,P,NYSE Arca,Y,N,
IPAR,"Interparfums, Inc. - Common Stock",Q,Nasdaq,N,N,N
IPAV,Global X Infrastructure Development ex-U.S. ETF,Z,Cboe BZX,Y,N,
IPAY,Amplify Digital Payments ETF,P,NYSE Arca,Y,N,
IPB,"Merrill Lynch & Co., Inc. 6.0518% Index Plus Trust Certificates Series 2003-1",N,NYSE,Y,N,
IPCX,Inflection Point Acquisition Corp. III - Class A ordinary shares,Q,Nasdaq,N,N,N
IPCXR,Inflection Point Acquisition Corp. III - Rights,Q,Nasdaq,N,N,N
IPCXU,Inflection Point Acquisition Corp. III - Units,Q,Nasdaq,N,N,N
IPDN,"Professional Diversity Network, Inc. - Common Stock",Q,Nasdaq,N,N,D
IPEX,Inflection Point Acquisition Corp. - Class A Ordinary Shares,Q,Nasdaq,N,N,N
IPEXR,Inflection Point Acquisition Corp. - Right,Q,Nasdaq,N,N,N
IPEXU,Inflection Point Acquisition Corp. - Unit,Q,Nasdaq,N,N,N
IPFX,Inflection Point Acquisition Corp. VI - Class A Ordinary Shares,Q,Nasdaq,N,N,N
IPFXU,Inflection Point Acquisition Corp. VI - Units,Q,Nasdaq,N,N,N
IPFXW,Inflection Point Acquisition Corp. VI - Warrant,Q,Nasdaq,N,N,N
IPGP,IPG Photonics Corporation - Common Stock,Q,Nasdaq,N,N,N
IPHA,Innate Pharma S.A. - American Depositary Shares,Q,Nasdaq,N,N,N
IPI,"Intrepid Potash, Inc Common Stock",N,NYSE,N,N,
IPKW,Invesco International BuyBack Achievers ETF,Q,Nasdaq,Y,N,N
IPM,Intelligent Protection Management Corp.  - Common Stock,Q,Nasdaq,N,N,N
IPO,Renaissance IPO ETF,P,NYSE Arca,Y,N,
IPOS,Renaissance Capital Greenwich Fund,P,NYSE Arca,Y,N,
IPSC,"Century Therapeutics, Inc. - Common Stock",Q,Nasdaq,N,N,N
IPST,"IP Strategy Holdings, Inc. - Common Stock",Q,Nasdaq,N,N,N
IPVVU,"InterPrivate Investment Partners V, Inc. - Units",Q,Nasdaq,N,N,N
IPW,iPower Inc. - Common Stock,Q,Nasdaq,N,N,N
IPWR,Ideal Power Inc. - Common Stock,Q,Nasdaq,N,N,N
IPX,IperionX Limited - American Depositary Share,Q,Nasdaq,N,N,N
IQ,"iQIYI, Inc. - American Depositary Shares",Q,Nasdaq,N,N,N
IQDF,FlexShares International Quality Dividend Index Fund,P,NYSE Arca,Y,N,
IQDG,WisdomTree International Quality Dividend Growth Fund,Z,Cboe BZX,Y,N,
IQDY,FlexShares International Quality Dividend Dynamic Index Fund,P,NYSE Arca,Y,N,
IQHI,NYLI MacKay High Income ETF,P,NYSE Arca,Y,N,
IQI,Invesco Quality Municipal Income Trust Common Stock,N,NYSE,N,N,
IQLT,iShares MSCI Intl Quality Factor ETF,P,NYSE Arca,Y,N,
IQM,Franklin Intelligent Machines ETF,Z,Cboe BZX,Y,N,
IQMM,ProShares GENIUS Money Market ETF,P,NYSE Arca,Y,N,
IQMX,IQM Quantum Computers Oyj - American Depositary Shares,Q,Nasdaq,N,N,N
IQMXW,IQM Quantum Computers Oyj - Warrants to purchase American Depositary Shares,Q,Nasdaq,N,N,N
IQQ,iShares Nasdaq 100 ETF,Q,Nasdaq,Y,N,N
IQQQ,ProShares Nasdaq-100 High Income ETF,Q,Nasdaq,Y,N,N
IQRA,NYLI CBRE Real Assets ETF,P,NYSE Arca,Y,N,
IQSI,NYLI Candriam International Equity ETF,P,NYSE Arca,Y,N,
IQSM,NYLI Candriam U.S. Mid Cap Equity ETF,P,NYSE Arca,Y,N,
IQST,iQSTEL Inc. - Common Stock,Q,Nasdaq,N,N,N
IQSU,NYLI Candriam U.S. Large Cap Equity ETF,P,NYSE Arca,Y,N,
IQSZ,Invesco Global Equity Net Zero ETF,P,NYSE Arca,Y,N,
IQV,"IQVIA Holdings, Inc. Common Stock",N,NYSE,N,N,
IR,Ingersoll Rand Inc. Common Stock,N,NYSE,N,N,
IRAB,Iris Acquisition Corp II Class A Ordinary Shares,N,NYSE,N,N,
IRAB.U,"Iris Acquisition Corp II Units, each consisting of one Class A Ordinary Share and one-half of one redeemable Warrant",N,NYSE,N,N,
IRAB.W,"Iris Acquisition Corp II Redeemable Warrants, each whole warrant exercisable for one Class A Ordinary Share at an exercise price of $11.50 per share",N,NYSE,N,N,
IRD,"Opus Genetics, Inc. - Common Stock",Q,Nasdaq,N,N,N
IRDM,Iridium Communications Inc - Common Stock,Q,Nasdaq,N,N,N
IRE,Defiance Daily Target 2X Long IREN ETF,P,NYSE Arca,Y,N,
IREC,Corgi IREN 2x Daily ETF,Z,Cboe BZX,Y,N,
IREG,Leverage Shares 2X Long IREN Daily ETF,Q,Nasdaq,Y,N,N
IREN,IREN Limited - Ordinary Shares,Q,Nasdaq,N,N,N
IREX,Tradr 2X Long IREN Daily ETF,Z,Cboe BZX,Y,N,
IREZ,Tradr 2X Short IREN Daily ETF,Z,Cboe BZX,Y,N,
IRHO,Iron Horse Acquisitions II Corp. - Common Stock,Q,Nasdaq,N,N,N
IRHOR,Iron Horse Acquisitions II Corp. - Rights,Q,Nasdaq,N,N,N
IRHOU,Iron Horse Acquisitions II Corp. - Units,Q,Nasdaq,N,N,N
IRIX,IRIDEX Corporation - Common Stock,Q,Nasdaq,N,N,N
IRM,Iron Mountain Incorporated (Delaware)Common Stock REIT,N,NYSE,N,N,
IRMD,iRadimed Corporation - Common Stock,Q,Nasdaq,N,N,N
IROC,Invesco Rochester High Yield Municipal ETF,Z,Cboe BZX,Y,N,
IRON,"Disc Medicine, Inc. - Common Stock",Q,Nasdaq,N,N,N
IRS,IRSA Inversiones Y Representaciones S.A. Global Depositary Shares (Each representing ten shares of Common Stock),N,NYSE,N,N,
IRT,"Independence Realty Trust, Inc. Common Stock",N,NYSE,N,N,
IRTC,"iRhythm Holdings, Inc.  - Common Stock",Q,Nasdaq,N,N,N
IRTR,iShares LifePath Retirement ETF,P,NYSE Arca,Y,N,
IRVH,Global X Interest Rate Volatility & Inflation Hedge ETF,P,NYSE Arca,Y,N,
IRWD,"Ironwood Pharmaceuticals, Inc. - Class A Common Stock",Q,Nasdaq,N,N,N
ISBA,Isabella Bank Corporation - Common stock,Q,Nasdaq,N,N,N
ISBG,IncomeSTKd 1x Bitcoin & 1x Gold Premium ETF,Z,Cboe BZX,Y,N,
ISCB,iShares Morningstar Small-Cap ETF,P,NYSE Arca,Y,N,
ISCF,iShares International Small-Cap Equity Factor ETF,P,NYSE Arca,Y,N,
ISCG,iShares Morningstar Small-Cap Growth ETF,P,NYSE Arca,Y,N,
ISCV,iShares Morningstar Small-Cap Value ETF,P,NYSE Arca,Y,N,
ISD,"PGIM High Yield Bond Fund, Inc.",N,NYSE,N,N,
ISEP,Innovator International Developed Power Buffer ETF  September,P,NYSE Arca,Y,N,
ISHG,iShares 1-3 Year International Treasury Bond ETF,Q,Nasdaq,Y,N,N
ISHP,First Trust S-Network E-Commerce ETF,Q,Nasdaq,Y,N,N
ISMD,Inspire Small/Mid Cap ETF,P,NYSE Arca,Y,N,
ISMF,iShares Managed Futures Active ETF,Z,Cboe BZX,Y,N,
ISNRU,Snow Rothschild Acquisition Corp. - Units,Q,Nasdaq,N,N,N
ISOU,IsoEnergy Ltd. Common Shares,A,NYSE American,N,N,
ISPC,iSpecimen Inc. - Common Stock,Q,Nasdaq,N,N,D
ISPR,Ispire Technology Inc. - Common Stock,Q,Nasdaq,N,N,N
ISPY,ProShares S&P 500 High Income ETF,Z,Cboe BZX,Y,N,
ISRA,VanEck Israel ETF,P,NYSE Arca,Y,N,
ISRG,"Intuitive Surgical, Inc. - Common Stock",Q,Nasdaq,N,N,N
ISSB,IncomeSTKd 1x US Stocks & 1x Bitcoin Premium ETF,Z,Cboe BZX,Y,N,
ISSC,"Innovative Solutions and Support, Inc. - Common Stock",Q,Nasdaq,N,N,N
ISTB,iShares Core 1-5 Year USD Bond ETF,Q,Nasdaq,Y,N,N
ISTM,iShares Strategic Metals ETF,Q,Nasdaq,Y,N,N
ISTR,Investar Holding Corporation - Common Stock,Q,Nasdaq,N,N,N
ISUL,GraniteShares 2x Long ISRG Daily ETF,Q,Nasdaq,Y,N,N
ISVL,iShares International Developed Small Cap Value Factor ETF,Z,Cboe BZX,Y,N,
ISWN,Amplify BlackSwan ISWN ETF,P,NYSE Arca,Y,N,
IT,"Gartner, Inc. Common Stock",N,NYSE,N,N,
ITA,iShares U.S. Aerospace & Defense ETF,Z,Cboe BZX,Y,N,
ITAN,Sparkline Intangible Value ETF,P,NYSE Arca,Y,N,
ITB,iShares U.S. Home Construction ETF,Z,Cboe BZX,Y,N,
ITDB,iShares LifePath Target Date 2030 ETF,P,NYSE Arca,Y,N,
ITDC,iShares LifePath Target Date 2035 ETF,P,NYSE Arca,Y,N,
ITDD,iShares LifePath Target Date 2040 ETF,P,NYSE Arca,Y,N,
ITDE,iShares LifePath Target Date 2045 ETF,P,NYSE Arca,Y,N,
ITDF,iShares LifePath Target Date 2050 ETF,P,NYSE Arca,Y,N,
ITDG,iShares LifePath Target Date 2055 ETF,P,NYSE Arca,Y,N,
ITDH,iShares LifePath Target Date 2060 ETF,P,NYSE Arca,Y,N,
ITDI,iShares LifePath Target Date 2065 ETF,P,NYSE Arca,Y,N,
ITDJ,iShares LifePath Target Date 2070 ETF,P,NYSE Arca,Y,N,
ITEQ,Amplify BlueStar Israel Technology ETF,P,NYSE Arca,Y,N,
ITG,"ITG, Inc. - Class A Common Stock",Q,Nasdaq,N,N,N
ITGR,Integer Holdings Corporation Common Stock,N,NYSE,N,N,
ITHA,ITHAX Acquisition Corp III - Class A Ordinary Shares,Q,Nasdaq,N,N,N
ITHAU,ITHAX Acquisition Corp III - Units,Q,Nasdaq,N,N,N
ITHAW,ITHAX Acquisition Corp III - Warrants,Q,Nasdaq,N,N,N
ITIC,Investors Title Company - Common Stock,Q,Nasdaq,N,N,N
ITM,VanEck Intermediate Muni ETF,Z,Cboe BZX,Y,N,
ITOC,iTonic Holdings Ltd - Class A Ordinary Shares,Q,Nasdaq,N,N,D
ITOT,iShares Core S&P Total U.S. Stock Market ETF,P,NYSE Arca,Y,N,
ITP,"IT Tech Packaging, Inc. Common Stock",A,NYSE American,N,N,
ITRG,Integra Resources Corp. Common Shares,A,NYSE American,N,N,
ITRI,"Itron, Inc. - Common Stock",Q,Nasdaq,N,N,N
ITRN,Ituran Location and Control Ltd. - Ordinary Shares,Q,Nasdaq,N,N,N
ITT,ITT Inc. Common Stock ,N,NYSE,N,N,
ITUB,Itau Unibanco Banco Holding SA American Depositary Shares (Each repstg 500 Preferred shares),N,NYSE,N,N,
ITW,Illinois Tool Works Inc. Common Stock,N,NYSE,N,N,
ITWO,ProShares Russell 2000 High Income ETF,Z,Cboe BZX,Y,N,
IUS,Invesco RAFI Strategic US ETF,Q,Nasdaq,Y,N,N
IUSB,iShares Core Universal USD Bond ETF,Q,Nasdaq,Y,N,N
IUSG,iShares Core S&P U.S. Growth ETF,Q,Nasdaq,Y,N,N
IUSV,iShares Core S&P U.S. Value ETF,Q,Nasdaq,Y,N,N
IVA,Inventiva S.A. - American Depository Shares,Q,Nasdaq,N,N,N
IVAL,Alpha Architect International Quantitative Value ETF,Q,Nasdaq,Y,N,N
IVDA,"Iveda Solutions, Inc. - Common Stock",Q,Nasdaq,N,N,D
IVDAW,"Iveda Solutions, Inc. - Warrant",Q,Nasdaq,N,N,N
IVE,iShares S&P 500 Value ETF,P,NYSE Arca,Y,N,
IVEP,Dan IVES Wedbush AI Power & Infrastructure ETF,P,NYSE Arca,Y,N,
IVES,Dan IVES Wedbush AI Revolution ETF,P,NYSE Arca,Y,N,
IVF,"INVO Fertility, Inc. - Common Stock",Q,Nasdaq,N,N,N
IVLU,iShares MSCI Intl Value Factor ETF,P,NYSE Arca,Y,N,
IVOG,Vanguard S&P Mid-Cap 400 Growth ETF,P,NYSE Arca,Y,N,
IVOL,Quadratic Interest Rate Volatility and Inflation Hedge ETF,P,NYSE Arca,Y,N,
IVOO,Vanguard S&P Mid-Cap 400 ETF,P,NYSE Arca,Y,N,
IVOV,Vanguard S&P Mid-Cap 400 Value ETF,P,NYSE Arca,Y,N,
IVR,INVESCO MORTGAGE CAPITAL INC Common Stock,N,NYSE,N,N,
IVR$C,"INVESCO MORTGAGE CAPITAL INC 7.5% Fixed-to-Floating Series C Cumulative Redeemable Preferred Stock, Liquation Preference $25.00 per Share",N,NYSE,N,N,
IVRS,iShares Future Metaverse Tech and Communications ETF,P,NYSE Arca,Y,N,
IVSI,Applied Finance IVS International Large ETF,Q,Nasdaq,Y,N,N
IVSS,Applied Finance IVS US SMID ETF,Q,Nasdaq,Y,N,N
IVSX,Applied Finance IVS International SMID ETF,Q,Nasdaq,Y,N,N
IVT,InvenTrust Properties Corp. Common Stock,N,NYSE,N,N,
IVV,iShares Core S&P 500 ETF,P,NYSE Arca,Y,N,
IVVB,iShares Large Cap Deep Quarterly Laddered ETF,Z,Cboe BZX,Y,N,
IVVD,"Invivyd, Inc. - Common Stock",Q,Nasdaq,N,N,N
IVVM,iShares Large Cap Moderate Quarterly Laddered ETF,Z,Cboe BZX,Y,N,
IVVW,iShares S&P 500 BuyWrite ETF,Z,Cboe BZX,Y,N,
IVW,iShares S&P 500 Growth ETF,P,NYSE Arca,Y,N,
IVZ,Invesco Ltd Common Stock,N,NYSE,N,N,
IWB,iShares Russell 1000 ETF,P,NYSE Arca,Y,N,
IWC,iShares Microcap ETF,P,NYSE Arca,Y,N,
IWD,iShares Russell 1000 Value ETF,P,NYSE Arca,Y,N,
IWDL,ETRACS 2x Leveraged US Value Factor TR ETN,P,NYSE Arca,Y,N,
IWF,iShares Russell 1000 Growth Fund,P,NYSE Arca,Y,N,
IWFG,NYLI Winslow Focused Large Cap Growth ETF,P,NYSE Arca,Y,N,
IWFL,ETRACS 2x Leveraged US Growth Factor TR ETN,P,NYSE Arca,Y,N,
IWL,iShares Russell Top 200 ETF,P,NYSE Arca,Y,N,
IWLG,NYLI Winslow Large Cap Growth ETF,P,NYSE Arca,Y,N,
IWM,iShares Russell 2000 Index Fund,P,NYSE Arca,Y,N,
IWMI,NEOS Russell 2000 High Income ETF,Z,Cboe BZX,Y,N,
IWML,ETRACS 2x Leveraged US Size Factor TR ETN,P,NYSE Arca,Y,N,
IWMW,iShares Russell 2000 BuyWrite ETF,Z,Cboe BZX,Y,N,
IWMY,Defiance R2000 Weekly Distribution ETF,P,NYSE Arca,Y,N,
IWN,iShares Russell 2000 Value ETF,P,NYSE Arca,Y,N,
IWO,iShares Russell 2000 Growth Fund,P,NYSE Arca,Y,N,
IWP,iShares Russell Midcap Growth ETF,P,NYSE Arca,Y,N,
IWR,iShares Russell Mid-Cap ETF,P,NYSE Arca,Y,N,
IWS,iShares Russell Mid-Cap Value ETF,P,NYSE Arca,Y,N,
IWV,iShares Russell 3000 Fund,P,NYSE Arca,Y,N,
IWX,iShares Russell Top 200 Value ETF,P,NYSE Arca,Y,N,
IWY,iShares Russell Top 200 Growth ETF,P,NYSE Arca,Y,N,
IX,ORIX Corporation American Depositary Shares,N,NYSE,N,N,
IXC,iShares Global Energy ETF,P,NYSE Arca,Y,N,
IXG,iShares Global Financial ETF,P,NYSE Arca,Y,N,
IXHL,Incannex Healthcare Inc. - Common Stock,Q,Nasdaq,N,N,N
IXJ,iShares Global Healthcare ETF,P,NYSE Arca,Y,N,
IXN,iShares Global Tech ETF,P,NYSE Arca,Y,N,
IXP,iShares Global Comm Services ETF,P,NYSE Arca,Y,N,
IXUS,iShares Core MSCI Total International Stock ETF,Q,Nasdaq,Y,N,N
IYC,iShares U.S. Consumer Discretionary ETF,P,NYSE Arca,Y,N,
IYE,iShares U.S. Energy ETF,P,NYSE Arca,Y,N,
IYF,iShares U.S. Financial ETF,P,NYSE Arca,Y,N,
IYG,iShares U.S. Financial Services ETF,P,NYSE Arca,Y,N,
IYH,iShares U.S. Healthcare ETF,P,NYSE Arca,Y,N,
IYJ,iShares U.S. Industrials ETF,Z,Cboe BZX,Y,N,
IYK,iShares U.S. Consumer Staples ETF,P,NYSE Arca,Y,N,
IYLD,iShares Morningstar Multi-Asset Income ETF,Z,Cboe BZX,Y,N,
IYM,iShares U.S. Basic Materials ETF,P,NYSE Arca,Y,N,
IYR,iShares U.S. Real Estate ETF,P,NYSE Arca,Y,N,
IYRI,NEOS Real Estate High Income ETF,Z,Cboe BZX,Y,N,
IYT,iShares U.S. Transportation ETF,Z,Cboe BZX,Y,N,
IYW,iShares U.S. Technology ETF,P,NYSE Arca,Y,N,
IYY,iShares Dow Jones U.S. ETF,P,NYSE Arca,Y,N,
IYZ,iShares U.S. Telecommunications ETF,Z,Cboe BZX,Y,N,
IZEA,"IZEA Worldwide, Inc. - Common Stock",Q,Nasdaq,N,N,N
IZM,ICZOOM Group Inc. - Class A Ordinary Shares,Q,Nasdaq,N,N,D
IZRL,ARK Israel Innovative Technology ETF,Z,Cboe BZX,Y,N,
J,Jacobs Solutions Inc. Common Stock,N,NYSE,N,N,
JA,Janus Henderson AA-A CLO ETF,P,NYSE Arca,Y,N,
JAAA,Janus Henderson AAA CLO ETF,P,NYSE Arca,Y,N,
JABRU,JAB Acquisition Corp I - Units,Q,Nasdaq,N,N,N
JABS,Janus Henderson Asset-Backed Securities ETF,P,NYSE Arca,Y,N,
JACK,Jack In The Box Inc. - Common Stock,Q,Nasdaq,N,N,N
JACS,Jackson Acquisition Company II Class A Ordinary Shares,N,NYSE,N,N,
JACS.R,"Jackson Acquisition Company II Rights, each right to acquire one-tenth (1/10) of one Class A ordinary share",N,NYSE,N,N,
JACS.U,"Jackson Acquisition Company II Units, each consisting of one Class A ordinary share and one right to acquire one-tenth (1/10) of one Class A ordinary share",N,NYSE,N,N,
JADB,Aptus January Deep Buffer ETF,Z,Cboe BZX,Y,N,
JADE,JPMorgan Active Developing Markets Equity ETF,P,NYSE Arca,Y,N,
JAGU,Jaguar Uranium Corp. Class A Common Shares,A,NYSE American,N,N,
JAGX,"Jaguar Health, Inc. - Common Stock",Q,Nasdaq,N,N,N
JAJL,Innovator Equity Defined Protection ETF - 6mo Jan/Jul,Z,Cboe BZX,Y,N,
JAKK,"JAKKS Pacific, Inc. - Common Stock",Q,Nasdaq,N,N,N
JAN,"Janus Living, Inc. Class A-1 Common Stock",N,NYSE,N,N,
JANB,Aptus January Buffer ETF,Z,Cboe BZX,Y,N,
JANH,Innovator Premium Income 20 Barrier ETF - January,Z,Cboe BZX,Y,N,
JANI,AllianzIM International Equity Buffer15 Uncapped Jan ETF,Z,Cboe BZX,Y,N,
JANJ,Innovator Premium Income 30 Barrier ETF - January,Z,Cboe BZX,Y,N,
JANM,FT Vest U.S. Equity Max Buffer ETF - January,Z,Cboe BZX,Y,N,
JANP,PGIM S&P 500 Buffer 12 ETF - January,Z,Cboe BZX,Y,N,
JANT,AllianzIM U.S. Large Cap Buffer10 Jan ETF,Z,Cboe BZX,Y,N,
JANU,AllianzIM U.S. Equity Buffer15 Uncapped Jan ETF,Z,Cboe BZX,Y,N,
JANW,AllianzIM U.S. Large Cap Buffer20 Jan ETF,Z,Cboe BZX,Y,N,
JANX,"Janux Therapeutics, Inc. - Common Stock",Q,Nasdaq,N,N,N
JANZ,TrueShares Structured Outcome (January) ETF,Z,Cboe BZX,Y,N,
JAPN,Horizon Kinetics Japan Owner Operator ETF,Q,Nasdaq,Y,N,N
JATT,JATT II Acquisition Corp - Ordinary Shares,Q,Nasdaq,N,N,N
JAVA,JPMorgan Active Value ETF,P,NYSE Arca,Y,N,
JAZZ,Jazz Pharmaceuticals plc - Ordinary Shares,Q,Nasdaq,N,N,N
JBBB,Janus Henderson B-BBB CLO ETF,Z,Cboe BZX,Y,N,
JBDI,JBDI Holdings Limited - Ordinary Shares,Q,Nasdaq,N,N,D
JBGS,JBG SMITH Properties Common Shares ,N,NYSE,N,N,
JBHT,"J.B. Hunt Transport Services, Inc. - Common Stock",Q,Nasdaq,N,N,N
JBI,"Janus International Group, Inc. Common Stock",N,NYSE,N,N,
JBIO,"Jade Biosciences, Inc. - Common Stock",Q,Nasdaq,N,N,N
JBK,Lehman ABS 3.50 3.50% Adjustable Corp Backed Tr Certs GS Cap I,N,NYSE,N,N,
JBL,Jabil Inc. Common Stock,N,NYSE,N,N,
JBLG,Leverage Shares 2X Long JBL Daily ETF,Z,Cboe BZX,Y,N,
JBLU,JetBlue Airways Corporation - Common Stock,Q,Nasdaq,N,N,N
JBND,JPMorgan Active Bond ETF,N,NYSE,Y,N,
JBS,JBS N.V. Class A Common Shares,N,NYSE,N,N,
JBSS,"John B. Sanfilippo & Son, Inc. - Common Stock",Q,Nasdaq,N,N,N
JBTM,JBT Marel Corporation Common Stock,N,NYSE,N,N,
JCAL,JPMorgan California Tax Free Bond ETF,P,NYSE Arca,Y,N,
JCAP,"Jefferson Capital, Inc. - Common Stock",Q,Nasdaq,N,N,N
JCE,Nuveen Core Equity Alpha Fund Common Shares of Beneficial Interest,N,NYSE,N,N,
JCHI,JPMorgan Active China ETF,P,NYSE Arca,Y,N,
JCI,Johnson Controls International plc Ordinary Share,N,NYSE,N,N,
JCPB,JPMorgan Core Plus Bond ETF,P,NYSE Arca,Y,N,
JCPI,JPMorgan Inflation Managed Bond ETF,P,NYSE Arca,Y,N,
JCSE,JE Cleantech Holdings Limited - Ordinary Shares,Q,Nasdaq,N,N,N
JCTC,Jewett-Cameron Trading Company - Common Shares,Q,Nasdaq,N,N,N
JD,"JD.com, Inc. - American Depositary Shares",Q,Nasdaq,N,N,N
JDIV,JPMorgan Dividend Leaders ETF,P,NYSE Arca,Y,N,
JDOC,JPMorgan Healthcare Leaders ETF,Q,Nasdaq,Y,N,N
JDST,Direxion Daily Junior Gold Miners Index Bear 2X ETF,P,NYSE Arca,Y,N,
JDVI,John Hancock Disciplined Value International Select ETF,P,NYSE Arca,Y,N,
JDVL,John Hancock Disciplined Value Select ETF,P,NYSE Arca,Y,N,
JDZG,JIADE LIMITED - Class A Ordinary Shares,Q,Nasdaq,N,N,N
JEDI,Defiance Drone and Modern Warfare ETF,P,NYSE Arca,Y,N,
JEF,Jefferies Financial Group Inc. Common Stock,N,NYSE,N,N,
JELD,"JELD-WEN Holding, Inc. Common Stock",N,NYSE,N,N,
JELH,Janus Henderson Equity Linked High Income ETF,Z,Cboe BZX,Y,N,
JELM,Janus Henderson Equity Linked Moderate Income ETF,Z,Cboe BZX,Y,N,
JEM,707 Cayman Holdings Limited - Ordinary Shares,Q,Nasdaq,N,N,N
JEMA,JPMorgan ActiveBuilders Emerging Markets Equity ETF,Q,Nasdaq,Y,N,N
JEMB,Janus Henderson Emerging Markets Debt Hard Currency ETF,P,NYSE Arca,Y,N,
JENA,Jena Acquisition Corporation II Class A Ordinary Shares,N,NYSE,N,N,
JENA.R,"Jena Acquisition Corporation II Rights, each right to acquire one-twentieth (1/20) of one Class A ordinary share",N,NYSE,N,N,
JENA.U,"Jena Acquisition Corporation II Units, each consisting of one Class A ordinary share and one right",N,NYSE,N,N,
JEPI,JPMorgan Equity Premium Income ETF,P,NYSE Arca,Y,N,
JEPQ,JPMorgan Nasdaq Equity Premium Income ETF,Q,Nasdaq,Y,N,N
JETD,MAX Airlines -3X Inverse Leveraged ETNs,P,NYSE Arca,Y,N,
JETS,U.S. Global Jets ETF,P,NYSE Arca,Y,N,
JETU,MAX Airlines 3X Leveraged ETNs,P,NYSE Arca,Y,N,
JF,J and Friends Holdings Limited - American Depositary Shares,Q,Nasdaq,N,N,N
JFB,JFB Construction Holdings - Class A Common Stock,Q,Nasdaq,N,N,N
JFIN,Jiayin Group Inc. - American Depositary Shares,Q,Nasdaq,N,N,N
JFLI,JPMorgan Flexible Income ETF,P,NYSE Arca,Y,N,
JFLX,JPMorgan Flexible Debt ETF,P,NYSE Arca,Y,N,
JFR,Nuveen Floating Rate Income Fund Common Stock,N,NYSE,N,N,
JFU,9F Inc. - American Depositary Shares,Q,Nasdaq,N,N,N
JG,Aurora Mobile Limited - American Depositary Shares,Q,Nasdaq,N,N,N
JGH,Nuveen Global High Income Fund Common Shares of Beneficial Interest,N,NYSE,N,N,
JGLO,JPMorgan Global Select Equity ETF,Q,Nasdaq,Y,N,N
JGRO,JPMorgan Active Growth ETF,P,NYSE Arca,Y,N,
JGRW,Jensen Quality Growth ETF,P,NYSE Arca,Y,N,
JHAC,John Hancock Fundamental All Cap Core ETF,P,NYSE Arca,Y,N,
JHAI,Janus Henderson Global Artificial Intelligence ETF,Q,Nasdaq,Y,N,N
JHCB,John Hancock Corporate Bond ETF,P,NYSE Arca,Y,N,
JHCP,John Hancock Core Plus Bond ETF,P,NYSE Arca,Y,N,
JHCR,John Hancock Core Bond ETF,P,NYSE Arca,Y,N,
JHDG,John Hancock Hedged Equity ETF,P,NYSE Arca,Y,N,
JHDV,John Hancock U.S. High Dividend ETF,P,NYSE Arca,Y,N,
JHEM,John Hancock Multifactor Emerging Markets ETF,P,NYSE Arca,Y,N,
JHHY,John Hancock High Yield ETF,P,NYSE Arca,Y,N,
JHI,John Hancock Investors Trust Common Stock,N,NYSE,N,N,
JHID,John Hancock International High Dividend ETF,P,NYSE Arca,Y,N,
JHLN,John Hancock Global Senior Loan ETF,P,NYSE Arca,Y,N,
JHMB,John Hancock Mortgage-Backed Securities ETF,P,NYSE Arca,Y,N,
JHMD,John Hancock Multifactor Developed International ETF,P,NYSE Arca,Y,N,
JHML,John Hancock Multifactor Large Cap ETF,P,NYSE Arca,Y,N,
JHMM,John Hancock Multifactor Mid Cap ETF,P,NYSE Arca,Y,N,
JHMU,John Hancock Dynamic Municipal Bond ETF,P,NYSE Arca,Y,N,
JHPI,John Hancock Preferred Income ETF,P,NYSE Arca,Y,N,
JHS,John Hancock Income Securities Trust Common Stock,N,NYSE,N,N,
JHSC,John Hancock Multifactor Small Cap ETF,P,NYSE Arca,Y,N,
JHX,James Hardie Industries plc. Ordinary Shares,N,NYSE,N,N,
JIDE,JPMorgan International Dynamic ETF,P,NYSE Arca,Y,N,
JIG,JPMorgan International Growth ETF,P,NYSE Arca,Y,N,
JIII,Janus Henderson Income ETF,P,NYSE Arca,Y,N,
JILL,"J. Jill, Inc. Common Stock",N,NYSE,N,N,
JIRE,JPMorgan International Research Enhanced Equity ETF,P,NYSE Arca,Y,N,
JIVE,JPMorgan International Value ETF,Q,Nasdaq,Y,N,N
JJSF,J & J Snack Foods Corp. - Common Stock,Q,Nasdaq,N,N,N
JKHY,"Jack Henry & Associates, Inc. - Common Stock",Q,Nasdaq,N,N,N
JKS,JinkoSolar Holding Company Limited American Depositary Shares (each representing 4 Common Shares),N,NYSE,N,N,
JL,J-Long Group Limited - Class A Ordinary Shares,Q,Nasdaq,N,N,N
JLHL,Julong Holding Limited - Class A Ordinary Shares,Q,Nasdaq,N,N,N
JLL,Jones Lang LaSalle Incorporated Common Stock,N,NYSE,N,N,
JLQD,Janus Henderson Corporate Bond ETF,P,NYSE Arca,Y,N,
JLS,Nuveen Mortgage and Income Fund,N,NYSE,N,N,
JMBS,Janus Henderson Mortgage-Backed Securities ETF,P,NYSE Arca,Y,N,
JMEE,JPMorgan Small & Mid Cap Enhanced Equity ETF,P,NYSE Arca,Y,N,
JMHI,JPMorgan High Yield Municipal ETF,P,NYSE Arca,Y,N,
JMIA,"Jumia Technologies AG American Depositary Shares, each representing two Ordinary Shares",N,NYSE,N,N,
JMID,Janus Henderson Mid Cap Growth Alpha ETF,Q,Nasdaq,Y,N,N
JMM,Nuveen Multi-Market Income Fund (MA),N,NYSE,N,N,
JMMF,JPMorgan 100% U.S. Treasury Securities Money Market ETF,P,NYSE Arca,Y,N,
JMOM,JPMorgan U.S. Momentum Factor ETF,P,NYSE Arca,Y,N,
JMSB,"John Marshall Bancorp, Inc. - Common Stock",Q,Nasdaq,N,N,N
JMSI,JPMorgan Sustainable Municipal Income ETF,P,NYSE Arca,Y,N,
JMST,JPMorgan Ultra-Short Municipal Income ETF,P,NYSE Arca,Y,N,
JMTG,JPMorgan Mortgage-Backed Securities ETF,P,NYSE Arca,Y,N,
JMUB,JPMorgan Municipal ETF,P,NYSE Arca,Y,N,
JNEU,AllianzIM U.S. Equity Buffer15 Uncapped June ETF,Z,Cboe BZX,Y,N,
JNJ,Johnson & Johnson Common Stock,N,NYSE,N,N,
JNK,State Street SPDR Bloomberg High Yield Bond ETF,P,NYSE Arca,Y,N,
JNUG,Direxion Daily Junior Gold Miners Index Bull 2X ETF,P,NYSE Arca,Y,N,
JOB,GEE Group Inc. Common Stock,A,NYSE American,N,N,
JOBC,Corgi JOBY 2x Daily ETF,Z,Cboe BZX,Y,N,
JOBX,Tradr 2X Long JOBY Daily ETF,Z,Cboe BZX,Y,N,
JOBY,"Joby Aviation, Inc. Common Stock",N,NYSE,N,N,
JOBY.W,"Joby Aviation, Inc. Warrants",N,NYSE,N,N,
JOE,St. Joe Company (The) Common Stock,N,NYSE,N,N,
JOET,Virtus Terranova U.S. Quality Momentum ETF,P,NYSE Arca,Y,N,
JOF,Japan Smaller Capitalization Fund Inc Common Stock,N,NYSE,N,N,
JOJO,ATAC Credit Rotation ETF,P,NYSE Arca,Y,N,
JONEU,Jones Ventures INTL Acquisition1 Corp - Units,Q,Nasdaq,N,N,N
JOUL,Corgi High Voltage Grid Equipment ETF,Z,Cboe BZX,Y,N,
JOUT,Johnson Outdoors Inc. - Class A Common Stock,Q,Nasdaq,N,N,N
JOYT,JPMorgan Equity and Options Total Return ETF,Q,Nasdaq,Y,N,N
JOYY,JOYY Inc. - American Depositary Shares,Q,Nasdaq,N,N,N
JPAN,Matthews Japan Active ETF,P,NYSE Arca,Y,N,
JPC,Nuveen Preferred & Income Opportunities Fund,N,NYSE,N,N,
JPEF,JPMorgan Equity Focus ETF,Q,Nasdaq,Y,N,N
JPEM,JPMorgan Diversified Return Emerging Markets Equity ETF,P,NYSE Arca,Y,N,
JPFP,JPMorgan Managed Futures Plus ETF,Q,Nasdaq,Y,N,N
JPHY,JPMorgan Active High Yield ETF,P,NYSE Arca,Y,N,
JPIB,JPMorgan International Bond Opportunities ETF,P,NYSE Arca,Y,N,
JPIE,JPMorgan Income ETF,P,NYSE Arca,Y,N,
JPIN,JPMorgan Diversified Return International Equity ETF,P,NYSE Arca,Y,N,
JPLD,JPMorgan Limited Duration Bond ETF,P,NYSE Arca,Y,N,
JPM,JP Morgan Chase & Co. Common Stock,N,NYSE,N,N,
JPM$C,"J P Morgan Chase & Co Depositary Shares, each representing a 1/400th interest in a share of 6.00% Non-Cumulative  Preferred Stock, Series EE",N,NYSE,N,N,
JPM$D,"J P Morgan Chase & Co Depositary Shares, each representing a 1/400th  interest in a share of 5.75% Non-Cumulative  Preferred Stock, Series DD",N,NYSE,N,N,
JPM$J,"J P Morgan Chase & Co Depositary Shares, each representing a 1/400th interest in a share of JPMorgan Chase & Co. 4.75% Non-Cumulative Preferred Stock, Series GG",N,NYSE,N,N,
JPM$K,"J P Morgan Chase & Co Depositary Shares, each representing a 1/400th interest in a share of 4.55% Non-Cumulative Preferred Stock, Series JJ",N,NYSE,N,N,
JPM$L,"J P Morgan Chase & Co Depositary Shares, each representing a 1/400th interest in a share of 4.625% Non-Cumulative Preferred Stock, Series LL",N,NYSE,N,N,
JPM$M,"J P Morgan Chase & Co Depositary Shares, each representing a 1/400th interest in a share of 4.20% Non-Cumulative Preferred Stock, Series MM",N,NYSE,N,N,
JPMB,JPMorgan USD Emerging Markets Sovereign Bond ETF,P,NYSE Arca,Y,N,
JPME,JPMorgan Diversified Return U.S. Mid Cap Equity ETF,P,NYSE Arca,Y,N,
JPO,YieldMax JP Option Income Strategy ETF,P,NYSE Arca,Y,N,
JPRE,JPMorgan Realty Income ETF,P,NYSE Arca,Y,N,
JPRF,JPMorgan Preferred and Income Securities ETF,P,NYSE Arca,Y,N,
JPSE,JPMorgan Diversified Return U.S. Small Cap Equity ETF,P,NYSE Arca,Y,N,
JPST,JPMorgan Ultra-Short Income ETF,P,NYSE Arca,Y,N,
JPSV,JPMorgan Active Small Cap Value ETF,P,NYSE Arca,Y,N,
JPUS,JPMorgan Diversified Return U.S. Equity ETF,P,NYSE Arca,Y,N,
JPXN,iShares JPX-Nikkei 400 ETF,P,NYSE Arca,Y,N,
JPY,Lazard Japanese Equity ETF,Q,Nasdaq,Y,N,N
JQC,Nuveen Credit Strategies Income Fund Shares of Beneficial Interest,N,NYSE,N,N,
JQUA,JPMorgan U.S. Quality Factor ETF,P,NYSE Arca,Y,N,
JRE,Janus Henderson U.S. Real Estate ETF,P,NYSE Arca,Y,N,
JRI,Nuveen Real Asset Income and Growth Fund Common Shares of Beneficial Interest,N,NYSE,N,N,
JRS,Nuveen Real Estate Income Fund Common Shares of Beneficial Interest,N,NYSE,N,N,
JRSH,"Jerash Holdings (US), Inc. - Common Stock",Q,Nasdaq,N,N,N
JRVR,"James River Group Holdings, Inc. - Common Stock",Q,Nasdaq,N,N,N
JSCP,JPMorgan Short Duration Core Plus ETF,P,NYSE Arca,Y,N,
JSI,Janus Henderson Securitized Income ETF,P,NYSE Arca,Y,N,
JSM,"Navient Corporation - 6% Senior Notes due December 15, 2043",Q,Nasdaq,N,N,N
JSMD,Janus Henderson Small/Mid Cap Growth Alpha ETF,Q,Nasdaq,Y,N,N
JSML,Janus Henderson Small Cap Growth Alpha ETF,Q,Nasdaq,Y,N,N
JSPR,"Jasper Therapeutics, Inc. - Class A Common Stock",Q,Nasdaq,N,N,D
JSPRW,"Jasper Therapeutics, Inc. - Warrant",Q,Nasdaq,N,N,N
JSTC,Adasina Social Justice All Cap Global ETF,P,NYSE Arca,Y,N,
JTAI,Jet.AI Inc. - Common Stock,Q,Nasdaq,N,N,N
JTEK,JPMorgan U.S. Tech Leaders ETF,Q,Nasdaq,Y,N,N
JTNY,JPMorgan New York Tax Free Bond ETF,P,NYSE Arca,Y,N,
JUCY,Aptus Enhanced Yield ETF,Z,Cboe BZX,Y,N,
JUDB,Aptus July Deep Buffer ETF,Z,Cboe BZX,Y,N,
JUDO,Janus Henderson U.S. Equity Enhanced Income ETF,Z,Cboe BZX,Y,N,
JULB,Aptus July Buffer ETF,Z,Cboe BZX,Y,N,
JULC,Corgi U.S. Equities 10% Structured Buffer ETF - July Series,Z,Cboe BZX,Y,N,
JULH,Innovator Premium Income 20 Barrier ETF - July,Z,Cboe BZX,Y,N,
JULI,AllianzIM International Equity Buffer15 Uncapped Jul ETF,Z,Cboe BZX,Y,N,
JULJ,Innovator Premium Income 30 Barrier ETF - July,Z,Cboe BZX,Y,N,
JULM,FT Vest U.S. Equity Max Buffer ETF - July,Z,Cboe BZX,Y,N,
JULP,PGIM S&P 500 Buffer 12 ETF - July,Z,Cboe BZX,Y,N,
JULT,AllianzIM U.S. Large Cap Buffer10 Jul ETF,Z,Cboe BZX,Y,N,
JULU,AllianzIM U.S. Equity Buffer15 Uncapped Jul ETF,Z,Cboe BZX,Y,N,
JULW,AllianzIM U.S. Large Cap Buffer20 Jul ETF,Z,Cboe BZX,Y,N,
JULZ,TrueShares Structured Outcome (July) ETF,Z,Cboe BZX,Y,N,
JUNC,Corgi U.S. Equities 10% Structured Buffer ETF - June Series,Z,Cboe BZX,Y,N,
JUNM,FT Vest U.S. Equity Max Buffer ETF - June,Z,Cboe BZX,Y,N,
JUNP,PGIM S&P 500 Buffer 12 ETF - June,Z,Cboe BZX,Y,N,
JUNS,"Jupiter Neurosciences, Inc. - Common Stock",Q,Nasdaq,N,N,D
JUNT,AllianzIM U.S. Large Cap Buffer10 Jun ETF,Z,Cboe BZX,Y,N,
JUNW,AllianzIM U.S. Large Cap Buffer20 Jun ETF,Z,Cboe BZX,Y,N,
JUNZ,TrueShares Structured Outcome (June) ETF,Z,Cboe BZX,Y,N,
JUSA,JPMorgan U.S. Research Enhanced Large Cap ETF,P,NYSE Arca,Y,N,
JUST,Goldman Sachs JUST U.S. Large Cap Equity ETF,P,NYSE Arca,Y,N,
JVA,"Coffee Holding Co., Inc. - Common Stock",Q,Nasdaq,N,N,N
JVAL,JPMorgan U.S. Value Factor ETF,P,NYSE Arca,Y,N,
JWEL,Jowell Global Ltd. - Ordinary Shares,Q,Nasdaq,N,N,N
JXG,JX Luxventure Group Inc. - Common Stock,Q,Nasdaq,N,N,N
JXI,iShares Global Utilities ETF,P,NYSE Arca,Y,N,
JXN,Jackson Financial Inc. Class A Common Stock ,N,NYSE,N,N,
JXN$A,"Jackson Financial Inc. Depositary Shares, each representing a 1/1,000th interest in a share of Fixed-Rate Reset Noncumulative Perpetual Preferred Stock, Series A",N,NYSE,N,N,
JXX,Janus Henderson Transformational Growth ETF,Z,Cboe BZX,Y,N,
JYD,Jayud Global Logistics Limited - Class A Ordinary Shares,Q,Nasdaq,N,N,N
JYNT,The Joint Corp. - Common Stock,Q,Nasdaq,N,N,N
JZ,Jianzhi Education Technology Group Company Limited - American Depositary Shares,Q,Nasdaq,N,N,N
JZXN,"Jiuzi Holdings, Inc. - Ordinary Shares",Q,Nasdaq,N,N,N
KAI,Kadant Inc Common Stock,N,NYSE,N,N,
KALA,"KALA BIO, Inc. - Common Stock",Q,Nasdaq,N,N,N
KALU,Kaiser Aluminum Corporation - Common Stock,Q,Nasdaq,N,N,N
KAMO,Kensington Credit Opportunities ETF,Z,Cboe BZX,Y,N,
KAPA,"Kairos Pharma, Ltd. Common Stock",A,NYSE American,N,N,
KAPR,Innovator U.S. Small Cap Power Buffer ETF - April,Z,Cboe BZX,Y,N,
KARD,"Kardigan, Inc. - Common Stock",Q,Nasdaq,N,N,N
KARO,Karooooo Ltd. - Ordinary shares,Q,Nasdaq,N,N,N
KARS,KraneShares Electric Vehicles and Future Mobility Index ETF,P,NYSE Arca,Y,N,
KAT,Scharf ETF,Q,Nasdaq,Y,N,N
KAUG,Innovator US Small Cap Power Buffer ETF - August,Z,Cboe BZX,Y,N,
KAZR,Skyline Builders Group Holding Limited - Class A Ordinary Shares,Q,Nasdaq,N,N,N
KB,KB Financial Group Inc,N,NYSE,N,N,
KBA,KraneShares Bosera MSCI China A 50 Connect Index ETF,P,NYSE Arca,Y,N,
KBAB,KraneShares 2x Long BABA Daily ETF,Q,Nasdaq,Y,N,N
KBDC,"Kayne Anderson BDC, Inc. Common Stock",N,NYSE,N,N,
KBDU,KraneShares 2x Long BIDU Daily ETF,Q,Nasdaq,Y,N,N
KBE,State Street SPDR S&P Bank ETF,P,NYSE Arca,Y,N,
KBFR,Innovator U.S. Small Cap Managed 10 Buffer ETF,P,NYSE Arca,Y,N,
KBH,KB Home Common Stock,N,NYSE,N,N,
KBON,Karbon Capital Partners Corp. - Class A Ordinary Shares,Q,Nasdaq,N,N,N
KBONU,Karbon Capital Partners Corp. - Units,Q,Nasdaq,N,N,N
KBONW,Karbon Capital Partners Corp. - Warrant,Q,Nasdaq,N,N,N
KBR,"KBR, Inc. Common Stock",N,NYSE,N,N,
KBSX,FST Corp. - Ordinary Shares,Q,Nasdaq,N,N,N
KBUF,KraneShares 90% KWEB Defined Outcome January 2027 ETF,P,NYSE Arca,Y,N,
KBWB,Invesco KBW Bank ETF,Q,Nasdaq,Y,N,N
KBWD,Invesco KBW High Dividend Yield Financial ETF,Q,Nasdaq,Y,N,N
KBWP,Invesco KBW Property & Casualty Insurance ETF,Q,Nasdaq,Y,N,N
KBWY,Invesco KBW Premium Yield Equity REIT ETF,Q,Nasdaq,Y,N,N
KC,Kingsoft Cloud Holdings Limited - American Depositary Shares,Q,Nasdaq,N,N,N
KCA.U,"Kensington Capital Acquisition Corp. VI New Units, each consisting of one Class A Ordinary Share and three-quarters of one Class 2 Redeemable Warrant",N,NYSE,N,N,
KCAC.U,"Kensington Capital Acquisition Corp. VI Units, each consisting of one Class A ordinary share, one-quarter of one Class 1 redeemable warrant and three-quarters of one Class 2 redeemable warrant",N,NYSE,N,N,
KCAC.W,"Kensington Capital Acquisition Corp. VI Class 1 redeemable warrants, each exercisable for one Class A ordinary share at an exercise price of $11.50",N,NYSE,N,N,
KCAI,KraneShares China Alpha Index ETF,P,NYSE Arca,Y,N,
KCCA,KraneShares California Carbon Allowance Strategy ETF,P,NYSE Arca,Y,N,
KCE,State Street SPDR S&P Capital Markets ETF,P,NYSE Arca,Y,N,
KCHV,Kochav Defense Acquisition Corp. - Class A Ordinary Shares,Q,Nasdaq,N,N,N
KCHVR,Kochav Defense Acquisition Corp. - Right,Q,Nasdaq,N,N,N
KCHVU,Kochav Defense Acquisition Corp. - Units,Q,Nasdaq,N,N,N
KCOP,Kurv Copper & Mining Enhanced Income ETF,Z,Cboe BZX,Y,N,
KCSH,KraneShares Sustainable Ultra Short Duration Index ETF,P,NYSE Arca,Y,N,
KD,"Kyndryl Holdings, Inc. Common Stock",N,NYSE,N,N,
KDEC,Innovator U.S. Small Cap Power Buffer ETF - December,Z,Cboe BZX,Y,N,
KDEF,PLUS Korea Defense Industry Index ETF,P,NYSE Arca,Y,N,
KDK,"Kodiak AI, Inc. - Common Stock",Q,Nasdaq,N,N,N
KDKRW,"Kodiak AI, Inc. - Warrant",Q,Nasdaq,N,N,N
KDP,Keurig Dr Pepper Inc. - Common Stock,Q,Nasdaq,N,N,N
KDRN,Kingsbarn Tactical Bond ETF,P,NYSE Arca,Y,N,
KDVD,Keeley Dividend ETF,P,NYSE Arca,Y,N,
KE,"Kimball Electronics, Inc. - Common Stock",Q,Nasdaq,N,N,N
KEAT,Keating Active ETF,Q,Nasdaq,Y,N,N
KEEL,Keel Infrastructure Corp. - Common Stock,Q,Nasdaq,N,N,N
KEEX,Defiance Daily Target 2x Long KEEL ETF,Z,Cboe BZX,Y,N,
KELYA,"Kelly Services, Inc. - Class A Common Stock",Q,Nasdaq,N,N,N
KELYB,"Kelly Services, Inc. - Class B Common Stock",Q,Nasdaq,N,N,N
KEMQ,KraneShares Emerging Markets Consumer Technology Index ETF,P,NYSE Arca,Y,N,
KEMX,KraneShares MSCI Emerging Markets ex China Index ETF,P,NYSE Arca,Y,N,
KEN,Kenon Holdings Ltd. Ordinary Shares,N,NYSE,N,N,
KEP,Korea Electric Power Corporation Common Stock,N,NYSE,N,N,
KEQU,Kewaunee Scientific Corporation - Common Stock,Q,Nasdaq,N,N,N
KEX,Kirby Corporation Common Stock,N,NYSE,N,N,
KEY,KeyCorp Common Stock,N,NYSE,N,N,
KEY$I,"KeyCorp Depositary Shares Each Representing a 1/40th Ownership Interest in a Share of Fixed-to-Floating Rate Perpetual Non-Cumulative Preferred Stock, Series E",N,NYSE,N,N,
KEY$J,"KeyCorp Depositary Shares each representing a 1/40th ownership interest in a share of Fixed Rate Perpetual Non-Cumulative Preferred Stock, Series F",N,NYSE,N,N,
KEY$K,"KeyCorp Depositary Shares, each representing a 1/40th ownership interest in a share of Fixed Rate Perpetual Non-Cumulative Preferred Stock, Series G",N,NYSE,N,N,
KEY$L,"KeyCorp Depositary Shares each representing a 1/40th ownership interest in a share of Fixed Rate Perpetual Non-Cumulative Preferred Stock, Series H",N,NYSE,N,N,
KEYG,Leverage Shares 2X Long KEYS Daily ETF,Z,Cboe BZX,Y,N,
KEYS,Keysight Technologies Inc. Common Stock,N,NYSE,N,N,
KEYX,Corgi KEYS 2x Daily ETF,Z,Cboe BZX,Y,N,
KEYY,Keystone Acquisition Corp. - Class A Ordinary Shares,Q,Nasdaq,N,N,N
KEYYU,Keystone Acquisition Corp. - Unit,Q,Nasdaq,N,N,N
KEYYW,Keystone Acquisition Corp. - Warrants,Q,Nasdaq,N,N,N
KF,"Korea Fund, Inc. (The) New Common Stock",N,NYSE,N,N,
KFEB,Innovator U.S. Small Cap Power Buffer ETF - February,Z,Cboe BZX,Y,N,
KFFB,Kentucky First Federal Bancorp - Common Stock,Q,Nasdaq,N,N,N
KFII,K&F Growth Acquisition Corp. II - Class A Ordinary shares,Q,Nasdaq,N,N,N
KFIIR,K&F Growth Acquisition Corp. II - Rights,Q,Nasdaq,N,N,N
KFIIU,K&F Growth Acquisition Corp. II - Unit,Q,Nasdaq,N,N,N
KFRC,"Kforce, Inc. Common Stock",N,NYSE,N,N,
KFY,Korn Ferry Common Stock,N,NYSE,N,N,
KG,"Kestrel Group, Ltd. - Common Stock",Q,Nasdaq,N,N,N
KGC,Kinross Gold Corporation Common Stock,N,NYSE,N,N,
KGEI,Kolibri Global Energy Inc. - Common stock,Q,Nasdaq,N,N,N
KGLD,Kurv Gold Enhanced Income ETF,Z,Cboe BZX,Y,N,
KGRN,KraneShares MSCI China Clean Technology Index ETF,P,NYSE Arca,Y,N,
KGS,"Kodiak Gas Services, Inc. Common Stock",N,NYSE,N,N,
KHC,The Kraft Heinz Company - Common Stock,Q,Nasdaq,N,N,N
KHPI,Kensington Hedged Premium Income ETF,Z,Cboe BZX,Y,N,
KHYB,KraneShares Asia Pacific High Income USD Bond ETF,P,NYSE Arca,Y,N,
KIDS,OrthoPediatrics Corp. - Common Stock,Q,Nasdaq,N,N,N
KIDZ,KIDZ AI Inc. - Class B Common Stock,Q,Nasdaq,N,N,N
KIDZW,KIDZ AI Inc. - Warrants,Q,Nasdaq,N,N,N
KIE,State Street SPDR S&P Insurance ETF,P,NYSE Arca,Y,N,
KIM,Kimco Realty Corporation (HC) Common Stock,N,NYSE,N,N,
KIM$L,"Kimco Realty Corporation Class L Depositary Shares, each of which represents a one-one thousandth fractional interest in a share of 5.125% Class L Cumulative Redeemable Preferred Stock, liquidation preference $25,000.00 per share",N,NYSE,N,N,
KIM$M,"Kimco Realty Corporation Class M Depositary Shares, each of which represents a one-one thousandth fractional interest in a share of 5.25% Class M Cumulative Redeemable Preferred Stock, liquidation preference $25,000.00 per share",N,NYSE,N,N,
KIM$N,"Kimco Realty Corporation Depositary Shares, each representing 1/1,000th interest in a share of 7.25% Class N Cumulative Convertible Perpetual Preferred Stock",N,NYSE,N,N,
KINS,"Kingstone Companies, Inc - Common Stock",Q,Nasdaq,N,N,N
KIO,KKR Income Opportunities Fund Common Shares,N,NYSE,N,N,
KIQQ,KraneShares InspereX Nasdaq Dynamic Buffered High Income Index ETF,Q,Nasdaq,Y,N,N
KITT,"Nauticus Robotics, Inc. - Common stock",Q,Nasdaq,N,N,D
KITTW,"Nauticus Robotics, Inc. - Warrant",Q,Nasdaq,N,N,D
KJAN,Innovator U.S. Small Cap Power Buffer ETF - January,Z,Cboe BZX,Y,N,
KJD,KraneShares 2x Long JD Daily ETF,Q,Nasdaq,Y,N,N
KJUL,Innovator U.S. Small Cap Power Buffer ETF - July,Z,Cboe BZX,Y,N,
KJUN,Innovator U.S. Small Cap Power Buffer ETF - June,Z,Cboe BZX,Y,N,
KKR,KKR & Co. Inc. Common Stock,N,NYSE,N,N,
KKR$D,KKR & Co. Inc. 6.25% Series D Mandatory Convertible Preferred Stock,N,NYSE,N,N,
KKRS,KKR Group Finance Co. IX LLC 4.625% Subordinated Notes due 2061,N,NYSE,N,N,
KKRT,KKR & Co. Inc. 6.875% Subordinated Notes due 2065,N,NYSE,N,N,
KLAC,KLA Corporation  - Common Stock,Q,Nasdaq,N,N,N
KLAG,Leverage Shares 2x Long KLAC Daily ETF,Q,Nasdaq,Y,N,N
KLAR,Klarna Group plc Ordinary Shares,N,NYSE,N,N,
KLC,"KinderCare Learning Companies, Inc. Common Stock",N,NYSE,N,N,
KLIC,"Kulicke and Soffa Industries, Inc. - Common Stock",Q,Nasdaq,N,N,N
KLIP,KraneShares KWEB Covered Call Strategy ETF,P,NYSE Arca,Y,N,
KLMN,Invesco MSCI North America Climate ETF,P,NYSE Arca,Y,N,
KLMT,Invesco MSCI Global Climate 500 ETF,P,NYSE Arca,Y,N,
KLRA,"Kailera Therapeutics, Inc. - Common stock",Q,Nasdaq,N,N,N
KLRS,"Kalaris Therapeutics, Inc.  - Common Stock",Q,Nasdaq,N,N,N
KLTR,"Kaltura, Inc. - Common Stock",Q,Nasdaq,N,N,N
KLXE,"KLX Energy Services Holdings, Inc.  - Common Stock",Q,Nasdaq,N,N,N
KMAR,Innovator U.S. Small Cap Power Buffer ETF - March,Z,Cboe BZX,Y,N,
KMAY,Innovator U.S. Small Cap Power Buffer ETF - May,Z,Cboe BZX,Y,N,
KMB,Kimberly-Clark Corporation - Common Stock,Q,Nasdaq,N,N,N
KMCA,PLUS Korea Manufacturing Core Alliance Index ETF,P,NYSE Arca,Y,N,
KMDA,Kamada Ltd. - Ordinary Shares,Q,Nasdaq,N,N,N
KMEM,Kurv Memory Select ETF,Z,Cboe BZX,Y,N,
KMI,"Kinder Morgan, Inc. Common Stock",N,NYSE,N,N,
KMID,Virtus KAR Mid-Cap ETF,P,NYSE Arca,Y,N,
KMLI,KraneShares 2x Long MELI Daily ETF,Q,Nasdaq,Y,N,N
KMLM,KraneShares Mount Lucas Managed Futures Index Strategy ETF,P,NYSE Arca,Y,N,
KMPB,Kemper Corporation 5.875% Fixed-Rate Reset Junior Subordinated Debentures due 2062,N,NYSE,N,N,
KMPR,Kemper Corporation,N,NYSE,N,N,
KMRK,K-Tech Solutions Company Limited - Class A Ordinary Shares,Q,Nasdaq,N,N,N
KMT,Kennametal Inc. Common Stock,N,NYSE,N,N,
KMTS,"Kestra Medical Technologies, Ltd. - Common Stock",Q,Nasdaq,N,N,N
KMX,CarMax Inc,N,NYSE,N,N,
KN,Knowles Corporation Common Stock,N,NYSE,N,N,
KNCT,Invesco Next Gen Connectivity ETF,P,NYSE Arca,Y,N,
KNDI,"Kandi Technologies Group, Inc. - Ordinary Shares",Q,Nasdaq,N,N,D
KNF,Knife Riv Holding Co. Common Stock,N,NYSE,N,N,
KNG,FT Vest S&P 500 Dividend Aristocrats Target Income ETF,Z,Cboe BZX,Y,N,
KNGZ,First Trust S&P 500 Diversified Dividend Aristocrats ETF,Q,Nasdaq,Y,N,N
KNO,AXS Knowledge Leaders ETF,P,NYSE Arca,Y,N,
KNOP,KNOT Offshore Partners LP Common Units representing Limited Partner Interests,N,NYSE,N,N,
KNOV,Innovator U.S. Small Cap Power Buffer ETF - November,Z,Cboe BZX,Y,N,
KNOW,Fundamentals First ETF,Z,Cboe BZX,Y,N,
KNRG,Simplify Kayne Anderson Energy and Infrastructure Credit ETF,P,NYSE Arca,Y,N,
KNRX,KNOREX LTD. Class A Ordinary Shares,A,NYSE American,N,N,
KNSA,"Kiniksa Pharmaceuticals International, plc - Class A Ordinary Shares",Q,Nasdaq,N,N,N
KNSL,"Kinsale Capital Group, Inc. Common Stock",N,NYSE,N,N,
KNTK,Kinetik Holdings Inc. Class A Common Stock,N,NYSE,N,N,
KNX,Knight-Swift Transportation Holdings Inc.,N,NYSE,N,N,
KO,Coca-Cola Company (The) Common Stock,N,NYSE,N,N,
KOCT,Innovator U.S. Small Cap Power Buffer ETF - October,Z,Cboe BZX,Y,N,
KOD,Kodiak Sciences Inc - Common Stock,Q,Nasdaq,N,N,N
KODK,Eastman Kodak Company Common New,N,NYSE,N,N,
KOF,"Coca Cola Femsa S.A.B. de C.V.  American Depositary Shares, each representing 10 Units (each Unit consists of 3 Series B Shares and 5 Series L Shares)",N,NYSE,N,N,
KOID,KraneShares Global Humanoid Robotics and Physical AI Index ETF,Q,Nasdaq,Y,N,N
KOKU,Xtrackers MSCI Kokusai Equity ETF,P,NYSE Arca,Y,N,
KOLD,ProShares UltraShort Bloomberg Natural Gas,P,NYSE Arca,Y,N,
KOMP,State Street SPDR S&P Kensho New Economies Composite ETF,P,NYSE Arca,Y,N,
KONG,Formidable Fortress ETF,Z,Cboe BZX,Y,N,
KOOL,North Shore Equity Rotation ETF,P,NYSE Arca,Y,N,
KOP,Koppers Holdings Inc. Common Stock,N,NYSE,N,N,
KOPN,Kopin Corporation - Common Stock,Q,Nasdaq,N,N,N
KORE,"KORE Group Holdings, Inc. Common Stock",N,NYSE,N,N,
KORP,American Century Diversified Corporate Bond ETF,P,NYSE Arca,Y,N,
KORU,Direxion Daily South Korea Bull 3X ETF,P,NYSE Arca,Y,N,
KOS,Kosmos Energy Ltd. Common Shares (DE),N,NYSE,N,N,
KOSS,Koss Corporation - Common Stock,Q,Nasdaq,N,N,N
KOYN,CSLM Digital Asset Acquisition Corp III - Class A Ordinary Shares,Q,Nasdaq,N,N,N
KOYNU,CSLM Digital Asset Acquisition Corp III - Units,Q,Nasdaq,N,N,N
KOYNW,CSLM Digital Asset Acquisition Corp III - Warrants,Q,Nasdaq,N,N,N
KPDD,KraneShares 2x Long PDD Daily ETF,Q,Nasdaq,Y,N,N
KPET,KPET Ultra Paceline Corporation Class A Ordinary Shares,N,NYSE,N,N,
KPET.U,"KPET Ultra Paceline Corporation Units, each consisting of one Class A Ordinary Share and one-sixth of one Warrant",N,NYSE,N,N,
KPET.W,"KPET Ultra Paceline Corporation Warrants, each whole warrant exercisable for one Class A ordinary share at an exercise price of $11.50 per share",N,NYSE,N,N,
KPHO,KraneShares Dragon Capital Growth of Vietnam Index ETF,P,NYSE Arca,Y,N,
KPLT,"Katapult Holdings, Inc. - Common Stock",Q,Nasdaq,N,N,N
KPRO,KraneShares 100% KWEB Defined Outcome January 2027 ETF,P,NYSE Arca,Y,N,
KPRX,"Kiora Pharmaceuticals, Inc.  - Common Stock",Q,Nasdaq,N,N,N
KPTI,Karyopharm Therapeutics Inc. - Common Stock,Q,Nasdaq,N,N,N
KQQQ,Kurv Technology Titans Select ETF,Q,Nasdaq,Y,N,N
KR,Kroger Company (The) Common Stock,N,NYSE,N,N,
KRAQ,KRAKacquisition Corp - Class A Ordinary Shares,Q,Nasdaq,N,N,N
KRAQU,KRAKacquisition Corp - Unit,Q,Nasdaq,N,N,N
KRAQW,KRAKacquisition Corp - Warrants,Q,Nasdaq,N,N,N
KRBN,KraneShares Global Carbon Strategy ETF,P,NYSE Arca,Y,N,
KRC,Kilroy Realty Corporation Common Stock,N,NYSE,N,N,
KRE,State Street SPDR S&P Regional Banking ETF,P,NYSE Arca,Y,N,
KREF,KKR Real Estate Finance Trust Inc. Common Stock,N,NYSE,N,N,
KREF$A,KKR Real Estate Finance Trust Inc. 6.50% Series A Cumulative Redeemable Preferred Stock,N,NYSE,N,N,
KRG,Kite Realty Group Trust Common Stock,N,NYSE,N,N,
KRKR,36Kr Holdings Inc. - American Depositary Shares,Q,Nasdaq,N,N,N
KRMA,Global X Conscious Companies ETF,Q,Nasdaq,Y,N,N
KRMD,"KORU Medical Systems, Inc. - Common Stock",Q,Nasdaq,N,N,N
KRMN,Karman Holdings Inc. Common Stock,N,NYSE,N,N,
KRNT,Kornit Digital Ltd. - Ordinary Shares,Q,Nasdaq,N,N,N
KRNY,Kearny Financial - Common Stock,Q,Nasdaq,N,N,N
KRO,Kronos Worldwide Inc Common Stock,N,NYSE,N,N,
KROP,Global X AgTech & Food Innovation ETF,Q,Nasdaq,Y,N,N
KROS,"Keros Therapeutics, Inc. - common stock",Q,Nasdaq,N,N,N
KRP,Kimbell Royalty Partners Common Units Representing Limited Partner Interests,N,NYSE,N,N,
KRRO,"Korro Bio, Inc. - Common Stock",Q,Nasdaq,N,N,N
KRSP,Rice Acquisition Corporation 3 Class A Ordinary Shares,N,NYSE,N,N,
KRSP.U,"Rice Acquisition Corporation 3 Units, each consisting of one Class A ordinary share, and one-sixth of one redeemable warrant",N,NYSE,N,N,
KRSP.W,"Rice Acquisition Corporation 3 Redeemable warrants, each whole warrant exercisable for one Class A ordinary share at an exercise price of $11.50",N,NYSE,N,N,
KRT,Karat Packaging Inc. - Common Stock,Q,Nasdaq,N,N,N
KRUS,"Kura Sushi USA, Inc. - Class A Common Stock",Q,Nasdaq,N,N,N
KRWX,Corgi South Korea 2x Daily ETF,Z,Cboe BZX,Y,N,
KRYP,ProShares CoinDesk 20 Crypto ETF,P,NYSE Arca,Y,N,
KRYS,"Krystal Biotech, Inc. - Common Stock",Q,Nasdaq,N,N,N
KSA,iShares MSCI Saudi Arabia ETF,P,NYSE Arca,Y,N,
KSCP,"Knightscope, Inc. - Class A Common Stock",Q,Nasdaq,N,N,N
KSEP,Innovator U.S. Small Cap Power Buffer ETF - September,Z,Cboe BZX,Y,N,
KSLV,Kurv Silver Enhanced Income ETF,Z,Cboe BZX,Y,N,
KSPI,Joint Stock Company Kaspi.kz - American Depository Shares,Q,Nasdaq,N,N,N
KSPY,KraneShares Hedgeye Hedged Equity Index ETF,P,NYSE Arca,Y,N,
KSS,Kohl's Corporation Common Stock,N,NYSE,N,N,
KSTR,KraneShares SSE STAR Market 50 Index ETF,P,NYSE Arca,Y,N,
KT,KT Corporation Common Stock,N,NYSE,N,N,
KTB,"Kontoor Brands, Inc. Common Stock ",N,NYSE,N,N,
KTCC,Key Tronic Corporation - Common Stock,Q,Nasdaq,N,N,N
KTEC,KraneShares Hang Seng TECH Index ETF,P,NYSE Arca,Y,N,
KTF,DWS Municipal Income Trust,N,NYSE,N,N,
KTH,Structures Products Cp 8% CorTS Issued by Peco Energy Cap Tr II Preferred Stock,N,NYSE,N,N,
KTN,Structured Products Corp 8.205% CorTS 8.205% Corporate Backed Trust Securities (CorTS),N,NYSE,N,N,
KTOS,"Kratos Defense & Security Solutions, Inc. - Common Stock",Q,Nasdaq,N,N,N
KTTA,Pasithea Therapeutics Corp. - Common Stock,Q,Nasdaq,N,N,D
KTTAW,Pasithea Therapeutics Corp. - Warrant,Q,Nasdaq,N,N,N
KTUP,T-REX 2X Long KTOS Daily Target ETF,Z,Cboe BZX,Y,N,
KTWO,K2 Capital Acquisition Corporation - Class A Ordinary Share,Q,Nasdaq,N,N,N
KTWOR,K2 Capital Acquisition Corporation - Rights,Q,Nasdaq,N,N,N
KTWOU,K2 Capital Acquisition Corporation - Units,Q,Nasdaq,N,N,N
KULR,"KULR Technology Group, Inc. Common Stock",A,NYSE American,N,N,
KURA,"Kura Oncology, Inc. - Common Stock",Q,Nasdaq,N,N,N
KURE,KraneShares MSCI All China Health Care Index ETF,P,NYSE Arca,Y,N,
KUST,"Kustom Entertainment, Inc. - Common Stock",Q,Nasdaq,N,N,N
KVAC,Keen Vision Acquisition Corporation - Ordinary Shares,Q,Nasdaq,N,N,N
KVACU,Keen Vision Acquisition Corporation - Units,Q,Nasdaq,N,N,N
KVACW,Keen Vision Acquisition Corporation - Warrant,Q,Nasdaq,N,N,N
KVHI,"KVH Industries, Inc. - Common Stock",Q,Nasdaq,N,N,N
KVLE,KraneShares Value Line Dynamic Dividend Equity Index ETF,P,NYSE Arca,Y,N,
KVUE,Kenvue Inc. Common Stock,N,NYSE,N,N,
KVYO,"Klaviyo, Inc. Series A Common Stock",N,NYSE,N,N,
KWEB,KraneShares CSI China Internet ETF,P,NYSE Arca,Y,N,
KWIN,KraneShares Wahed Alternative Income Index ETF,P,NYSE Arca,Y,N,
KWM,"K Wave Media, Ltd. - Ordinary Shares",Q,Nasdaq,N,N,D
KWMWW,"K Wave Media, Ltd. - Warrant",Q,Nasdaq,N,N,N
KWR,Quaker Houghton Common Stock,N,NYSE,N,N,
KWT,iShares MSCI Kuwait ETF,Z,Cboe BZX,Y,N,
KWY,Kingsway Corporation Common Stock,N,NYSE,N,N,
KXI,iShares Global Consumer Staples ETF,P,NYSE Arca,Y,N,
KXIN,Kaixin Holdings - Ordinary Shares,Q,Nasdaq,N,N,N
KYC,Corgi Digital Banking & Fintech Infrastructure ETF,Z,Cboe BZX,Y,N,
KYIV,Kyivstar Group Ltd. - Common Shares,Q,Nasdaq,N,N,N
KYIVW,Kyivstar Group Ltd. - Warrant,Q,Nasdaq,N,N,N
KYLD,Kurv High Income ETF,Z,Cboe BZX,Y,N,
KYMR,"Kymera Therapeutics, Inc. - Common Stock",Q,Nasdaq,N,N,N
KYN,"Kayne Anderson Energy Infrastructure Fund, Inc.",N,NYSE,N,N,
KYNB,"Kyntra Bio, Inc. - Common Stock",Q,Nasdaq,N,N,D
KYTX,"Kyverna Therapeutics, Inc. - Common Stock",Q,Nasdaq,N,N,N
KZIA,Kazia Therapeutics Limited - American Depositary Shares,Q,Nasdaq,N,N,N
L,Loews Corporation Common Stock,N,NYSE,N,N,
LAB,Standard BioTools Inc. - Common Stock,Q,Nasdaq,N,N,N
LABD,Direxion Daily S&P Biotech Bear 3X ETF,P,NYSE Arca,Y,N,
LABT,Lakewood-Amedex Biotherapeutics Inc. - Common Stock,Q,Nasdaq,N,N,N
LABU,Direxion Daily S&P Biotech Bull 3X ETF,P,NYSE Arca,Y,N,
LABX,Tradr 2X Long ALAB Daily ETF,Z,Cboe BZX,Y,N,
LAC,Lithium Americas Corp. Common Shares,N,NYSE,N,N,
LACG,Leverage Shares 2X Long LAC Daily ETF,Q,Nasdaq,Y,N,N
LAD,"Lithia Motors, Inc. Common Stock",N,NYSE,N,N,
LADM,Pacer Swan SOS Laddered Moderate ETF,Z,Cboe BZX,Y,N,
LADR,Ladder Capital Corp Class A Common Stock,N,NYSE,N,N,
LAES,SEALSQ Corp - Ordinary Shares,Q,Nasdaq,N,N,N
LAFA,LaFayette Acquisition Corp. - Ordinary Share,Q,Nasdaq,N,N,N
LAFAR,LaFayette Acquisition Corp. - Rights,Q,Nasdaq,N,N,N
LAFAU,LaFayette Acquisition Corp. - Unit,Q,Nasdaq,N,N,N
LAKE,"Lakeland Industries, Inc. - Common Stock",Q,Nasdaq,N,N,N
LALT,First Trust Multi-Strategy Alternative ETF,P,NYSE Arca,Y,N,
LAMR,Lamar Advertising Company - Class A Common Stock,Q,Nasdaq,N,N,N
LAND,Gladstone Land Corporation - Common Stock,Q,Nasdaq,N,N,N
LANDO,Gladstone Land Corporation - 6.00% Series B Cumulative Redeemable Preferred Stock,Q,Nasdaq,N,N,N
LANDP,Gladstone Land Corporation - 6.00% Series C Cumulative Redeemable Preferred Stock,Q,Nasdaq,N,N,N
LANV,Lanvin Group Holdings Limited Ordinary Shares,N,NYSE,N,N,
LAPR,Innovator Premium Income 15 Buffer ETF - April,Z,Cboe BZX,Y,N,
LAR,Lithium Argentina AG Common Shares,N,NYSE,N,N,
LARK,Landmark Bancorp Inc. - Common Stock,Q,Nasdaq,N,N,N
LASC,Corgi LASR 2x Daily ETF,Z,Cboe BZX,Y,N,
LASE,Laser Photonics Corporation - Common Stock,Q,Nasdaq,N,N,N
LASR,"nLIGHT, Inc. - Common Stock",Q,Nasdaq,N,N,N
LATA,Galata Acquisition Corp. II - Class A Ordinary Shares,Q,Nasdaq,N,N,N
LATAU,Galata Acquisition Corp. II - Units,Q,Nasdaq,N,N,N
LATAW,Galata Acquisition Corp. II - Warrant,Q,Nasdaq,N,N,N
LATR,Corgi Buy Now Pay Later ETF,Z,Cboe BZX,Y,N,
LAUR,"Laureate Education, Inc. - Common Stock",Q,Nasdaq,N,N,N
LAW,"CS Disco, Inc. Common Stock",N,NYSE,N,N,
LAWR,"Robot Consulting Co., Ltd. - ADS",Q,Nasdaq,N,N,N
LAZ,"Lazard, Inc. Common Stock",N,NYSE,N,N,
LAZR,Tema Photonics & Optical ETF,P,NYSE Arca,Y,N,
LB,LandBridge Company LLC Class A Shares Representing Limited Liability Company Interests,N,NYSE,N,N,
LBAY,Leatherback Long/Short Alternative Yield ETF,P,NYSE Arca,Y,N,
LBGJ,Li Bang International Corporation Inc. - Class A Ordinary Shares,Q,Nasdaq,N,N,N
LBO,WHITEWOLF Publicly Listed Private Equity ETF,Z,Cboe BZX,Y,N,
LBRDA,Liberty Broadband Corporation - Class A Common Stock,Q,Nasdaq,N,N,N
LBRDK,Liberty Broadband Corporation - Class C Common Stock,Q,Nasdaq,N,N,N
LBRDP,Liberty Broadband Corporation - Series A Cumulative Redeemable Preferred Stock,Q,Nasdaq,N,N,N
LBRT,Liberty Energy Inc. Class A common stock,N,NYSE,N,N,
LBRX,LB Pharmaceuticals Inc - Common Stock,Q,Nasdaq,N,N,N
LBTYA,Liberty Global Ltd. - Class A Common Shares,Q,Nasdaq,N,N,N
LBTYB,Liberty Global Ltd. - Class B Common Shares,Q,Nasdaq,N,N,N
LBTYK,Liberty Global Ltd. - Class C Common Shares,Q,Nasdaq,N,N,N
LCAP,Principal Capital Appreciation Select ETF,Z,Cboe BZX,Y,N,
LCCC,Lakeshore Acquisition III Corp. - Ordinary Shares,Q,Nasdaq,N,N,N
LCCCR,Lakeshore Acquisition III Corp. - Rights,Q,Nasdaq,N,N,N
LCCCU,Lakeshore Acquisition III Corp. - Unit,Q,Nasdaq,N,N,N
LCDL,GraniteShares 2x Long LCID Daily ETF,Q,Nasdaq,Y,N,N
LCDS,JPMorgan Fundamental Data Science Large Core ETF,Q,Nasdaq,Y,N,N
LCF,Touchstone US Large Cap Focused ETF,Z,Cboe BZX,Y,N,
LCFY,Locafy Limited - Ordinary Share,Q,Nasdaq,N,N,N
LCFYW,Locafy Limited - Warrant,Q,Nasdaq,N,N,N
LCID,"Lucid Group, Inc. - Common Stock",Q,Nasdaq,N,N,N
LCII,LCI Industries,N,NYSE,N,N,
LCLG,Logan Capital Broad Innovative Growth ETF,P,NYSE Arca,Y,N,
LCLN,"Lincoln International, Inc. Class A Common Stock",N,NYSE,N,N,
LCNB,LCNB Corporation - Common Stock,Q,Nasdaq,N,N,N
LCO,LOGIQ Contrarian Opportunities ETF,P,NYSE Arca,Y,N,
LCOW,Pacer S&P 500 Quality FCF Aristocrats ETF,Z,Cboe BZX,Y,N,
LCR,Leuthold Core ETF,P,NYSE Arca,Y,N,
LCTD,iShares World ex U.S. Carbon Transition Readiness Aware Active ETF,P,NYSE Arca,Y,N,
LCTO,Kurv U.S. Large Cap TaxOptimized ETF,Z,Cboe BZX,Y,N,
LCTU,iShares U.S. Carbon Transition Readiness Aware Active ETF,P,NYSE Arca,Y,N,
LCTX,"Lineage Cell Therapeutics, Inc. Common Stock",A,NYSE American,N,N,
LCUT,"Lifetime Brands, Inc. - Common Stock",Q,Nasdaq,N,N,N
LDDR,LifeX 2035 Income Bucket ETF,Z,Cboe BZX,Y,N,
LDEM,iShares ESG MSCI EM Leaders ETF,Q,Nasdaq,Y,N,N
LDI,"loanDepot, Inc. Class A Common Stock",N,NYSE,N,N,
LDOS,"Leidos Holdings, Inc. Common Stock",N,NYSE,N,N,
LDP,"Cohen & Steers Limited Duration Preferred and Income Fund, Inc.",N,NYSE,N,N,
LDRC,iShares iBonds 1-5 Year Corporate Ladder ETF,P,NYSE Arca,Y,N,
LDRH,iShares iBonds 1-5 Year High Yield and Income Ladder ETF,P,NYSE Arca,Y,N,
LDRI,iShares iBonds 1-5 Year TIPS Ladder ETF,P,NYSE Arca,Y,N,
LDRT,iShares iBonds 1-5 Year Treasury Ladder ETF,P,NYSE Arca,Y,N,
LDRX,SGI Enhanced Market Leaders ETF,Q,Nasdaq,Y,N,N
LDSF,First Trust Low Duration Strategic Focus ETF,Q,Nasdaq,Y,N,N
LDUR,PIMCO Enhanced Low Duration Active Exchange-Traded Fund,P,NYSE Arca,Y,N,
LE,"Lands' End, Inc. - Common Stock",Q,Nasdaq,N,N,N
LEA,Lear Corporation Common Stock,N,NYSE,N,N,
LEAD,Siren DIVCON Leaders Dividend ETF,Z,Cboe BZX,Y,N,
LECO,"Lincoln Electric Holdings, Inc. - Common Shares",Q,Nasdaq,N,N,N
LEDS,SemiLEDS Corporation - Common Stock,Q,Nasdaq,N,N,D
LEE,"Lee Enterprises, Incorporated - Common Stock",Q,Nasdaq,N,N,N
LEG,"Leggett & Platt, Incorporated Common Stock",N,NYSE,N,N,
LEGH,Legacy Housing Corporation - Common Stock,Q,Nasdaq,N,N,N
LEGN,Legend Biotech Corporation - American Depositary Shares,Q,Nasdaq,N,N,N
LEGO,Legato Merger Corp. IV Ordinary Shares,A,NYSE American,N,N,
LEGO.U,"Legato Merger Corp. IV Units, each consisting of one ordinary share and one-third of one redeemable warrant",A,NYSE American,N,N,
LEGO.W,"Legato Merger Corp. IV Redeemable Warrants, each whole warrant exercisable to purchase one ordinary share at an exercise price of $11.50 per share",A,NYSE American,N,N,
LEGR,First Trust Indxx Innovative Transaction & Process ETF,Q,Nasdaq,Y,N,N
LEMB,iShares J.P. Morgan EM Local Currency Bond,P,NYSE Arca,Y,N,
LEN,Lennar Corporation Class A Common Stock,N,NYSE,N,N,
LEN.B,Lennar Corporation Class B,N,NYSE,N,N,
LEND,SEI High Yield Bond & Alternative Credit ETF,Q,Nasdaq,Y,N,N
LENS,Sarmaya Thematic ETF,Z,Cboe BZX,Y,N,
LENZ,"LENZ Therapeutics, Inc. - Common Stock",Q,Nasdaq,N,N,N
LEO,"BNY Mellon Strategic Municipals, Inc. Common Stock",N,NYSE,N,N,
LESL,"Leslie's, Inc. - Common Stock",Q,Nasdaq,N,N,N
LEU,Centrus Energy Corp. Class A Common Stock,N,NYSE,N,N,
LEUX,Tradr 2X Long LEU Daily ETF,Z,Cboe BZX,Y,N,
LEVI,Levi Strauss & Co Class A Common Stock,N,NYSE,N,N,
LEXI,Alexis Practical Tactical ETF,Q,Nasdaq,Y,N,N
LEXX,Lexaria Bioscience Corp. - Common Stock,Q,Nasdaq,N,N,D
LFAC,Leapfrog Acquisition Corporation - Class A Ordinary Shares,Q,Nasdaq,N,N,N
LFACU,Leapfrog Acquisition Corporation - Units,Q,Nasdaq,N,N,N
LFACW,Leapfrog Acquisition Corporation - Warrants,Q,Nasdaq,N,N,N
LFAI,LifeX 2050 Longevity Income ETF,Z,Cboe BZX,Y,N,
LFAO,LifeX 2055 Longevity Income ETF,Z,Cboe BZX,Y,N,
LFAW,LifeX 2060 Longevity Income ETF,Z,Cboe BZX,Y,N,
LFBE,LifeX 2065 Longevity Income ETF,Z,Cboe BZX,Y,N,
LFCR,"Lifecore Biomedical, Inc. - Common Stock",Q,Nasdaq,N,N,N
LFDR,LifeX Durable Income ETF,Z,Cboe BZX,Y,N,
LFEQ,VanEck Long/Flat Trend ETF,P,NYSE Arca,Y,N,
LFGY,YieldMax Crypto Industry & Tech Portfolio Option Income ETF,P,NYSE Arca,Y,N,
LFMD,"LifeMD, Inc. - Common Stock",Q,Nasdaq,N,N,N
LFMDP,"LifeMD, Inc. - 8.875% Series A Cumulative Perpetual Preferred Stock",Q,Nasdaq,N,N,N
LFS,"LEIFRAS Co., Ltd. - American Depositary Shares",Q,Nasdaq,N,N,N
LFSC,F/m Emerald Life Sciences Innovation ETF,Q,Nasdaq,Y,N,N
LFST,"LifeStance Health Group, Inc. - Common Stock",Q,Nasdaq,N,N,N
LFT,"Lument Finance Trust, Inc. Common Stock",N,NYSE,N,N,
LFT$A,"Lument Finance Trust, Inc. 7.875% Series A Cumulative Redeemable Preferred Stock",N,NYSE,N,N,
LFTO,"Liftoff Mobile, Inc. - Common Stock",Q,Nasdaq,N,N,N
LFUS,"Littelfuse, Inc. - Common Stock",Q,Nasdaq,N,N,N
LFVN,Lifevantage Corporation - Common Stock,Q,Nasdaq,N,N,N
LFWD,Lifeward Ltd. - Ordinary Shares,Q,Nasdaq,N,N,N
LGCF,Themes US Cash Flow Champions ETF,Q,Nasdaq,Y,N,N
LGCL,Lucas GC Limited - Class A Ordinary Shares,Q,Nasdaq,N,N,N
LGCY,Legacy Education Inc. Common Stock,A,NYSE American,N,N,
LGDS,JPMorgan Fundamental Data Science Large Growth ETF,Q,Nasdaq,Y,N,N
LGDX,Intech S&P Large Cap Diversified Alpha ETF,P,NYSE Arca,Y,N,
LGH,HCM Defender 500 Index ETF,P,NYSE Arca,Y,N,
LGHL,Lion Group Holding Ltd. - American Depositary Share,Q,Nasdaq,N,N,N
LGHT,Langar Global HealthTech ETF,P,NYSE Arca,Y,N,
LGI,Lazard Global Total Return and Income Fund Common Stock,N,NYSE,N,N,
LGIH,"LGI Homes, Inc. - Common Stock",Q,Nasdaq,N,N,N
LGL,"LGL Group, Inc. (The) Common Stock",A,NYSE American,N,N,
LGLV,State Street SPDR US Large Cap Low Volatility Index ETF,P,NYSE Arca,Y,N,
LGN,Legence Corp. - Class A Common stock,Q,Nasdaq,N,N,N
LGND,Ligand Pharmaceuticals Incorporated - Common Stock,Q,Nasdaq,N,N,N
LGO,Largo Inc. - Common Shares,Q,Nasdaq,N,N,D
LGOV,First Trust Long Duration Opportunities ETF,P,NYSE Arca,Y,N,
LGPS,LogProstyle Inc. Common Shares,A,NYSE American,N,N,
LGRO,Level Four Large Cap Growth Active ETF,Q,Nasdaq,Y,N,N
LGVN,Longeveron Inc. - Class A Common stock,Q,Nasdaq,N,N,D
LH,Labcorp Holdings Inc. Common Stock,N,NYSE,N,N,
LHAI,Linkhome Holdings Inc. - Common stock,Q,Nasdaq,N,N,D
LHSW,Lianhe Sowell International Group Ltd - Class A Ordinary Shares,Q,Nasdaq,N,N,N
LHX,"L3Harris Technologies, Inc. Common Stock",N,NYSE,N,N,
LI,Li Auto Inc. - American Depositary Shares,Q,Nasdaq,N,N,N
LIAE,LifeX 2050 Inflation-Protected Longevity Income ETF,Z,Cboe BZX,Y,N,
LIAM,LifeX 2055 Inflation-Protected Longevity Income ETF,Z,Cboe BZX,Y,N,
LIAU,LifeX 2060 Inflation-Protected Longevity Income ETF,Z,Cboe BZX,Y,N,
LIBD,LifeX 2065 Inflation-Protected Longevity Income ETF,Z,Cboe BZX,Y,N,
LICN,Lichen International Limited - Class A Ordinary Shares,Q,Nasdaq,N,N,N
LIDR,"AEye, Inc. - Class A Common Stock",Q,Nasdaq,N,N,N
LIDRW,"AEye, Inc. - Warrant",Q,Nasdaq,N,N,N
LIEN,"Chicago Atlantic BDC, Inc. - Common Stock",Q,Nasdaq,N,N,N
LIF,"Life360, Inc. - Common Stock",Q,Nasdaq,N,N,N
LIFE,Ethos Technologies Inc. - Class A Common Stock,Q,Nasdaq,N,N,N
LIFT,LifeX 2028 Income Bucket ETF,Z,Cboe BZX,Y,N,
LII,"Lennox International, Inc. Common Stock",N,NYSE,N,N,
LILA,Liberty Latin America Ltd. - Class A Common Stock,Q,Nasdaq,N,N,N
LILAK,Liberty Latin America Ltd. - Class C Common Stock,Q,Nasdaq,N,N,N
LILAP,Liberty Latin America Ltd. - 9.0% Fixed Rate Cumulative Perpetual Redeemable Series A Preference Shares,Q,Nasdaq,N,N,N
LIME,"Neutron Holdings, Inc. - Common Stock",Q,Nasdaq,N,N,N
LIMI,Themes Lithium & Battery Metal Miners ETF,Z,Cboe BZX,Y,N,
LIMN,"Liminatus Pharma, Inc. - Class A Common Stock",Q,Nasdaq,N,N,D
LIMNW,"Liminatus Pharma, Inc. - Warrants",Q,Nasdaq,N,N,N
LIN,Linde plc - Ordinary Shares,Q,Nasdaq,N,N,N
LINC,Lincoln Educational Services Corporation - Common Stock,Q,Nasdaq,N,N,N
LIND,Lindblad Expeditions Holdings Inc.  - Common Stock,Q,Nasdaq,N,N,N
LINE,"Lineage, Inc. - Common Stock",Q,Nasdaq,N,N,N
LINK,"Interlink Electronics, Inc. - Common Stock",Q,Nasdaq,N,N,N
LINT,Direxion Daily INTC Bull 2X ETF,Q,Nasdaq,Y,N,N
LION,Lionsgate Studios Corp Common Shares,N,NYSE,N,N,
LIQT,"LiqTech International, Inc. - Common Stock",Q,Nasdaq,N,N,N
LIT,Global X Lithium & Battery Tech ETF,P,NYSE Arca,Y,N,
LITB,"LightInTheBox Holding Co., Ltd. American Depositary Shares, each representing twelve ordinary shares",N,NYSE,N,N,
LITC,Corgi LITE 2x Daily ETF,Z,Cboe BZX,Y,N,
LITE,Lumentum Holdings Inc. - Common Stock,Q,Nasdaq,N,N,N
LITL,Simplify Piper Sandler US Small-Cap PLUS Income ETF,P,NYSE Arca,Y,N,
LITP,Sprott Lithium Miners ETF,Q,Nasdaq,Y,N,N
LITS,"Lite Strategy, Inc. - Common Stock",Q,Nasdaq,N,N,N
LITU,T-REX 2X Long LITE Daily Target ETF,Z,Cboe BZX,Y,N,
LITX,Tradr 2X Long LITE Daily ETF,Z,Cboe BZX,Y,N,
LITZ,Tradr 2X Short LITE Daily ETF,Z,Cboe BZX,Y,N,
LIVE,Live Ventures Incorporated - Common Stock,Q,Nasdaq,N,N,N
LIVN,LivaNova PLC - Ordinary Shares,Q,Nasdaq,N,N,N
LJAN,Innovator Premium Income 15 Buffer ETF - January,Z,Cboe BZX,Y,N,
LJUL,Innovator Premium Income 15 Buffer ETF - July,Z,Cboe BZX,Y,N,
LKFN,Lakeland Financial Corporation - Common Stock,Q,Nasdaq,N,N,N
LKFT,Lakefront Biotherapeutics - American Depositary Shares,Q,Nasdaq,N,N,N
LKOR,FlexShares Credit-Scored US Long Corporate Bond Index Fund,Z,Cboe BZX,Y,N,
LKQ,LKQ Corporation - Common Stock,Q,Nasdaq,N,N,N
LKSP,Lake Superior Acquisition Corp. - Class A Ordinary Shares,Q,Nasdaq,N,N,N
LKSPR,Lake Superior Acquisition Corp. - Rights,Q,Nasdaq,N,N,N
LKSPU,Lake Superior Acquisition Corp. - Units,Q,Nasdaq,N,N,N
LLDR,Global X Long-Term Treasury Ladder ETF,P,NYSE Arca,Y,N,
LLY,Eli Lilly and Company Common Stock,N,NYSE,N,N,
LLYVA,"Liberty Live Holdings, Inc. - Series A Liberty Live Group Common Stock",Q,Nasdaq,N,N,N
LLYVK,"Liberty Live Holdings, Inc. - Series C Liberty Live Group Common Stock",Q,Nasdaq,N,N,N
LLYX,Defiance Daily Target 2X Long LLY ETF,P,NYSE Arca,Y,N,
LMAT,"LeMaitre Vascular, Inc. - Common Stock",Q,Nasdaq,N,N,N
LMB,"Limbach Holdings, Inc. - Common Stock",Q,Nasdaq,N,N,N
LMBS,First Trust Low Duration Opportunities ETF,Q,Nasdaq,Y,N,N
LMFA,"LM Funding America, Inc. - Common Stock",Q,Nasdaq,N,N,D
LMND,"Lemonade, Inc. Common Stock",N,NYSE,N,N,
LMNR,Limoneira Co - Common Stock,Q,Nasdaq,N,N,N
LMNX,Defiance Daily Target 2x Long LMND ETF,Q,Nasdaq,Y,N,N
LMRI,"Lumexa Imaging Holdings, Inc. - Common Stock",Q,Nasdaq,N,N,N
LMT,Lockheed Martin Corporation Common Stock,N,NYSE,N,N,
LMTL,Direxion Daily LMT Bull 2X ETF,Q,Nasdaq,Y,N,N
LMUB,iShares Long-Term National Muni Bond ETF,P,NYSE Arca,Y,N,
LNAI,Lunai Bioworks Inc. - Common Stock,Q,Nasdaq,N,N,N
LNC,Lincoln National Corporation Common Stock,N,NYSE,N,N,
LNC$D,"Lincoln National Corporation Depositary Shares Each Representing a 1/1,000th Interest in a Share of 9.000% Non-Cumulative Preferred Stock, Series D",N,NYSE,N,N,
LND,Brasilagro Brazilian Agric Real Estate Co Sponsored ADR (Brazil),N,NYSE,N,N,
LNG,"Cheniere Energy, Inc. Common Stock",N,NYSE,N,N,
LNGX,Global X U.S. Natural Gas ETF,P,NYSE Arca,Y,N,
LNKS,Linkers Industries Limited - Class A Ordinary Shares,Q,Nasdaq,N,N,N
LNN,Lindsay Corporation Common Stock,N,NYSE,N,N,
LNOK,Defiance Daily Target 2X Long NOK ETF,Z,Cboe BZX,Y,N,
LNSR,"LENSAR, Inc. - Common Stock",Q,Nasdaq,N,N,N
LNT,Alliant Energy Corporation - Common Stock,Q,Nasdaq,N,N,N
LNTH,"Lantheus Holdings, Inc. - Common Stock",Q,Nasdaq,N,N,N
LNZA,"LanzaTech Global, Inc. - Common Stock",Q,Nasdaq,N,N,N
LNZAW,"LanzaTech Global, Inc. - Warrant",Q,Nasdaq,N,N,N
LOAN,"Manhattan Bridge Capital, Inc - Common Stock",Q,Nasdaq,N,N,N
LOAR,Loar Holdings Inc. Common Stock,N,NYSE,N,N,
LOB,"Live Oak Bancshares, Inc. Common Stock",N,NYSE,N,N,
LOB$A,"Live Oak Bancshares, Inc. Depositary Shares, Each Representing a 1/40th Interest in a Share of 8.375% Fixed Rate Series A Non-Cumulative Perpetual Preferred Stock",N,NYSE,N,N,
LOBO,LOBO TECHNOLOGIES LTD. - Class A Ordinary Shares,Q,Nasdaq,N,N,D
LOCL,Local Bounti Corporation Common Stock,N,NYSE,N,N,
LOCO,"El Pollo Loco Holdings, Inc. - Common Stock",Q,Nasdaq,N,N,N
LOCT,Innovator Premium Income 15 Buffer ETF - October,Z,Cboe BZX,Y,N,
LODE,Comstock Inc. Common Stock,A,NYSE American,N,N,
LODI,AAM SLC Low Duration Income ETF,P,NYSE Arca,Y,N,
LOFF,Direxion Daily SpaceX Bull 2X ETF,P,NYSE Arca,Y,N,
LOGI,Logitech International S.A. - Registered Shares,Q,Nasdaq,N,N,N
LOGO,Alpha Brands Consumption Leaders ETF,Q,Nasdaq,Y,N,N
LOHA,Roundhill HALO ETF,Z,Cboe BZX,Y,N,
LOMA,Loma Negra Compania Industrial Argentina Sociedad Anonima ADS,N,NYSE,N,N,
LONA,"LeonaBio, Inc. - Common Stock",Q,Nasdaq,N,N,N
LONZ,PIMCO Senior Loan Active Exchange-Traded Fund,P,NYSE Arca,Y,N,
LOOP,"Loop Industries, Inc. - Common Stock",Q,Nasdaq,N,N,N
LOPE,"Grand Canyon Education, Inc. - Common Stock",Q,Nasdaq,N,N,N
LOPP,Gabelli Love Our Planet & People ETF Gabelli Love Our Planet & People ETF,P,NYSE Arca,Y,N,
LOT,Lotus Technology Inc. - American Depositary Shares,Q,Nasdaq,N,N,N
LOTI,Liberty One Tactical Income ETF,Q,Nasdaq,Y,N,N
LOTWW,Lotus Technology Inc. - Warrants,Q,Nasdaq,N,N,N
LOUP,Innovator Deepwater Frontier Tech ETF,P,NYSE Arca,Y,N,
LOVE,The Lovesac Company - Common Stock,Q,Nasdaq,N,N,N
LOW,"Lowe's Companies, Inc. Common Stock",N,NYSE,N,N,
LOWV,AB US Low Volatility Equity ETF,P,NYSE Arca,Y,N,
LPA,Logistic Properties of the Americas Ordinary Shares,A,NYSE American,N,N,
LPAA,Launch One Acquisition Corp. - Class A Ordinary Shares,Q,Nasdaq,N,N,N
LPAAU,Launch One Acquisition Corp. - Unit,Q,Nasdaq,N,N,N
LPAAW,Launch One Acquisition Corp. - Warrant,Q,Nasdaq,N,N,N
LPBB,Launch Two Acquisition Corp. - Class A Ordinary Shares,Q,Nasdaq,N,N,N
LPBBU,Launch Two Acquisition Corp. - Unit,Q,Nasdaq,N,N,N
LPBBW,Launch Two Acquisition Corp. - Warrant,Q,Nasdaq,N,N,N
LPCN,Lipocine Inc. - Common Stock,Q,Nasdaq,N,N,N
LPCV,Launchpad Cadenza Acquisition Corp I - Class A Ordinary Share,Q,Nasdaq,N,N,N
LPCVU,Launchpad Cadenza Acquisition Corp I - Unit,Q,Nasdaq,N,N,N
LPCVW,Launchpad Cadenza Acquisition Corp I - Warrant,Q,Nasdaq,N,N,N
LPG,Dorian LPG Ltd. Common Stock,N,NYSE,N,N,
LPL,"LG Display Co, Ltd AMERICAN DEPOSITORY SHARES",N,NYSE,N,N,
LPLA,LPL Financial Holdings Inc. - Common Stock,Q,Nasdaq,N,N,N
LPRE,Long Pond Real Estate Select ETF,P,NYSE Arca,Y,N,
LPRO,Open Lending Corporation - Common Stock,Q,Nasdaq,N,N,N
LPSN,"LivePerson, Inc. - Common Stock",Q,Nasdaq,N,N,N
LPTH,"LightPath Technologies, Inc. - Class A Common Stock",Q,Nasdaq,N,N,N
LPX,Louisiana-Pacific Corporation Common Stock,N,NYSE,N,N,
LQ,Simplify Tax Aware Alternatives ETF,Q,Nasdaq,Y,N,N
LQAI,LG QRAFT AI-Powered U.S. Large Cap Core ETF,P,NYSE Arca,Y,N,
LQD,iShares iBoxx $ Investment Grade Corporate Bond ETF,P,NYSE Arca,Y,N,
LQDA,Liquidia Corporation - Common Stock,Q,Nasdaq,N,N,N
LQDB,iShares BBB Rated Corporate Bond ETF,P,NYSE Arca,Y,N,
LQDH,iShares Interest Rate Hedged Corporate Bond ETF,P,NYSE Arca,Y,N,
LQDI,iShares Inflation Hedged Corporate Bond ETF,Z,Cboe BZX,Y,N,
LQDM,Amplify LQD Investment Grade 12% Target Income ETF,Z,Cboe BZX,Y,N,
LQDT,"Liquidity Services, Inc. - Common Stock",Q,Nasdaq,N,N,N
LQDW,iShares Investment Grade Corporate Bond BuyWrite Strategy ETF,Z,Cboe BZX,Y,N,
LQID,Kurv Enhanced Short Maturity ETF,Z,Cboe BZX,Y,N,
LQTI,FT Vest Investment Grade & Target Income ETF,P,NYSE Arca,Y,N,
LRCC,Corgi LRCX 2x Daily ETF,Z,Cboe BZX,Y,N,
LRCU,Tradr 2X Long LRCX Daily ETF,Z,Cboe BZX,Y,N,
LRCX,Lam Research Corporation - Common Stock,Q,Nasdaq,N,N,N
LRE,"Lead Real Estate Co., Ltd - American Depositary Shares",Q,Nasdaq,N,N,N
LRGC,AB US Large Cap Strategic Equities ETF,P,NYSE Arca,Y,N,
LRGE,ClearBridge Large Cap Growth Select ETF,Q,Nasdaq,Y,N,N
LRGF,iShares U.S. Equity Factor ETF,P,NYSE Arca,Y,N,
LRGG,Nomura Focused Large Growth ETF,P,NYSE Arca,Y,N,
LRHC,La Rosa Holdings Corp. - Common Stock,Q,Nasdaq,N,N,H
LRMR,"Larimar Therapeutics, Inc. - Common Stock",Q,Nasdaq,N,N,N
LRN,"Stride, Inc. Common Stock",N,NYSE,N,N,
LRND,NYLI U.S. Large Cap R&D Leaders ETF,Q,Nasdaq,Y,N,N
LRNX,Corgi LRN 2x Daily ETF,Z,Cboe BZX,Y,N,
LRNZ,"TrueShares Technology, AI & Deep Learning ETF",Z,Cboe BZX,Y,N,
LSAF,LeaderShares AlphaFactor US Core Equity ETF,P,NYSE Arca,Y,N,
LSAK,"Lesaka Technologies, Inc. - Common Stock",Q,Nasdaq,N,N,N
LSAT,LeaderShares AlphaFactor Tactical Focused ETF,P,NYSE Arca,Y,N,
LSBK,"Lake Shore Bancorp, Inc. - Common Stock",Q,Nasdaq,N,N,N
LSCC,Lattice Semiconductor Corporation - Common Stock,Q,Nasdaq,N,N,N
LSCP,Natixis Loomis Sayles Dynamic Core Plus ETF,P,NYSE Arca,Y,N,
LSE,"Leishen Energy Holding Co., Ltd. - Class A Ordinary Shares",Q,Nasdaq,N,N,N
LSEQ,Harbor Long-Short Equity ETF,P,NYSE Arca,Y,N,
LSF,"Laird Superfood, Inc. Common Stock",A,NYSE American,N,N,
LSGR,Natixis Loomis Sayles Focused Growth ETF,P,NYSE Arca,Y,N,
LSH,Lakeside Holding Limited - Common Stock,Q,Nasdaq,N,N,D
LSPD,Lightspeed Commerce Inc. Subordinate Voting Shares,N,NYSE,N,N,
LST,Leuthold Select Industries ETF,P,NYSE Arca,Y,N,
LSTA,"Lisata Therapeutics, Inc. - Common Stock",Q,Nasdaq,N,N,N
LSTB,Natixis Loomis Sayles Total Return Bond ETF,P,NYSE Arca,Y,N,
LSTR,"Landstar System, Inc. - Common Stock",Q,Nasdaq,N,N,N
LSVD,LSV Disciplined Value ETF,P,NYSE Arca,Y,N,
LTAX,Nomura Tax-Free USA ETF,P,NYSE Arca,Y,N,
LTBR,Lightbridge Corporation - Common Stock,Q,Nasdaq,N,N,N
LTC,"LTC Properties, Inc. Common Stock",N,NYSE,N,N,
LTCC,Canary Litecoin ETF,Q,Nasdaq,Y,N,N
LTGRU,Long Table Growth Corp. - Units,Q,Nasdaq,N,N,N
LTH,"Life Time Group Holdings, Inc. Common Stock",N,NYSE,N,N,
LTL,ProShares Ultra Communication Services,P,NYSE Arca,Y,N,
LTM,"LATAM Airlines Group S.A. American Depositary Shares (each representing two thousand (2,000) shares of Common Stock)",N,NYSE,N,N,
LTPZ,Pimco 15  Year U.S. TIPS Index Exchange-Traded Fund,P,NYSE Arca,Y,N,
LTRN,Lantern Pharma Inc. - Common Stock,Q,Nasdaq,N,N,N
LTRX,"Lantronix, Inc. - Common Stock",Q,Nasdaq,N,N,N
LTRYW,Sports Entertainment Gaming Global Corporation  - Warrant,Q,Nasdaq,N,N,E
LTTI,FT Vest 20+ Year Treasury & Target Income ETF,P,NYSE Arca,Y,N,
LU,"Lufax Holding Ltd American Depositary Shares, each representing two (2) Ordinary Shares",N,NYSE,N,N,
LUCD,Lucid Diagnostics Inc. - Common Stock,Q,Nasdaq,N,N,N
LUCK,Lucky Strike Entertainment Corporation Class A Common Stock,N,NYSE,N,N,
LUCY,"Innovative Eyewear, Inc. - Common Stock",Q,Nasdaq,N,N,N
LUCYW,"Innovative Eyewear, Inc. - Warrants",Q,Nasdaq,N,N,N
LUD,Luda Technology Group Limited Ordinary Shares,A,NYSE American,N,N,
LULG,Leverage Shares 2X Long LULU Daily ETF,Q,Nasdaq,Y,N,N
LULU,lululemon athletica inc. - Common Stock,Q,Nasdaq,N,N,N
LUMN,"Lumen Technologies, Inc. Common Stock",N,NYSE,N,N,
LUNG,Pulmonx Corporation - Common Stock,Q,Nasdaq,N,N,N
LUNL,Defiance Daily Target 2X Long LUNR ETF,Z,Cboe BZX,Y,N,
LUNR,"Intuitive Machines, Inc. - Class A Common Stock",Q,Nasdaq,N,N,N
LUV,Southwest Airlines Company Common Stock,N,NYSE,N,N,
LUXE,"LuxExperience B.V. American Depositary Shares, each representing one Ordinary Share",N,NYSE,N,N,
LVDS,JPMorgan Fundamental Data Science Large Value ETF,Q,Nasdaq,Y,N,N
LVHD,Franklin U.S. Low Volatility High Dividend Index ETF,Q,Nasdaq,Y,N,N
LVHI,Franklin International Low Volatility High Dividend Index ETF,Z,Cboe BZX,Y,N,
LVIG,Longview Advantage Fixed Income ETF,Q,Nasdaq,Y,N,N
LVLN,State Street SPDR S&P Leveraged Loan ETF,P,NYSE Arca,Y,N,
LVLU,"Lulu's Fashion Lounge Holdings, Inc. - Common Stock",Q,Nasdaq,N,N,D
LVO,"LiveOne, Inc. - Common Stock",Q,Nasdaq,N,N,N
LVS,Las Vegas Sands Corp. Common Stock,N,NYSE,N,N,
LVWR,"LiveWire Group, Inc. Common Stock",N,NYSE,N,N,
LVWR.W,"LiveWire Group, Inc. Warrants, each exercisable for one share of Common Stock at an exercise price of $11.50 per share",N,NYSE,N,N,
LW,"Lamb Weston Holdings, Inc. Common Stock ",N,NYSE,N,N,
LWAC,LightWave Acquisition Corp. - Class A Ordinary Shares,Q,Nasdaq,N,N,N
LWACU,LightWave Acquisition Corp. - Units,Q,Nasdaq,N,N,N
LWACW,LightWave Acquisition Corp. - Warrants,Q,Nasdaq,N,N,N
LWAY,"Lifeway Foods, Inc. - Common Stock",Q,Nasdaq,N,N,N
LWLG,"Lightwave Logic, Inc. - Common Stock",Q,Nasdaq,N,N,N
LX,LexinFintech Holdings Ltd. - American Depositary Shares,Q,Nasdaq,N,N,N
LXEH,"Lixiang Education Holding Co., Ltd. - American Depositary Shares",Q,Nasdaq,N,N,N
LXEO,"Lexeo Therapeutics, Inc. - Common Stock",Q,Nasdaq,N,N,N
LXFR,Luxfer Holdings PLC Ordinary Shares,N,NYSE,N,N,
LXP,LXP Industrial Trust Common Stock (Maryland REIT),N,NYSE,N,N,
LXP$C,LXP Industrial Trust 6.5% Series C Cumulative Convertible Preferred Stock,N,NYSE,N,N,
LXRX,"Lexicon Pharmaceuticals, Inc. - Common Stock",Q,Nasdaq,N,N,N
LXU,"LSB Industries, Inc. Common Stock",N,NYSE,N,N,
LYB,LyondellBasell Industries NV Ordinary Shares Class A (Netherlands),N,NYSE,N,N,
LYEL,"Lyell Immunopharma, Inc. - Common Stock",Q,Nasdaq,N,N,N
LYFT,"Lyft, Inc. - Class A Common Stock",Q,Nasdaq,N,N,N
LYG,Lloyds Banking Group Plc American Depositary Shares,N,NYSE,N,N,
LYLD,Cambria Large Cap Shareholder Yield ETF,Z,Cboe BZX,Y,N,
LYTS,LSI Industries Inc. - Common Stock,Q,Nasdaq,N,N,N
LYV,"Live Nation Entertainment, Inc. Common Stock",N,NYSE,N,N,
LZ,"LegalZoom.com, Inc. - Common Stock",Q,Nasdaq,N,N,N
LZB,La-Z-Boy Incorporated Common Stock,N,NYSE,N,N,
LZM,Lifezone Metals Limited Ordinary Shares,N,NYSE,N,N,
LZM.W,Lifezone Metals Limited Warrants,N,NYSE,N,N,
LZMH,LZ Technology Holdings Limited - Class B Ordinary Shares,Q,Nasdaq,N,N,N
M,Macy's Inc Common Stock,N,NYSE,N,N,
MA,Mastercard Incorporated Common Stock,N,NYSE,N,N,
MAA,"Mid-America Apartment Communities, Inc. Common Stock",N,NYSE,N,N,
MAA$I,"Mid-America Apartment Communities, Inc. 8.50% Series I Cumulative Redeemable Preferred Stock",N,NYSE,N,N,
MAAS,Maase Inc. - Class A Ordinary Shares,Q,Nasdaq,N,N,N
MAAY,GraniteShares YieldBOOST MARA ETF,Q,Nasdaq,Y,N,N
MAC,Macerich Company (The) Common Stock,N,NYSE,N,N,
MACI,Melar Acquisition Corp. I - Class A Ordinary Shares,Q,Nasdaq,N,N,N
MACIU,Melar Acquisition Corp. I - Unit,Q,Nasdaq,N,N,N
MACIW,Melar Acquisition Corp. I - Warrant,Q,Nasdaq,N,N,N
MADE,iShares U.S. Manufacturing ETF,P,NYSE Arca,Y,N,
MAGA,Point Bridge America First ETF,Z,Cboe BZX,Y,N,
MAGC,Roundhill China Magnificent Seven ETF,Z,Cboe BZX,Y,N,
MAGG,Madison Aggregate Bond ETF,P,NYSE Arca,Y,N,
MAGH,Magnitude International Ltd - Ordinary Shares,Q,Nasdaq,N,N,N
MAGN,Magnera Corporation Common Stock,N,NYSE,N,N,
MAGS,Roundhill Magnificent Seven ETF,Z,Cboe BZX,Y,N,
MAGX,Roundhill Daily 2X Long Magnificent Seven ETF,Z,Cboe BZX,Y,N,
MAGY,Roundhill Magnificent Seven Covered Call ETF,Z,Cboe BZX,Y,N,
MAIA,"MAIA Biotechnology, Inc. Common Stock",A,NYSE American,N,N,
MAIN,Main Street Capital Corporation Common Stock,N,NYSE,N,N,
MAIR,Madison Air Solutions Corporation Class A Common Stock,N,NYSE,N,N,
MAKO,Mako Mining Corp - Common Stock,Q,Nasdaq,N,N,N
MAKX,ProShares S&P Kensho Smart Factories ETF,P,NYSE Arca,Y,N,
MAMA,"Mama's Creations, Inc. - Common Stock",Q,Nasdaq,N,N,N
MAMB,Monarch Ambassador Income Index ETF,Z,Cboe BZX,Y,N,
MAMK,MaxsMaking Inc. - Class A Ordinary Shares,Q,Nasdaq,N,N,N
MAMO,Massimo Group - Common Stock,Q,Nasdaq,N,N,N
MAN,ManpowerGroup Common Stock,N,NYSE,N,N,
MANE,"Veradermics, Incorporated Common Stock",N,NYSE,N,N,
MANH,"Manhattan Associates, Inc. - Common Stock",Q,Nasdaq,N,N,N
MANI,Man Active Income ETF,P,NYSE Arca,Y,N,
MANU,Manchester United Ltd. Class A Ordinary Shares,N,NYSE,N,N,
MAPP,Harbor Multi-Asset Explorer ETF,P,NYSE Arca,Y,N,
MAR,Marriott International - Class A Common Stock,Q,Nasdaq,N,N,N
MARA,"MARA Holdings, Inc. - Common Stock",Q,Nasdaq,N,N,N
MARM,FT Vest U.S. Equity Max Buffer ETF - March,Z,Cboe BZX,Y,N,
MARO,YieldMax MARA Option Income Strategy ETF,P,NYSE Arca,Y,N,
MARPS,Marine Petroleum Trust - Units of Beneficial Interest,Q,Nasdaq,N,N,N
MARS,Roundhill Space & Technology ETF,Z,Cboe BZX,Y,N,
MART,AllianzIM U.S. Large Cap Buffer10 Mar ETF,Z,Cboe BZX,Y,N,
MARU,AllianzIM U.S. Equity Buffer15 Uncapped Mar ETF,Z,Cboe BZX,Y,N,
MARW,AllianzIM U.S. Large Cap Buffer20 Mar ETF,Z,Cboe BZX,Y,N,
MARZ,TrueShares Structured Outcome (March) ETF,Z,Cboe BZX,Y,N,
MAS,Masco Corporation Common Stock,N,NYSE,N,N,
MASK,3 E Network Technology Group Ltd - Class A Ordinary Shares,Q,Nasdaq,N,N,N
MASS,908 Devices Inc. - Common Stock,Q,Nasdaq,N,N,N
MAT,"Mattel, Inc. - Common Stock",Q,Nasdaq,N,N,N
MATE,Man Active Trend Enhanced ETF,Q,Nasdaq,Y,N,N
MATH,Metalpha Technology Holding Limited - Ordinary Shares,Q,Nasdaq,N,N,N
MATV,"Mativ Holdings, Inc. Common Stock",N,NYSE,N,N,
MATW,Matthews International Corporation - Class A Common Stock,Q,Nasdaq,N,N,N
MATX,"Matson, Inc. Common Stock",N,NYSE,N,N,
MAUG,Pacer Swan SOS Moderate (August) ETF,Z,Cboe BZX,Y,N,
MAVF,Matrix Advisors Value ETF,P,NYSE Arca,Y,N,
MAX,"MediaAlpha, Inc. Class A Common Stock",N,NYSE,N,N,
MAXI,Simplify Bitcoin Strategy PLUS Income ETF,Q,Nasdaq,Y,N,N
MAXJ,iShares Large Cap Max Buffer Jun ETF,Z,Cboe BZX,Y,N,
MAYC,Corgi U.S. Equities 10% Structured Buffer ETF - May Series,Z,Cboe BZX,Y,N,
MAYM,FT Vest U.S. Equity Max Buffer ETF - May,Z,Cboe BZX,Y,N,
MAYP,PGIM S&P 500 Buffer 12 ETF - May,Z,Cboe BZX,Y,N,
MAYS,"J. W. Mays, Inc. - Common Stock",Q,Nasdaq,N,N,N
MAYT,AllianzIM U.S. Large Cap Buffer10 May ETF,Z,Cboe BZX,Y,N,
MAYU,AllianzIM U.S. Equity Buffer15 Uncapped May ETF,Z,Cboe BZX,Y,N,
MAYW,AllianzIM U.S. Large Cap Buffer20 May ETF,Z,Cboe BZX,Y,N,
MAYZ,TrueShares Structured Outcome (May) ETF,Z,Cboe BZX,Y,N,
MAZE,"Maze Therapeutics, Inc. - Common Stock",Q,Nasdaq,N,N,N
MB,MasterBeef Group - Ordinary Shares,Q,Nasdaq,N,N,N
MBAI,Check-Cap Ltd. - Ordinary Share,Q,Nasdaq,N,N,N
MBAV,M3-Brigade Acquisition V Corp. - Class A Ordinary shares,Q,Nasdaq,N,N,N
MBAVU,M3-Brigade Acquisition V Corp. - Units,Q,Nasdaq,N,N,N
MBAVW,M3-Brigade Acquisition V Corp. - Warrant,Q,Nasdaq,N,N,N
MBB,iShares MBS ETF,Q,Nasdaq,Y,N,N
MBBA,iShares Mortgage-Backed Securities Active ETF,Z,Cboe BZX,Y,N,
MBBB,VanEck Moody's Analytics BBB Corporate Bond ETF,Z,Cboe BZX,Y,N,
MBBC,"Marathon Bancorp, Inc. - Common Stock",Q,Nasdaq,N,N,N
MBC,"MasterBrand, Inc. Common Stock",N,NYSE,N,N,
MBCE,Monarch Blue Chips Elite Index ETF,Z,Cboe BZX,Y,N,
MBGL,Mobility Global Inc. Common Stock,N,NYSE,N,N,
MBI,MBIA Inc. Common Stock,N,NYSE,N,N,
MBIN,Merchants Bancorp - Common Stock,Q,Nasdaq,N,N,N
MBINL,"Merchants Bancorp - Depositary Shares, Each Representing a 1/40th Interest in a Share of 7.625% Fixed Rate Series E Non-Cumulative Perpetual Preferred Stock, without par value",Q,Nasdaq,N,N,N
MBINM,"Merchants Bancorp - Depositary Shares, Each Representing a 1/40th Interest in a Share of 8.25% Fixed-Rate Reset Series D Non-Cumulative Perpetual Preferred Stock",Q,Nasdaq,N,N,N
MBINN,Merchants Bancorp - Depositary Shares 6.00% Fixed Rate Series C Non-Cumulative Perpetual Preferred Stock,Q,Nasdaq,N,N,N
MBIO,"Mustang Bio, Inc. - Common Stock",Q,Nasdaq,N,N,D
MBLY,Mobileye Global Inc. - Class A Common Stock,Q,Nasdaq,N,N,N
MBND,State Street Nuveen Municipal Bond ETF,Z,Cboe BZX,Y,N,
MBNKO,"Medallion Bank - Fixed-Rate Reset Non-Cumulative Perpetual Preferred Stock, Series G, par value $1.00 per share",Q,Nasdaq,N,N,N
MBOT,Microbot Medical Inc.  - Common Stock,Q,Nasdaq,N,N,N
MBOX,Freedom Day Dividend ETF,P,NYSE Arca,Y,N,
MBRX,"Moleculin Biotech, Inc. - Common Stock",Q,Nasdaq,N,N,N
MBS,Angel Oak Mortgage-Backed Securities ETF,Q,Nasdaq,Y,N,N
MBSD,FlexShares Disciplined Duration MBS Index Fund,P,NYSE Arca,Y,N,
MBSF,Regan Floating Rate MBS ETF,P,NYSE Arca,Y,N,
MBSX,Regan Fixed Rate MBS ETF,P,NYSE Arca,Y,N,
MBUU,"Malibu Boats, Inc. - Common Stock",Q,Nasdaq,N,N,N
MBVI,M3-Brigade Acquisition VI Corp. - Class A Ordinary Shares,Q,Nasdaq,N,N,N
MBVIU,M3-Brigade Acquisition VI Corp. - Units,Q,Nasdaq,N,N,N
MBVIW,M3-Brigade Acquisition VI Corp. - Warrant,Q,Nasdaq,N,N,N
MBWM,Mercantile Bank Corporation - Common Stock,Q,Nasdaq,N,N,N
MBX,"MBX Biosciences, Inc. - Common Stock",Q,Nasdaq,N,N,N
MC,Moelis & Company Class A Common Stock,N,NYSE,N,N,
MCAH,Mountain Crest Acquisition 6 Corp. - Ordinary Shares,Q,Nasdaq,N,N,N
MCAHR,Mountain Crest Acquisition 6 Corp. - Rights,Q,Nasdaq,N,N,N
MCAHU,Mountain Crest Acquisition 6 Corp. - Units,Q,Nasdaq,N,N,N
MCB,Metropolitan Bank Holding Corp. Common Stock,N,NYSE,N,N,
MCBS,"MetroCity Bankshares, Inc. - Common Stock",Q,Nasdaq,N,N,N
MCD,McDonald's Corporation Common Stock,N,NYSE,N,N,
MCDS,JPMorgan Fundamental Data Science Mid Core ETF,Q,Nasdaq,Y,N,N
MCFT,"MasterCraft Boat Holdings, Inc. - Common Stock",Q,Nasdaq,N,N,N
MCGA,Yorkville Acquisition Corp. - Class A Ordinary Share,Q,Nasdaq,N,N,N
MCGAU,Yorkville Acquisition Corp. - Unit,Q,Nasdaq,N,N,N
MCGAW,Yorkville Acquisition Corp. - Warrant,Q,Nasdaq,N,N,N
MCH,Matthews China Active ETF,P,NYSE Arca,Y,N,
MCHB,Mechanics Bancorp - Class A Common Stock,Q,Nasdaq,N,N,N
MCHG,Leverage Shares 2X Long MCHP Daily ETF,Z,Cboe BZX,Y,N,
MCHI,iShares MSCI China ETF,Q,Nasdaq,Y,N,N
MCHP,Microchip Technology Incorporated - Common Stock,Q,Nasdaq,N,N,N
MCHPP,Microchip Technology Incorporated - Depositary Shares Each Representing a 1/20th Interest in a Share of 7.50% Series A Mandatory Convertible Preferred Stock,Q,Nasdaq,N,N,N
MCHS,Matthews China Innovators Active ETF,Q,Nasdaq,Y,N,N
MCHU,Tradr 2X Long MCHP Daily ETF,Z,Cboe BZX,Y,N,
MCHX,"Marchex, Inc. - Class B Common Stock",Q,Nasdaq,N,N,N
MCI,Barings Corporate Investors Common Stock,N,NYSE,N,N,
MCK,McKesson Corporation Common Stock,N,NYSE,N,N,
MCN,XAI Madison Equity Premium Income Fund Common Shares,N,NYSE,N,N,
MCO,Moody's Corporation Common Stock,N,NYSE,N,N,
MCOW,Pacer S&P MidCap 400 Quality FCF Aristocrats ETF,Z,Cboe BZX,Y,N,
MCRB,"Seres Therapeutics, Inc. - Common Stock",Q,Nasdaq,N,N,N
MCRI,"Monarch Casino & Resort, Inc. - Common Stock",Q,Nasdaq,N,N,N
MCRP,Micropolis AI Robotics Ordinary Shares,A,NYSE American,N,N,
MCS,Marcus Corporation (The) Common Stock,N,NYSE,N,N,
MCTA,Charming Medical Limited - Class A Ordinary Shares,Q,Nasdaq,N,N,N
MCVT,Miller Convertible Total Return ETF,P,NYSE Arca,Y,N,
MCY,Mercury General Corporation Common Stock,N,NYSE,N,N,
MD,"Pediatrix Medical Group, Inc. Common Stock",N,NYSE,N,N,
MDA,MDA Space Ltd. Common Shares,N,NYSE,N,N,
MDAA,Myriad Dynamic Asset Allocation ETF,P,NYSE Arca,Y,N,
MDAI,"Spectral AI, Inc. - Class A Common Stock",Q,Nasdaq,N,N,N
MDAIW,"Spectral AI, Inc. - Warrants",Q,Nasdaq,N,N,N
MDB,"MongoDB, Inc. - Class A Common Stock",Q,Nasdaq,N,N,N
MDBH,"MDB Capital Holdings, LLC - Class A common ",Q,Nasdaq,N,N,N
MDCR,Pacer Swan SOS Moderate December ETF,Z,Cboe BZX,Y,N,
MDCX,Medicus Pharma Ltd. - Common Stock,Q,Nasdaq,N,N,D
MDCXW,Medicus Pharma Ltd. - Warrant,Q,Nasdaq,N,N,D
MDEV,First Trust Indxx Medical Devices ETF,Z,Cboe BZX,Y,N,
MDGL,"Madrigal Pharmaceuticals, Inc. - Common Stock",Q,Nasdaq,N,N,N
MDIA,Mediaco Holding Inc. - Class A Common Stock,Q,Nasdaq,N,N,D
MDIV,Multi-Asset Diversified Income Index Fund,Q,Nasdaq,Y,N,N
MDLN,Medline Inc. - Class A common stock,Q,Nasdaq,N,N,N
MDLV,Morgan Dempsey Large Cap Value ETF,Z,Cboe BZX,Y,N,
MDLZ,"Mondelez International, Inc. - Class A Common Stock",Q,Nasdaq,N,N,N
MDPL,Monarch Dividend Plus Index ETF,Z,Cboe BZX,Y,N,
MDRR,"Medalist Diversified, Inc. - Common Stock",Q,Nasdaq,N,N,N
MDST,Westwood Salient Enhanced Midstream Income ETF,N,NYSE,Y,N,
MDT,Medtronic plc. Ordinary Shares,N,NYSE,N,N,
MDU,"MDU Resources Group, Inc. Common Stock (Holding Company)",N,NYSE,N,N,
MDV,"Modiv Industrial, Inc. Class C Common Stock",N,NYSE,N,N,
MDV$A,"Modiv Industrial, Inc. 7.375% Series A Cumulative Redeemable Perpetual Preferred Stock",N,NYSE,N,N,
MDWD,MediWound Ltd. - Ordinary Shares,Q,Nasdaq,N,N,N
MDXG,"MiMedx Group, Inc - Common Stock",Q,Nasdaq,N,N,N
MDXH,MDxHealth SA - Ordinary Shares,Q,Nasdaq,N,N,D
MDY,State Street SPDR S&P MIDCAP 400 ETF Trust,P,NYSE Arca,Y,N,
MDYG,State Street SPDR S&P 400 Mid Cap Growth ETF,P,NYSE Arca,Y,N,
MDYV,State Street SPDR S&P 400 Mid Cap Value ETF,P,NYSE Arca,Y,N,
MEAR,iShares Short Maturity Municipal Bond Active ETF,Z,Cboe BZX,Y,N,
MEC,"Mayville Engineering Company, Inc. Common Stock",N,NYSE,N,N,
MED,MEDIFAST INC Common Stock,N,NYSE,N,N,
MEDI,Harbor Health Care ETF,P,NYSE Arca,Y,N,
MEDP,"Medpace Holdings, Inc. - Common Stock",Q,Nasdaq,N,N,N
MEDX,Horizon Kinetics Medical ETF,Q,Nasdaq,Y,N,N
MEGI,NYLI CBRE Global Infrastructure Megatrends Term Fund Common Shares,N,NYSE,N,N,
MEGL,Magic Empire Global Limited - Class A Ordinary Shares,Q,Nasdaq,N,N,N
MEI,"Methode Electronics, Inc. Common Stock",N,NYSE,N,N,
MELI,"MercadoLibre, Inc. - Common Stock",Q,Nasdaq,N,N,N
MEM,Matthews Emerging Markets Equity Active ETF,P,NYSE Arca,Y,N,
MEMA,Man Active Emerging Markets Alternative ETF,Q,Nasdaq,Y,N,N
MEME,Roundhill Meme Stock ETF,P,NYSE Arca,Y,N,
MEMS,Matthews Emerging Markets Discovery Active ETF,Q,Nasdaq,Y,N,N
MEMX,Matthews Emerging Markets ex China Active ETF,P,NYSE Arca,Y,N,
MEMY,Tuttle Capital Meme Stock Income Blast ETF,Z,Cboe BZX,Y,N,
MENS,Jyong Biotech Ltd. - Ordinary shares,Q,Nasdaq,N,N,N
MEOH,Methanex Corporation - Common Stock,Q,Nasdaq,N,N,N
MER$K,"Bank of America Corporation Income Capital Obligation Notes initially due December 15, 2066",N,NYSE,N,N,
MERC,Mercer International Inc. - Common Stock,Q,Nasdaq,N,N,N
MESH,Meshflow Acquisition Corp. - Class A Ordinary Shares,Q,Nasdaq,N,N,N
MESHU,Meshflow Acquisition Corp. - Units,Q,Nasdaq,N,N,N
MESHW,Meshflow Acquisition Corp. - Warrants,Q,Nasdaq,N,N,N
MESO,Mesoblast Limited - American Depositary Shares,Q,Nasdaq,N,N,N
MET,"MetLife, Inc. Common Stock",N,NYSE,N,N,
MET$A,"MetLife, Inc. Preferred Series A Floating Rate",N,NYSE,N,N,
MET$E,"MetLife, Inc. Depositary Shares ",N,NYSE,N,N,
MET$F,"MetLife, Inc. Depositary Shares, each representing a 1/1,000th interest in a share of 4.75% Non-Cumulative Preferred Stock, Series F",N,NYSE,N,N,
META,"Meta Platforms, Inc. - Class A Common Stock",Q,Nasdaq,N,N,N
METC,"Ramaco Resources, Inc. - Class A Common Stock",Q,Nasdaq,N,N,N
METCB,"Ramaco Resources, Inc. - Class B Common Stock",Q,Nasdaq,N,N,N
METCI,"Ramaco Resources, Inc. - 8.250% Senior Notes due 2030",Q,Nasdaq,N,N,N
METCZ,"Ramaco Resources, Inc. - 8.375% Senior Notes due 2029",Q,Nasdaq,N,N,N
METD,Direxion Daily META Bear 1X ETF,Q,Nasdaq,Y,N,N
METG,Leverage Shares 2X Long META Daily ETF,Z,Cboe BZX,Y,N,
METL,Sprott Active Metals & Miners ETF,Q,Nasdaq,Y,N,N
METU,Direxion Daily META Bull 2X ETF,Q,Nasdaq,Y,N,N
METV,Roundhill Ball Metaverse ETF,P,NYSE Arca,Y,N,
METW,Roundhill META WeeklyPay ETF,Z,Cboe BZX,Y,N,
MEVO,M Evo Global Acquisition Corp II - Class A Ordinary Shares,Q,Nasdaq,N,N,N
MEVOU,M Evo Global Acquisition Corp II - Units,Q,Nasdaq,N,N,N
MEVOW,M Evo Global Acquisition Corp II - Warrants,Q,Nasdaq,N,N,N
MEXX,Direxion Daily MSCI Mexico Bull 3X ETF,P,NYSE Arca,Y,N,
MFA,"MFA Financial, Inc.",N,NYSE,N,N,
MFA$B,"MFA Financial, Inc. Preferred Series B",N,NYSE,N,N,
MFA$C,"MFA Financial, Inc. 6.50% Series C Fixed-to-Floating Rate Cumulative Redeemable Preferred Stock",N,NYSE,N,N,
MFAN,"MFA Financial, Inc. 8.875% Senior Notes due 2029",N,NYSE,N,N,
MFAO,"MFA Financial, Inc. 9.000% Senior Notes due 2029",N,NYSE,N,N,
MFC,Manulife Financial Corporation Common Stock,N,NYSE,N,N,
MFDX,PIMCO RAFI Dynamic Multi-Factor International Equity ETF,P,NYSE Arca,Y,N,
MFEB,Pacer Swan SOS Moderate (February) ETF,Z,Cboe BZX,Y,N,
MFEM,PIMCO RAFI Dynamic Multi-Factor Emerging Markets Equity ETF,P,NYSE Arca,Y,N,
MFG,"Mizuho Financial Group, Inc. Sponosred ADR (Japan)",N,NYSE,N,N,
MFI,mF International Limited - Class A Ordinary Shares,Q,Nasdaq,N,N,N
MFIC,MidCap Financial Investment Corporation - Closed End Fund,Q,Nasdaq,N,N,N
MFICL,MidCap Financial Investment Corporation - 8.00% Notes due 2028,Q,Nasdaq,N,N,N
MFIG,Motley Fool Innovative Growth ETF,Q,Nasdaq,Y,N,N
MFIN,Medallion Financial Corp. - Common Stock,Q,Nasdaq,N,N,N
MFLX,First Trust Flexible Municipal High Income ETF,Q,Nasdaq,Y,N,N
MFM,Aberdeen Municipal Income Fund Common Shares of Beneficial Interest,N,NYSE,N,N,
MFMO,Motley Fool Momentum Factor ETF,Q,Nasdaq,Y,N,N
MFP,"Midera Food Processing, Inc. - Common Stock",Q,Nasdaq,N,N,N
MFSB,MFS Active Core Plus Bond ETF,N,NYSE,Y,N,
MFSG,MFS Active Growth ETF,N,NYSE,Y,N,
MFSI,MFS Active International ETF,N,NYSE,Y,N,
MFSM,MFS Active Intermediate Muni Bond ETF,N,NYSE,Y,N,
MFSV,MFS Active Value ETF,N,NYSE,Y,N,
MFUL,Mindful Conservative ETF,Z,Cboe BZX,Y,N,
MFUS,PIMCO RAFI Dynamic Multi-Factor U.S. Equity ETF,P,NYSE Arca,Y,N,
MFUT,Cambria Chesapeake Pure Trend ETF,Z,Cboe BZX,Y,N,
MFVL,Motley Fool Value Factor ETF,Q,Nasdaq,Y,N,N
MG,Mistras Group Inc Common Stock,N,NYSE,N,N,
MGA,"Magna International, Inc. Common Stock",N,NYSE,N,N,
MGC,Vanguard Mega Cap ETF,P,NYSE Arca,Y,N,
MGEE,MGE Energy Inc. - Common Stock,Q,Nasdaq,N,N,N
MGF,Aberdeen Government Markets Income Fund Common Shares of Beneficial Interest,N,NYSE,N,N,
MGIH,Millennium Group International Holdings Limited - Ordinary Shares,Q,Nasdaq,N,N,N
MGK,Vanguard Mega Cap Growth ETF,P,NYSE Arca,Y,N,
MGKX,Corgi U.S. Mega-Cap Growth 2x Daily ETF,Z,Cboe BZX,Y,N,
MGLD,"The Marygold Companies, Inc. Common Stock",A,NYSE American,N,N,
MGM,MGM Resorts International Common Stock,N,NYSE,N,N,
MGMT,Ballast Small/Mid Cap ETF,P,NYSE Arca,Y,N,
MGN,Megan Holdings Limited - Class A Ordinary Shares,Q,Nasdaq,N,N,D
MGNI,"Magnite, Inc. - Common Stock",Q,Nasdaq,N,N,N
MGNR,American Beacon Select Funds American Beacon GLG Natural Resources ETF,P,NYSE Arca,Y,N,
MGNX,"MacroGenics, Inc. - Common Stock",Q,Nasdaq,N,N,N
MGOV,First Trust Intermediate Government Opportunities ETF,P,NYSE Arca,Y,N,
MGPI,"MGP Ingredients, Inc. - Common Stock",Q,Nasdaq,N,N,N
MGR,"Affiliated Managers Group, Inc. 5.875% Junior Subordinated Notes due 2059",N,NYSE,N,N,
MGRB,"Affiliated Managers Group, Inc. 4.750% Junior Subordinated Notes due 2060",N,NYSE,N,N,
MGRC,McGrath RentCorp - Common Stock,Q,Nasdaq,N,N,N
MGRD,"Affiliated Managers Group, Inc. 4.200% Junior Subordinated Notes due 2061",N,NYSE,N,N,
MGRE,"Affiliated Managers Group, Inc. 6.750% Junior Subordinated Notes due 2064",N,NYSE,N,N,
MGRT,Mega Fortune Company Limited - Ordinary Shares,Q,Nasdaq,N,N,N
MGRX,"Mangoceuticals, Inc. - Common Stock",Q,Nasdaq,N,N,D
MGTX,MeiraGTx Holdings plc - Ordinary Shares,Q,Nasdaq,N,N,N
MGV,Vanguard Mega Cap Value ETF,P,NYSE Arca,Y,N,
MGX,"Metagenomi Therapeutics, Inc. - Common Stock",Q,Nasdaq,N,N,N
MGY,Magnolia Oil & Gas Corporation Class A Common Stock,N,NYSE,N,N,
MGYR,"Magyar Bancorp, Inc. - Common Stock",Q,Nasdaq,N,N,N
MH,"McGraw Hill, Inc. Common Stock",N,NYSE,N,N,
MHD,"Blackrock MuniHoldings Fund, Inc. Common Stock",N,NYSE,N,N,
MHF,"Western Asset Municipal High Income Fund, Inc. Common Stock",N,NYSE,N,N,
MHH,"Mastech Digital, Inc Common Stock",A,NYSE American,N,N,
MHIG,Milliman Healthcare Inflation Guard ETF,P,NYSE Arca,Y,N,
MHIP,Milliman Healthcare Inflation Plus ETF,P,NYSE Arca,Y,N,
MHK,"Mohawk Industries, Inc. Common Stock",N,NYSE,N,N,
MHLA,"Maiden Holdings, Ltd. 6.625% Notes due 2046",N,NYSE,N,N,
MHNC,"Maiden Holdings North America, Ltd. 7.75% Notes due 2043",N,NYSE,N,N,
MHO,"M/I Homes, Inc. Common Stock",N,NYSE,N,N,
MHX,Corgi MARA 2x Daily ETF,Z,Cboe BZX,Y,N,
MHY,Man Active High Yield ETF,P,NYSE Arca,Y,N,
MI,NFT Limited Class A Ordinary Share,A,NYSE American,N,N,
MIACU,Meridian3 Industrials Acquisition Corp - Units,Q,Nasdaq,N,N,N
MIAX,"Miami International Holdings, Inc. Common Stock",N,NYSE,N,N,
MIC,Corgi MU 2x Daily ETF,Z,Cboe BZX,Y,N,
MICC,The Magnum Ice Cream Company N.V. Ordinary Shares,N,NYSE,N,N,
MID,American Century Mid Cap Growth Impact ETF,P,NYSE Arca,Y,N,
MIDD,The Middleby Corporation - Common Stock,Q,Nasdaq,N,N,N
MIDE,Xtrackers S&P MidCap 400 Scored & Screened ETF,P,NYSE Arca,Y,N,
MIDU,Direxion Mid Cap Bull 3X ETF,P,NYSE Arca,Y,N,
MIG,VanEck Moody's Analytics IG Corporate Bond ETF,Z,Cboe BZX,Y,N,
MIGO,MIG Core ETF,P,NYSE Arca,Y,N,
MILK,Pacer US Cash Cows Bond ETF,Z,Cboe BZX,Y,N,
MILN,Global X Millennial Consumer ETF,Q,Nasdaq,Y,N,N
MIMI,Mint Incorporation Limited - Class A Ordinary Shares,Q,Nasdaq,N,N,N
MIN,Aberdeen Intermediate Income Fund Common Shares of Beneficial Interest,N,NYSE,N,N,
MIND,"MIND Technology, Inc. - Common Stock",Q,Nasdaq,N,N,N
MINE,Mayfair Gold Corp. Common Shares,A,NYSE American,N,N,
MINN,Mairs & Power Minnesota Municipal Bond ETF,Z,Cboe BZX,Y,N,
MINO,PIMCO Municipal Income Opportunities Active Exchange-Traded Fund,P,NYSE Arca,Y,N,
MINT,PIMCO Enhanced Short Maturity Active Exchange-Traded Fund,P,NYSE Arca,Y,N,
MINV,Matthews Asia Innovators Active ETF,P,NYSE Arca,Y,N,
MINY,YieldMax Strategic Metals & Mining Portfolio Option Income ETF,P,NYSE Arca,Y,N,
MIR,"Mirion Technologies, Inc. Class A Common Stock",N,NYSE,N,N,
MIRA,"MIRA Pharmaceuticals, Inc. - Common Stock",Q,Nasdaq,N,N,N
MIRM,"Mirum Pharmaceuticals, Inc. - common stock",Q,Nasdaq,N,N,N
MISL,First Trust Indxx Aerospace & Defense ETF,P,NYSE Arca,Y,N,
MIST,Milestone Pharmaceuticals Inc. - Common Shares,Q,Nasdaq,N,N,N
MITK,"Mitek Systems, Inc. - Common Stock",Q,Nasdaq,N,N,N
MITN,"TPG Mortgage Investment Trust, Inc. 9.500% Senior Notes due 2029",N,NYSE,N,N,
MITP,"TPG Mortgage Investment Trust, Inc. 9.500% Senior Notes due 2029",N,NYSE,N,N,
MITQ,"Moving iMage Technologies, Inc. Common Stock",A,NYSE American,N,N,
MITT,"TPG Mortgage Investment Trust, Inc. Common Stock",N,NYSE,N,N,
MITT$A,"TPG Mortgage Investment Trust, Inc. 8.25% Series A Cumulative Redeemable Preferred Stock",N,NYSE,N,N,
MITT$B,"TPG Mortgage Investment Trust, Inc. 8.00% Series B Cumulative Redeemable Preferred Stock",N,NYSE,N,N,
MITT$C,"TPG Mortgage Investment Trust, Inc. 8.00% Series C Fixed-to-Floating Rate Cumulative Redeemable Preferred Stock, $0.01 par value per share",N,NYSE,N,N,
MIVL,MFS Active International Value ETF,P,NYSE Arca,Y,N,
MIY,"Blackrock MuniYield Michigan Quality Fund, Inc. Common Stock",N,NYSE,N,N,
MJ,Amplify Alternative Harvest ETF,P,NYSE Arca,Y,N,
MJSC,MUFG Japan Small Cap Active ETF,P,NYSE Arca,Y,N,
MJUN,Pacer Swan SOS Moderate June ETF,Z,Cboe BZX,Y,N,
MKAM,MKAM ETF,Q,Nasdaq,Y,N,N
MKC,"McCormick & Company, Incorporated Common Stock",N,NYSE,N,N,
MKC.V,"McCormick & Company, Incorporated Common Stock",N,NYSE,N,N,
MKDW,MKDWELL Tech Inc. - Ordinary Shares,Q,Nasdaq,N,N,N
MKDWW,MKDWELL Tech Inc. - Warrants,Q,Nasdaq,N,N,N
MKL,Markel Group Inc. Common Stock,N,NYSE,N,N,
MKLY,McKinley Acquisition Corporation - Class A Ordinary Shares,Q,Nasdaq,N,N,N
MKLYR,McKinley Acquisition Corporation - Rights,Q,Nasdaq,N,N,N
MKLYU,McKinley Acquisition Corporation - Units,Q,Nasdaq,N,N,N
MKOR,Matthews Korea Active ETF,P,NYSE Arca,Y,N,
MKSI,MKS Inc. - Common Stock,Q,Nasdaq,N,N,N
MKTN,Federated Hermes MDT Market Neutral ETF,P,NYSE Arca,Y,N,
MKTW,"MarketWise, Inc. - Class A Common Stock",Q,Nasdaq,N,N,N
MKTX,"MarketAxess Holdings, Inc. - Common Stock",Q,Nasdaq,N,N,N
MKZR,"MacKenzie Realty Capital, Inc. - Common Stock",Q,Nasdaq,N,N,N
MLAA,Mountain Lake Acquisition Corp. II - Class A Ordinary Shares,Q,Nasdaq,N,N,N
MLAAU,Mountain Lake Acquisition Corp. II - Units,Q,Nasdaq,N,N,N
MLAAW,Mountain Lake Acquisition Corp. II - Warrants,Q,Nasdaq,N,N,N
MLAB,"Mesa Laboratories, Inc. - Common Stock",Q,Nasdaq,N,N,N
MLCI,Mount Logan Capital Inc. - Common Stock,Q,Nasdaq,N,N,N
MLCIL,Mount Logan Capital Inc. - 8.00% Notes Due 2031,Q,Nasdaq,N,N,N
MLCO,Melco Resorts & Entertainment Limited - American Depositary Shares ,Q,Nasdaq,N,N,N
MLDR,Global X Intermediate-Term Treasury Ladder ETF,P,NYSE Arca,Y,N,
MLEC,Moolec Science SA - Ordinary Shares,Q,Nasdaq,N,N,N
MLECW,Moolec Science SA - Warrant,Q,Nasdaq,N,N,N
MLGO,"MicroAlgo, Inc. - Ordinary Shares",Q,Nasdaq,N,N,N
MLI,"Mueller Industries, Inc. Common Stock",N,NYSE,N,N,
MLKN,"MillerKnoll, Inc. - Common Stock",Q,Nasdaq,N,N,N
MLM,"Martin Marietta Materials, Inc. Common Stock",N,NYSE,N,N,
MLN,VanEck Long Muni ETF,Z,Cboe BZX,Y,N,
MLP,"Maui Land & Pineapple Company, Inc. Common Stock",N,NYSE,N,N,
MLPA,Global X MLP ETF,P,NYSE Arca,Y,N,
MLPB,"ETRACS Alerian MLP Infrastructure Index ETN Series B due April 2, 2040",P,NYSE Arca,N,N,
MLPD,Global X MLP & Energy Infrastructure Covered Call ETF,P,NYSE Arca,Y,N,
MLPI,NEOS MLP & Energy Infrastructure High Income ETF,Z,Cboe BZX,Y,N,
MLPR,ETRACS Quarterly Pay 1.5X Leveraged Alerian MLP Index ETN,P,NYSE Arca,Y,N,
MLPX,Global X MLP & Energy Infrastructure ETF,P,NYSE Arca,Y,N,
MLR,"Miller Industries, Inc. Common Stock",N,NYSE,N,N,
MLSS,"Milestone Scientific, Inc. Common Stock",A,NYSE American,N,N,
MLTX,MoonLake Immunotherapeutics - Class A Ordinary Shares,Q,Nasdaq,N,N,N
MLYS,"Mineralys Therapeutics, Inc. - Common Stock",Q,Nasdaq,N,N,N
MMA,Mixed Martial Arts Group Limited Ordinary Shares,A,NYSE American,N,N,
MMAR,Pacer Swan SOS Moderate March ETF,Z,Cboe BZX,Y,N,
MMAX,iShares Large Cap Max Buffer Mar ETF,Z,Cboe BZX,Y,N,
MMAY,Pacer Swan SOS Moderate (May) ETF,Z,Cboe BZX,Y,N,
MMCA,NYLI MacKay California Muni Intermediate ETF,P,NYSE Arca,Y,N,
MMD,NYLI MacKay DefinedTerm Muni Opportunities Fund Common Shares,N,NYSE,N,N,
MMED,"MiniMed Group, Inc. - Common Stock",Q,Nasdaq,N,N,N
MMI,"Marcus & Millichap, Inc. Common Stock",N,NYSE,N,N,
MMID,MFS Active Mid Cap ETF,N,NYSE,Y,N,
MMIN,NYLI MacKay Muni Insured ETF,P,NYSE Arca,Y,N,
MMIT,NYLI MacKay Muni Intermediate ETF,P,NYSE Arca,Y,N,
MMK,State Street Prime Money Market ETF,N,NYSE,Y,N,
MMKT,Texas Capital Government Money Market ETF,N,NYSE,Y,N,
MMLP,Martin Midstream Partners L.P. - Common Units Representing Limited Partnership Interests,Q,Nasdaq,N,N,N
MMM,3M Company Common Stock,N,NYSE,N,N,
MMMA,NYLI MacKay Muni Allocation ETF,P,NYSE Arca,Y,N,
MMS,"Maximus, Inc. Common Stock",N,NYSE,N,N,
MMSC,First Trust Multi-Manager Small Cap Opportunities ETF,P,NYSE Arca,Y,N,
MMSD,NYLI MacKay Muni Short Duration ETF,P,NYSE Arca,Y,N,
MMSI,"Merit Medical Systems, Inc. - Common Stock",Q,Nasdaq,N,N,N
MMT,Aberdeen Multi-Market Income Fund Common Shares of Beneficial Interest,N,NYSE,N,N,
MMTM,State Street SPDR S&P 1500 Momentum Tilt ETF,P,NYSE Arca,Y,N,
MMTX,Miluna Acquisition Corp - Class A Ordinary Shares,Q,Nasdaq,N,N,N
MMTXU,Miluna Acquisition Corp - Units,Q,Nasdaq,N,N,N
MMTXW,Miluna Acquisition Corp - Warrant,Q,Nasdaq,N,N,N
MMU,"Western Asset Managed Municipals Fund, Inc. Common Stock",N,NYSE,N,N,
MMYT,MakeMyTrip Limited - Ordinary Shares,Q,Nasdaq,N,N,N
MNA,NYLI Merger Arbitrage ETF,P,NYSE Arca,Y,N,
MNBD,ALPS BBH Intermediate Municipal Bond ETF,P,NYSE Arca,Y,N,
MNDO,MIND C.T.I. Ltd. - Ordinary Shares,Q,Nasdaq,N,N,D
MNDR,Mobile-health Network Solutions - Class A Ordinary Shares,Q,Nasdaq,N,N,N
MNDY,monday.com Ltd. - Ordinary Shares,Q,Nasdaq,N,N,N
MNKD,MannKind Corporation - Common Stock,Q,Nasdaq,N,N,N
MNOV,"MediciNova, Inc. - Common Stock",Q,Nasdaq,N,N,N
MNPR,Monopar Therapeutics Inc. - Common Stock,Q,Nasdaq,N,N,N
MNR,Mach Natural Resources LP Common Units representing Limited Partner Interests,N,NYSE,N,N,
MNRO,"Monro, Inc.  - Common Stock",Q,Nasdaq,N,N,N
MNRS,Grayscale Bitcoin Miners ETF,P,NYSE Arca,Y,N,
MNSB,"MainStreet Bancshares, Inc. - Common Stock",Q,Nasdaq,N,N,N
MNSBP,"MainStreet Bancshares, Inc. - Depositary Shares",Q,Nasdaq,N,N,N
MNSO,"MINISO Group Holding Limited American Depositary Shares, each representing four Ordinary Shares",N,NYSE,N,N,
MNST,Monster Beverage Corporation - Common Stock,Q,Nasdaq,N,N,N
MNSX,Corgi MNST 2x Daily ETF,Z,Cboe BZX,Y,N,
MNTK,"Montauk Renewables, Inc. - Common Stock",Q,Nasdaq,N,N,N
MNTN,"MNTN, Inc. Class A Common Stock",N,NYSE,N,N,
MNTS,Momentus Inc. - Class A Common Stock,Q,Nasdaq,N,N,N
MNTSW,Momentus Inc. - Warrant,Q,Nasdaq,N,N,N
MNVR,Pacer Swan SOS Moderate (November) ETF,Z,Cboe BZX,Y,N,
MNVT,Moonvest ETF,Q,Nasdaq,Y,N,N
MNY,MoneyHero Limited - Class A Ordinary Shares,Q,Nasdaq,N,N,N
MNYWW,MoneyHero Limited - Warrants,Q,Nasdaq,N,N,N
MNZL,Manzil Russell Halal USA Broad Market ETF,Q,Nasdaq,Y,N,N
MO,"Altria Group, Inc.",N,NYSE,N,N,
MOAT,VanEck Morningstar Wide Moat ETF,Z,Cboe BZX,Y,N,
MOB,Mobilicom Limited - Ordinary Shares,Q,Nasdaq,N,N,N
MOBBW,Mobilicom Limited - Warrants,Q,Nasdaq,N,N,N
MOBI,"Mobia Medical, Inc. - Common Stock",Q,Nasdaq,N,N,N
MOBX,"Mobix Labs, Inc. - Class A Common Stock",Q,Nasdaq,N,N,N
MOBXW,"Mobix Labs, Inc. - Warrants",Q,Nasdaq,N,N,N
MOD,Modine Manufacturing Company Common Stock,N,NYSE,N,N,
MODD,"Modular Medical, Inc. - common stock",Q,Nasdaq,N,N,N
MODL,VictoryShares WestEnd U.S. Sector ETF,Q,Nasdaq,Y,N,N
MOG.A,Moog Inc. Class A Common Stock,N,NYSE,N,N,
MOG.B,Moog Inc. Class B Common Stock,N,NYSE,N,N,
MOGU,MOGU Inc. American Depositary Shares (each  representing 25 Class A Ordinary Shares),N,NYSE,N,N,
MOH,Molina Healthcare Inc Common Stock,N,NYSE,N,N,
MOLN,Molecular Partners AG - American Depositary Shares,Q,Nasdaq,N,N,N
MOMO,Hello Group Inc.  - American Depositary Shares,Q,Nasdaq,N,N,N
MOO,VanEck Agribusiness ETF,P,NYSE Arca,Y,N,
MOOD,Relative Sentiment Tactical Allocation ETF,Q,Nasdaq,Y,N,N
MORN,"Morningstar, Inc. - Common Stock",Q,Nasdaq,N,N,N
MORT,VanEck Mortgage REIT Income ETF,P,NYSE Arca,Y,N,
MOS,Mosaic Company (The) Common Stock,N,NYSE,N,N,
MOTG,VanEck Morningstar Global Wide Moat ETF,Z,Cboe BZX,Y,N,
MOTI,VanEck Morningstar International Moat ETF,Z,Cboe BZX,Y,N,
MOTO,Guinness Atkinson Smart Transportation & Technology ETF,P,NYSE Arca,Y,N,
MOV,Movado Group Inc. Common Stock,N,NYSE,N,N,
MOVE,"Corvex, Inc. - Common Stock",Q,Nasdaq,N,N,N
MP,MP Materials Corp. Common Stock,N,NYSE,N,N,
MPA,Blackrock MuniYield Pennsylvania Quality Fund Common Stock,N,NYSE,N,N,
MPAA,"Motorcar Parts of America, Inc. - Common Stock",Q,Nasdaq,N,N,N
MPB,Mid Penn Bancorp - Common Stock,Q,Nasdaq,N,N,N
MPC,Marathon Petroleum Corporation Common Stock,N,NYSE,N,N,
MPG,Leverage Shares 2X Long MP Daily ETF,Q,Nasdaq,Y,N,N
MPL,Defiance Daily Target 2X Long MP ETF,P,NYSE Arca,Y,N,
MPLT,"MapLight Therapeutics, Inc. - Common Stock",Q,Nasdaq,N,N,N
MPLX,MPLX LP Common Units Representing Limited Partner Interests,N,NYSE,N,N,
MPLY,Monopoly ETF,Z,Cboe BZX,Y,N,
MPRO,Monarch ProCap Index ETF,Z,Cboe BZX,Y,N,
MPT,"Medical Properties Trust, Inc. common stock",N,NYSE,N,N,
MPTI,"M-tron Industries, Inc. Common Stock",A,NYSE American,N,N,
MPU,Mega Matrix Inc. Class A Ordinary Shares,A,NYSE American,N,N,
MPV,Barings Participation Investors Common Stock,N,NYSE,N,N,
MPWC,Corgi MPWR 2x Daily ETF,Z,Cboe BZX,Y,N,
MPWR,"Monolithic Power Systems, Inc. - Common Stock",Q,Nasdaq,N,N,N
MPWX,Tradr 2X Long MPWR Daily ETF,Z,Cboe BZX,Y,N,
MQ,"Marqeta, Inc. - Class A Common Stock",Q,Nasdaq,N,N,N
MQQQ,Tradr 2X Long Innovation 100 Monthly ETF,Q,Nasdaq,Y,N,N
MQY,"Blackrock MuniYield Quality Fund, Inc. Common Stock",N,NYSE,N,N,
MRA,GraniteShares Autocallable MARA ETF,Q,Nasdaq,Y,N,N
MRAL,GraniteShares 2x Long MARA Daily ETF,Q,Nasdaq,Y,N,N
MRAM,"Everspin Technologies, Inc. - Common Stock",Q,Nasdaq,N,N,N
MRBK,Meridian Corporation - Common Stock,Q,Nasdaq,N,N,N
MRCOU,Mercator Acquisition Corp. - Units,Q,Nasdaq,N,N,N
MRCP,PGIM S&P 500 Buffer 12 ETF - March,Z,Cboe BZX,Y,N,
MRCY,Mercury Systems Inc - Common Stock,Q,Nasdaq,N,N,N
MRDN,Meridian Holdings Inc. - Common Stock,Q,Nasdaq,N,N,N
MREO,Mereo BioPharma Group plc - American Depositary Shares,Q,Nasdaq,N,N,D
MRGR,ProShares Merger ETF,Z,Cboe BZX,Y,N,
MRK,"Merck & Company, Inc. Common Stock (new)",N,NYSE,N,N,
MRKR,"Marker Therapeutics, Inc. - Common Stock",Q,Nasdaq,N,N,N
MRLN,"Merlin, Inc. - Common Stock",Q,Nasdaq,N,N,N
MRM,MEDIROM Healthcare Technologies Inc. - American Depositary Share,Q,Nasdaq,N,N,E
MRNA,"Moderna, Inc. - Common Stock",Q,Nasdaq,N,N,N
MRNO,Murano Global Investments PLC - Ordinary Shares,Q,Nasdaq,N,N,D
MRNOW,Murano Global Investments PLC - Warrants,Q,Nasdaq,N,N,N
MRNX,Defiance Daily Target 2X Long MRNA ETF,P,NYSE Arca,Y,N,
MRNY,YieldMax MRNA Option Income Strategy ETF,P,NYSE Arca,Y,N,
MRP,"Millrose Properties, Inc. Class A Common Stock",N,NYSE,N,N,
MRSH,Marsh Common Stock,N,NYSE,N,N,
MRSK,Toews Agility Shares Managed Risk ETF,P,NYSE Arca,Y,N,
MRT,"Marti Technologies, Inc. Class A Ordinary Shares",A,NYSE American,N,N,
MRTN,"Marten Transport, Ltd. - Common Stock",Q,Nasdaq,N,N,N
MRVI,"Maravai LifeSciences Holdings, Inc. - Class A common stock",Q,Nasdaq,N,N,N
MRVL,"Marvell Technology, Inc. - Common Stock",Q,Nasdaq,N,N,N
MRVU,Direxion Daily MRVL Bull 2X ETF,Q,Nasdaq,Y,N,N
MRVX,Corgi MRVL 2x Daily ETF,Z,Cboe BZX,Y,N,
MRX,Marex Group Limited - Ordinary Shares,Q,Nasdaq,N,N,N
MS,Morgan Stanley Common Stock,N,NYSE,N,N,
MS$A,Morgan Stanley Dep Shs repstg 1/1000 Pfd Ser A,N,NYSE,N,N,
MS$E,Morgan Stanley DEPOSITARY SHARES REP 1/1000TH SHARES FIXED/FLTG PREFERRED STOCK SERIES E,N,NYSE,N,N,
MS$F,Morgan Stanley Dep Shs Rpstg 1/1000th Int Prd Ser F Fxd to Flag,N,NYSE,N,N,
MS$I,Morgan Stanley Depository Shares Representing 1/1000th Preferred Series 1 Fixed to Floating Non (Cum),N,NYSE,N,N,
MS$K,"Morgan Stanley Depositary Shares, each representing 1/1,000th of a share of Fixed-to-Floating Rate Non-Cumulative Preferred Stock,  Series K",N,NYSE,N,N,
MS$L,"Morgan Stanley Depositary Shares, each representing 1/1,000th of a share of 4.875% Non-Cumulative Preferred Stock, Series L",N,NYSE,N,N,
MS$O,"Morgan Stanley Depositary Shares, each representing 1/1,000th of a share of 4.250% Non-Cumulative Preferred Stock, Series O",N,NYSE,N,N,
MS$P,"Morgan Stanley Depositary Shares, each representing 1/1,000th of a share of 6.500% Non-Cumulative Preferred Stock, Series P",N,NYSE,N,N,
MS$Q,"Morgan Stanley Depositary Shares, each representing 1/1,000th of a share of 6.625% Non-Cumulative Preferred Stock, Series Q",N,NYSE,N,N,
MSA,MSA Safety Incorporated Common Stock,N,NYSE,N,N,
MSAI,"MultiSensor AI Holdings, Inc. - Common Stock",Q,Nasdaq,N,N,N
MSAIW,"MultiSensor AI Holdings, Inc. - Warrants",Q,Nasdaq,N,N,N
MSB,Mesabi Trust Common Stock,N,NYSE,N,N,
MSBI,"Midland States Bancorp, Inc. - Common Stock",Q,Nasdaq,N,N,N
MSBIP,"Midland States Bancorp, Inc. - Depositary Shares Each Representing a 1/40th Interest in a Share of 7.750% Fixed-Rate Reset Non-Cumulative Perpetual Preferred Stock, Series A",Q,Nasdaq,N,N,N
MSBT,Common Units of Beneficial Interest of Morgan Stanley Bitcoin Trust,P,NYSE Arca,Y,N,
MSC,"Studio City International Holdings Limited American depositary shares, each representing four  Class A ordinary shares",N,NYSE,N,N,
MSCI,MSCI Inc. Common Stock,N,NYSE,N,N,
MSD,"Morgan Stanley Emerging Markets Debt Fund, Inc. Common Stock",N,NYSE,N,N,
MSDL,Morgan Stanley Direct Lending Fund Common Stock,N,NYSE,N,N,
MSEP,Pacer Swan SOS Moderate September ETF,Z,Cboe BZX,Y,N,
MSEX,Middlesex Water Company - Common Stock,Q,Nasdaq,N,N,N
MSFC,Corgi MSFT 2x Daily ETF,Z,Cboe BZX,Y,N,
MSFD,Direxion Daily MSFT Bear 1X ETF,Q,Nasdaq,Y,N,N
MSFL,GraniteShares 2x Long MSFT Daily ETF,Q,Nasdaq,Y,N,N
MSFO,YieldMax MSFT Option Income Strategy ETF,P,NYSE Arca,Y,N,
MSFT,Microsoft Corporation - Common Stock,Q,Nasdaq,N,N,N
MSFU,Direxion Daily MSFT Bull 2X ETF,Q,Nasdaq,Y,N,N
MSFW,Roundhill MSFT WeeklyPay ETF,Z,Cboe BZX,Y,N,
MSFX,T-Rex 2X Long Microsoft Daily Target ETF,Z,Cboe BZX,Y,N,
MSFY,Kurv Yield Premium Strategy Microsoft (MSFT) ETF,Z,Cboe BZX,Y,N,
MSGE,Madison Square Garden Entertainment Corp. Class A Common Stock,N,NYSE,N,N,
MSGM,Motorsport Games Inc. - Class A Common Stock,Q,Nasdaq,N,N,N
MSGS,Madison Square Garden Sports Corp. Class A Common Stock (New),N,NYSE,N,N,
MSGY,Masonglory Limited - Ordinary Shares,Q,Nasdaq,N,N,D
MSI,"Motorola Solutions, Inc. Common Stock",N,NYSE,N,N,
MSIF,"MSC Income Fund, Inc. Common Stock",N,NYSE,N,N,
MSIX,Corgi MSI 2x Daily ETF,Z,Cboe BZX,Y,N,
MSLC,Morgan Stanley Pathway Large Cap Equity ETF,P,NYSE Arca,Y,N,
MSLE,Satellos Bioscience Inc. - Common Stock,Q,Nasdaq,N,N,N
MSM,"MSC Industrial Direct Company, Inc. Common Stock",N,NYSE,N,N,
MSMR,McElhenny Sheffield Managed Risk ETF,Z,Cboe BZX,Y,N,
MSN,Emerson Radio Corporation Common Stock,A,NYSE American,N,N,
MSOS,AdvisorShares Pure US Cannabis ETF,P,NYSE Arca,Y,N,
MSOX,AdvisorShares MSOS Daily Leveraged ETF,P,NYSE Arca,Y,N,
MSR,GraniteShares Autocallable MSTR ETF,Q,Nasdaq,Y,N,N
MSS,Maison Solutions Inc. - Class A Common Stock,Q,Nasdaq,N,N,D
MSSM,Morgan Stanley Pathway Small-Mid Cap Equity ETF,P,NYSE Arca,Y,N,
MSSS,Monarch Select Subsector Index ETF,Z,Cboe BZX,Y,N,
MSST,YieldMax MSTR Performance & Distribution Target 25 ETF,Z,Cboe BZX,Y,N,
MST,Defiance Leveraged Long + Income MSTR ETF,Q,Nasdaq,Y,N,N
MSTB,LHA Market State Tactical Beta ETF,Z,Cboe BZX,Y,N,
MSTC,Corgi MSTR 2x Daily ETF,Z,Cboe BZX,Y,N,
MSTI,Madison Short Term Strategic Income ETF,P,NYSE Arca,Y,N,
MSTP,GraniteShares 2x Long MSTR Daily ETF,Q,Nasdaq,Y,N,N
MSTQ,LHA Market State Tactical Q ETF,Z,Cboe BZX,Y,N,
MSTR,Strategy Inc - Class A Common Stock,Q,Nasdaq,N,N,N
MSTU,T-Rex 2X Long MSTR Daily Target ETF,Z,Cboe BZX,Y,N,
MSTW,Roundhill MSTR WeeklyPay ETF,Z,Cboe BZX,Y,N,
MSTX,Defiance Daily Target 2x Long MSTR ETF,Q,Nasdaq,Y,N,N
MSTY,YieldMax MSTR Option Income Strategy ETF,P,NYSE Arca,Y,N,
MSTZ,T-Rex 2X Inverse MSTR Daily Target ETF,Z,Cboe BZX,Y,N,
MT,Arcelor Mittal NY Registry Shares NEW,N,NYSE,N,N,
MTA,Metalla Royalty & Streaming Ltd. Common Shares,A,NYSE American,N,N,
MTAL,Metals Acquisition Corp. II Class A Ordinary Shares,N,NYSE,N,N,
MTAL.U,"Metals Acquisition Corp. II Units, each consisting of one Class A ordinary share and one-third of one redeemable warrant",N,NYSE,N,N,
MTAL.W,"Metals Acquisition Corp. II Warrants, each whole warrant exercisable for one Class A ordinary share at an exercise price of $11.50 per share",N,NYSE,N,N,
MTB,M&T Bank Corporation Common Stock,N,NYSE,N,N,
MTB$H,"M&T Bank Corporation Perpetual Fixed-to-Floating Rate Non-Cumulative Preferred Stock, Series H",N,NYSE,N,N,
MTB$J,"M&T Bank Corporation Depositary Shares each representing a 1/400th ownership interest in a share of Perpetual 7.500% Non-Cumulative Preferred Stock, Series J",N,NYSE,N,N,
MTB$K,"M&T Bank Corporation Depositary Shares each representing a 1/400th interest in a share of Perpetual 6.350% Non-Cumulative Preferred Stock, Series K",N,NYSE,N,N,
MTBA,Simplify MBS ETF,P,NYSE Arca,Y,N,
MTC,"MMTec, Inc. - Common Shares",Q,Nasdaq,N,N,N
MTCH,"Match Group, Inc. - Common Stock",Q,Nasdaq,N,N,N
MTD,"Mettler-Toledo International, Inc. Common Stock",N,NYSE,N,N,
MTDR,Matador Resources Company Common Stock,N,NYSE,N,N,
MTEK,Maris-Tech Ltd. - ordinary shares,Q,Nasdaq,N,N,N
MTEKW,Maris-Tech Ltd. - Warrants,Q,Nasdaq,N,N,N
MTEN,Mingteng International Corporation Inc. - Class A Ordinary Shares,Q,Nasdaq,N,N,N
MTEST,"NYSE Texas, Inc. TEST Common Stock",M,M,N,Y,
MTEX,"Mannatech, Incorporated - Common Stock",Q,Nasdaq,N,N,D
MTG,MGIC Investment Corporation Common Stock,N,NYSE,N,N,
MTGP,WisdomTree Mortgage Plus Bond Fund,P,NYSE Arca,Y,N,
MTH,Meritage Homes Corporation Common Stock,N,NYSE,N,N,
MTLS,Materialise NV - American Depositary Shares,Q,Nasdaq,N,N,N
MTN,"Vail Resorts, Inc. Common Stock",N,NYSE,N,N,
MTNB,"Matinas Biopharma Holdings, Inc. Common Stock",A,NYSE American,N,N,
MTNE,CH4 Natural Solutions Corporation Class A Ordinary Shares,N,NYSE,N,N,
MTNE.U,"CH4 Natural Solutions Corporation Units, each consisting of one Class A ordinary share and one-half of one Warrant",N,NYSE,N,N,
MTNE.W,"CH4 Natural Solutions Corporation Warrants, each whole warrant exercisable for one Class A Ordinary Share at an exercise price of $11.50 per share",N,NYSE,N,N,
MTR,Mesa Royalty Trust Common Stock,N,NYSE,N,N,
MTRA,Invesco International Growth Focus ETF,Z,Cboe BZX,Y,N,
MTRN,Materion Corporation,N,NYSE,N,N,
MTRX,Matrix Service Company - Common Stock,Q,Nasdaq,N,N,N
MTSG,Leverage Shares 2X Long MTSI Daily ETF,Z,Cboe BZX,Y,N,
MTSI,"MACOM Technology Solutions Holdings, Inc. - Common Stock",Q,Nasdaq,N,N,N
MTUL,ETRACS 2x Leveraged MSCI US Momentum Factor TR ETN,P,NYSE Arca,Y,N,
MTUM,iShares MSCI USA Momentum Factor ETF,Z,Cboe BZX,Y,N,
MTUS,Metallus Inc. Common Shares,N,NYSE,N,N,
MTVA,MetaVia Inc.  - Common Stock,Q,Nasdaq,N,N,N
MTW,"Manitowoc Company, Inc. (The) Common Stock",N,NYSE,N,N,
MTX,Minerals Technologies Inc. Common Stock,N,NYSE,N,N,
MTYY,GraniteShares YieldBOOST MSTR ETF,Q,Nasdaq,Y,N,N
MTZ,"MasTec, Inc. Common Stock",N,NYSE,N,N,
MU,"Micron Technology, Inc. - Common Stock",Q,Nasdaq,N,N,N
MUA,"Blackrock MuniAssets Fund, Inc Common Stock",N,NYSE,N,N,
MUB,iShares National Muni Bond ETF,P,NYSE Arca,Y,N,
MUC,"Blackrock MuniHoldings California Quality Fund, Inc.  Common Stock",N,NYSE,N,N,
MUD,Direxion Daily MU Bear 1X ETF,Q,Nasdaq,Y,N,N
MUFG,"Mitsubishi UFJ Financial Group, Inc. Common Stock",N,NYSE,N,N,
MUJ,"Blackrock MuniHoldings New Jersey Quality Fund, Inc. Common Stock",N,NYSE,N,N,
MULL,GraniteShares 2x Long MU Daily ETF,Q,Nasdaq,Y,N,N
MULT,Franklin Multisector Income ETF,Q,Nasdaq,Y,N,N
MUNA,Northern Trust 2030 Tax-Exempt Distributing Ladder ETF,P,NYSE Arca,Y,N,
MUNB,Northern Trust 2035 Tax-Exempt Distributing Ladder ETF,P,NYSE Arca,Y,N,
MUNC,Northern Trust 2045 Tax-Exempt Distributing Ladder ETF,P,NYSE Arca,Y,N,
MUND,Northern Trust 2055 Tax-Exempt Distributing Ladder ETF,P,NYSE Arca,Y,N,
MUNI,PIMCO Intermediate Municipal Bond Active Exchange-Traded Fund,P,NYSE Arca,Y,N,
MUNX,AMG GW&K Muni Income ETF,P,NYSE Arca,Y,N,
MUNY,Vanguard New York Tax-Exempt Bond ETF,Z,Cboe BZX,Y,N,
MUR,Murphy Oil Corporation Common Stock,N,NYSE,N,N,
MUSA,Murphy USA Inc. Common Stock,N,NYSE,N,N,
MUSE,TCW Multisector Credit Income ETF,N,NYSE,Y,N,
MUSI,American Century Multisector Income ETF,P,NYSE Arca,Y,N,
MUSQ,MUSQ Global Music Industry Index ETF,P,NYSE Arca,Y,N,
MUST,Columbia Multi-Sector Municipal Income ETF,P,NYSE Arca,Y,N,
MUU,Direxion Daily MU Bull 2X ETF,Q,Nasdaq,Y,N,N
MUX,McEwen Inc. Common Stock,N,NYSE,N,N,
MUYY,GraniteShares YieldBOOST MU ETF,Q,Nasdaq,Y,N,N
MUZ,Defiance Daily Target 2X Short MU ETF,P,NYSE Arca,Y,N,
MUZE,Muzero Acquisition Corp - Class A Ordinary Shares,Q,Nasdaq,N,N,N
MUZEU,Muzero Acquisition Corp - Unit,Q,Nasdaq,N,N,N
MUZEW,Muzero Acquisition Corp - Warrant,Q,Nasdaq,N,N,N
MVAL,VanEck Morningstar Wide Moat Value ETF,Z,Cboe BZX,Y,N,
MVBF,MVB Financial Corp. - Common Stock,Q,Nasdaq,N,N,N
MVFD,Monarch Volume Factor Dividend Tree Index ETF,Z,Cboe BZX,Y,N,
MVFG,Monarch Volume Factor Global Unconstrained Index ETF,Z,Cboe BZX,Y,N,
MVIS,"MicroVision, Inc. - Common Stock",Q,Nasdaq,N,N,D
MVLL,GraniteShares 2x Long MRVL Daily ETF,Q,Nasdaq,Y,N,N
MVO,MV Oil Trust Units of Beneficial Interests,N,NYSE,N,N,
MVPA,Miller Value Partners Appreciation ETF,P,NYSE Arca,Y,N,
MVPL,Miller Value Partners Leverage ETF,P,NYSE Arca,Y,N,
MVRL,ETRACS Monthly Pay 1.5X Leveraged Mortgage REIT ETN,P,NYSE Arca,Y,N,
MVST,"Microvast Holdings, Inc. - Common Stock",Q,Nasdaq,N,N,N
MVSTW,"Microvast Holdings, Inc. - Warrant",Q,Nasdaq,N,N,N
MVV,ProShares Ultra MidCap400,P,NYSE Arca,Y,N,
MWA,MUELLER WATER PRODUCTS Common Stock,N,NYSE,N,N,
MWC,"Micware Co., Ltd. - American Depositary Shares",Q,Nasdaq,N,N,N
MWG,Multi Ways Holdings Limited Class A Ordinary Shares,A,NYSE American,N,N,
MWH,"SOLV Energy, Inc. - Class A common stock",Q,Nasdaq,N,N,N
MWHS,Skylar Electricity Futures ETF,P,NYSE Arca,Y,N,
MWYN,"Marwynn Holdings, Inc. - Common stock",Q,Nasdaq,N,N,N
MX,Magnachip Semiconductor Corporation Common Stock,N,NYSE,N,N,
MXC,Mexco Energy Corporation Common Stock,A,NYSE American,N,N,
MXCT,"MaxCyte, Inc. - Common Stock",Q,Nasdaq,N,N,N
MXE,"Mexico Equity and Income Fund, Inc. (The) Common Stock",N,NYSE,N,N,
MXF,"Mexico Fund, Inc. (The) Common Stock",N,NYSE,N,N,
MXI,iShares Global Materials ETF,P,NYSE Arca,Y,N,
MXL,"MaxLinear, Inc - Common Stock",Q,Nasdaq,N,N,N
MYCF,State Street My2026 Corporate Bond ETF,Q,Nasdaq,Y,N,N
MYCG,State Street My2027 Corporate Bond ETF,Q,Nasdaq,Y,N,N
MYCH,State Street My2028 Corporate Bond ETF,Q,Nasdaq,Y,N,N
MYCI,State Street My2029 Corporate Bond ETF,Q,Nasdaq,Y,N,N
MYCJ,State Street My2030 Corporate Bond ETF,Q,Nasdaq,Y,N,N
MYCK,State Street My2031 Corporate Bond ETF,Q,Nasdaq,Y,N,N
MYCL,State Street My2032 Corporate Bond ETF,Q,Nasdaq,Y,N,N
MYCM,State Street My2033 Corporate Bond ETF,Q,Nasdaq,Y,N,N
MYCN,State Street My2034 Corporate Bond ETF,Q,Nasdaq,Y,N,N
MYCO,State Street My2035 Corporate Bond ETF,Q,Nasdaq,Y,N,N
MYE,"Myers Industries, Inc. Common Stock",N,NYSE,N,N,
MYFW,"First Western Financial, Inc. - Common Stock",Q,Nasdaq,N,N,N
MYGN,"Myriad Genetics, Inc. - Common Stock",Q,Nasdaq,N,N,N
MYHA,State Street My2027 High Yield Corporate Bond ETF,Q,Nasdaq,Y,N,N
MYHB,State Street My2028 High Yield Corporate Bond ETF,Q,Nasdaq,Y,N,N
MYHC,State Street My2029 High Yield Corporate Bond ETF,Q,Nasdaq,Y,N,N
MYHD,State Street My2030 High Yield Corporate Bond ETF,Q,Nasdaq,Y,N,N
MYHE,State Street My2031 High Yield Corporate Bond ETF,Q,Nasdaq,Y,N,N
MYI,"Blackrock MuniYield Quality Fund III, Inc Common Stock",N,NYSE,N,N,
MYLD,Cambria Micro and SmallCap Shareholder Yield ETF,Z,Cboe BZX,Y,N,
MYMF,State Street My2026 Municipal Bond ETF,Q,Nasdaq,Y,N,N
MYMG,State Street My2027 Municipal Bond ETF,Q,Nasdaq,Y,N,N
MYMH,State Street My2028 Municipal Bond ETF,Q,Nasdaq,Y,N,N
MYMI,State Street My2029 Municipal Bond ETF,Q,Nasdaq,Y,N,N
MYMJ,State Street My2030 Municipal Bond ETF,Q,Nasdaq,Y,N,N
MYMK,State Street My2031 Municipal Bond ETF,Q,Nasdaq,Y,N,N
MYN,"Blackrock MuniYield New York Quality Fund, Inc.Common Stock",N,NYSE,N,N,
MYND,"Mynd.ai, Inc. American Depositary Shares",A,NYSE American,N,N,
MYO,Myomo Inc. Common Stock,A,NYSE American,N,N,
MYPS,"PLAYSTUDIOS, Inc.  - Class A Common Stock",Q,Nasdaq,N,N,D
MYRG,"MYR Group, Inc. - Common Stock",Q,Nasdaq,N,N,N
MYSE,"Myseum.AI, Inc. - Common Stock",Q,Nasdaq,N,N,N
MYSEW,"Myseum.AI, Inc. - Series A Warrant",Q,Nasdaq,N,N,N
MYSZ,"My Size, Inc. - Common Stock",Q,Nasdaq,N,N,D
MYX,Maywood Acquisition Corp. 2 - Class A Ordinary Share,Q,Nasdaq,N,N,N
MYXXR,Maywood Acquisition Corp. 2 - Rights,Q,Nasdaq,N,N,N
MYXXU,Maywood Acquisition Corp. 2 - Units,Q,Nasdaq,N,N,N
MYXXW,Maywood Acquisition Corp. 2 - Warrants,Q,Nasdaq,N,N,N
MYY,ProShares Short MidCap400,P,NYSE Arca,Y,N,
MZTI,The Marzetti Company - Common Stock,Q,Nasdaq,N,N,N
MZYX,MOZAYYX Acquisition Corp. Class A Ordinary Shares,N,NYSE,N,N,
MZYX.U,"MOZAYYX Acquisition Corp. Units, each consisting of one Class A ordinary share and one-quarter of one redeemable warrant",N,NYSE,N,N,
MZYX.W,"MOZAYYX Acquisition Corp. Redeemable warrants, each whole warrant exercisable for one Class A ordinary share at an exercise price of $11.50",N,NYSE,N,N,
MZZ,ProShares UltraShort MidCap400,P,NYSE Arca,Y,N,
NA,Nano Labs Ltd - Class A Ordinary Shares,Q,Nasdaq,N,N,N
NAAS,NaaS Technology Inc. - American Depositary Shares,Q,Nasdaq,N,N,D
NABL,"N-able, Inc. Common Stock",N,NYSE,N,N,
NAC,Nuveen California Quality Municipal Income Fund,N,NYSE,N,N,
NACP,Impact Shares NAACP Minority Empowerment ETF,P,NYSE Arca,Y,N,
NAD,Nuveen Quality Municipal Income Fund Common Stock,N,NYSE,N,N,
NAGE,"Niagen Bioscience, Inc. - Common Stock",Q,Nasdaq,N,N,N
NAII,"Natural Alternatives International, Inc. - Common Stock",Q,Nasdaq,N,N,N
NAIL,Direxion Daily Homebuilders & Supplies Bull 3X ETF,P,NYSE Arca,Y,N,
NAK,"Northern Dynasty Minerals, Ltd. Common Stock",A,NYSE American,N,N,
NAKA,Nakamoto Inc. - Common Stock,Q,Nasdaq,N,N,N
NAMI,Jinxin Technology Holding Company - American Depositary Shares,Q,Nasdaq,N,N,N
NAMM,Namib Minerals - Ordinary Shares,Q,Nasdaq,N,N,N
NAMMW,Namib Minerals - Warrants,Q,Nasdaq,N,N,N
NAMS,NewAmsterdam Pharma Company N.V. - Ordinary Shares,Q,Nasdaq,N,N,N
NAMSW,NewAmsterdam Pharma Company N.V. - Warrant,Q,Nasdaq,N,N,N
NAN,Nuveen New York Quality Municipal Income Fund Common Stock,N,NYSE,N,N,
NANC,Unusual Whales Subversive Democratic Trading ETF,Z,Cboe BZX,Y,N,
NANR,State Street SPDR S&P North American Natural Resources ETF,P,NYSE Arca,Y,N,
NAPR,Innovator Growth-100 Power Buffer ETF - April,Z,Cboe BZX,Y,N,
NASA,Tema Space Innovators ETF,P,NYSE Arca,Y,N,
NAT,Nordic American Tankers Limited Common Stock,N,NYSE,N,N,
NATH,"Nathan's Famous, Inc. - Common Stock",Q,Nasdaq,N,N,N
NATL,NCR Atleos Corporation Common Stock,N,NYSE,N,N,
NATO,Themes Transatlantic Defense ETF,Q,Nasdaq,Y,N,N
NATR,"Nature's Sunshine Products, Inc. - Common Stock",Q,Nasdaq,N,N,N
NAUG,Innovator Growth-100 Power Buffer ETF - August,Z,Cboe BZX,Y,N,
NAUT,"Nautilus Biotechnology, Inc. - Common Stock",Q,Nasdaq,N,N,N
NAVI,Navient Corporation - Common Stock,Q,Nasdaq,N,N,N
NAVN,"Navan, Inc. - Class A Common Stock",Q,Nasdaq,N,N,N
NAZ,Nuveen Arizona Quality Municipal Income Fund Common Stock,N,NYSE,N,N,
NB,NioCorp Developments Ltd. - Common Stock,Q,Nasdaq,N,N,N
NBB,Nuveen Taxable Municipal Income Fund Common Shares of Beneficial Interest,N,NYSE,N,N,
NBBK,"NB Bancorp, Inc. - Common Stock",Q,Nasdaq,N,N,N
NBCE,Neuberger China Equity ETF,P,NYSE Arca,Y,N,
NBCM,Neuberger Commodity Strategy ETF,P,NYSE Arca,Y,N,
NBCR,Neuberger Core Equity ETF,P,NYSE Arca,Y,N,
NBDS,Neuberger Disrupters ETF,P,NYSE Arca,Y,N,
NBET,Neuberger Energy Transition & Infrastructure ETF,P,NYSE Arca,Y,N,
NBFC,Neuberger Flexible Credit Income ETF,P,NYSE Arca,Y,N,
NBFR,Innovator Nasdaq-100 Managed 10 Buffer ETF,P,NYSE Arca,Y,N,
NBGX,Neuberger Growth ETF,P,NYSE Arca,Y,N,
NBH,Neuberger Municipal Fund Inc. Common Stock,A,NYSE American,N,N,
NBHC,National Bank Holdings Corporation Common Stock,N,NYSE,N,N,
NBIC,Corgi NBIS 2x Daily ETF,Z,Cboe BZX,Y,N,
NBIE,Neuberger International Core Equity ETF,P,NYSE Arca,Y,N,
NBIG,Leverage Shares 2X Long NBIS Daily ETF,Q,Nasdaq,Y,N,N
NBIL,GraniteShares 2x Long NBIS Daily ETF,Q,Nasdaq,Y,N,N
NBIS,Nebius Group N.V. - Class A Ordinary Shares,Q,Nasdaq,N,N,N
NBIX,"Neurocrine Biosciences, Inc. - Common Stock",Q,Nasdaq,N,N,N
NBIZ,Tradr 2X Short NBIS Daily ETF,Z,Cboe BZX,Y,N,
NBJP,Neuberger Japan Equity ETF,P,NYSE Arca,Y,N,
NBN,Northeast Bank - Common Stock,Q,Nasdaq,N,N,N
NBOS,Neuberger Option Strategy ETF,P,NYSE Arca,Y,N,
NBP,NovaBridge Biosciences - American Depositary Shares,Q,Nasdaq,N,N,N
NBR,Nabors Industries Ltd.,N,NYSE,N,N,
NBRG,Newbridge Acquisition Limited - Class A Ordinary Share,Q,Nasdaq,N,N,N
NBRGR,Newbridge Acquisition Limited - Rights,Q,Nasdaq,N,N,N
NBRGU,Newbridge Acquisition Limited - Unit,Q,Nasdaq,N,N,N
NBSD,Neuberger Short Duration Income ETF,P,NYSE Arca,Y,N,
NBSM,Neuberger Small-Mid Cap ETF,P,NYSE Arca,Y,N,
NBTB,NBT Bancorp Inc. - Common Stock,Q,Nasdaq,N,N,N
NBTR,Neuberger Total Return Bond ETF,P,NYSE Arca,Y,N,
NBTX,Nanobiotix S.A. - ADSs,Q,Nasdaq,N,N,N
NBXG,Neuberger Next Generation Connectivity Fund Inc. Common Stock,N,NYSE,N,N,
NC,"NACCO Industries, Inc. Common Stock",N,NYSE,N,N,
NCA,Nuveen California Municipal Value Fund,N,NYSE,N,N,
NCDL,Nuveen Churchill Direct Lending Corp. Common Stock,N,NYSE,N,N,
NCEL,NewcelX Ltd. - Ordinary Shares,Q,Nasdaq,N,N,N
NCEW,New Century Logistics (BVI) Limited - Ordinary Shares,Q,Nasdaq,N,N,N
NCI,Neo-Concept International Group Holdings Limited - Class A Ordinary Shares,Q,Nasdaq,N,N,N
NCIQ,Hashdex Nasdaq CME Crypto Index ETF,Q,Nasdaq,Y,N,N
NCL,Northann Corp. Common Stock,A,NYSE American,N,N,
NCLH,Norwegian Cruise Line Holdings Ltd. Ordinary Shares,N,NYSE,N,N,
NCLO,Nuveen AA-BBB CLO ETF,P,NYSE Arca,Y,N,
NCMI,"National CineMedia, Inc. - Common Stock",Q,Nasdaq,N,N,N
NCNA,NuCana plc - American Depositary Shares,Q,Nasdaq,N,N,N
NCNO,"nCino, Inc. - Common Stock",Q,Nasdaq,N,N,N
NCPB,Nuveen Core Plus Bond ETF,Q,Nasdaq,Y,N,N
NCPL,Netcapital Inc. - Common Stock,Q,Nasdaq,N,N,D
NCPLW,Netcapital Inc. - warrants,Q,Nasdaq,N,N,N
NCRA,"Nocera, Inc. - common stock",Q,Nasdaq,N,N,D
NCSM,"NCS Multistage Holdings, Inc. - Common Stock",Q,Nasdaq,N,N,N
NCT,Intercont (Cayman) Limited - Class A Ordinary shares,Q,Nasdaq,N,N,N
NCTY,The9 Limited - American Depository Shares,Q,Nasdaq,N,N,N
NCV,Virtus Convertible & Income Fund Common Shares of Beneficial Interest,N,NYSE,N,N,
NCV$A,Virtus Convertible & Income Fund 5.625% Series A Cumulative Preferred Shares,N,NYSE,N,N,
NCZ,Virtus Convertible & Income Fund II Common Shares of Beneficial Interest,N,NYSE,N,N,
NCZ$A,Virtus Convertible & Income Fund II 5.50% Series A Cumulative Preferred Shares,N,NYSE,N,N,
NDAA,Ned Davis Research 360 Dynamic Allocation ETF,Q,Nasdaq,Y,N,N
NDAQ,"Nasdaq, Inc. - Common Stock",Q,Nasdaq,N,N,N
NDEC,Innovator Growth-100 Power Buffer ETF - December,Z,Cboe BZX,Y,N,
NDIA,Global X India Active ETF,P,NYSE Arca,Y,N,
NDIV,Amplify Energy & Natural Resources Covered Call ETF,P,NYSE Arca,Y,N,
NDLS,Noodles & Company - Class A Common Stock,Q,Nasdaq,N,N,N
NDMO,Nuveen Dynamic Municipal Opportunities Fund Common Shares of Beneficial Interest,N,NYSE,N,N,
NDOW,Anydrus Advantage ETF,Z,Cboe BZX,Y,N,
NDRA,ENDRA Life Sciences Inc. - Common Stock,Q,Nasdaq,N,N,N
NDSN,Nordson Corporation - Common Stock,Q,Nasdaq,N,N,N
NE,Noble Corporation plc A Ordinary Shares,N,NYSE,N,N,
NE.A,Noble Corporation plc Tranche 2 Warrants,N,NYSE,N,N,
NE.W,Noble Corporation plc Tranche 1 Warrants,N,NYSE,N,N,
NEA,Nuveen AMT-Free Quality Municipal Income Fund Common Shares of Beneficial Interest Par Value $.01,N,NYSE,N,N,
NEAR,iShares Short Duration Bond Active ETF,Z,Cboe BZX,Y,N,
NEBX,Tradr 2X Long NBIS Daily ETF,Z,Cboe BZX,Y,N,
NECB,"NorthEast Community Bancorp, Inc. - Common Stock",Q,Nasdaq,N,N,N
NEE,"NextEra Energy, Inc. Common Stock",N,NYSE,N,N,
NEE$N,"NextEra Energy Capital Holdings Inc. Series N Junior Subordinated Debentures due March 1, 2079",N,NYSE,N,N,
NEE$S,"NextEra Energy, Inc. 7.299% Corporate Units",N,NYSE,N,N,
NEE$T,"NextEra Energy, Inc. 7.234% Corporate Units",N,NYSE,N,N,
NEE$U,"NextEra Energy, Inc. Series U Junior Subordinated Debentures due June 1, 2085",N,NYSE,N,N,
NEE$V,"NextEra Energy, Inc. 7.375% Corporate Units",N,NYSE,N,N,
NEE$W,"NextEra Energy Capital Holdings Inc. Series Z Junior Subordinated Debentures due April 15, 2086",N,NYSE,N,N,
NEGG,"Newegg Commerce, Inc. - Common Shares",Q,Nasdaq,N,N,N
NEHI,NEOS Ethereum High Income ETF,Z,Cboe BZX,Y,N,
NELS,Nelson Select ETF,Z,Cboe BZX,Y,N,
NEM,Newmont Corporation,N,NYSE,N,N,
NEMD,Neuberger Emerging Markets Debt Hard Currency ETF,P,NYSE Arca,Y,N,
NEMG,Leverage Shares 2x Long NEM Daily ETF,Q,Nasdaq,Y,N,N
NEN,New England Realty Associates Limited Partnership Class A Depositary Receipts Evidencing Units of Limited Partnership,A,NYSE American,N,N,
NEO,"NeoGenomics, Inc. - Common Stock",Q,Nasdaq,N,N,N
NEOG,Neogen Corporation - Common Stock,Q,Nasdaq,N,N,N
NEON,Neonode Inc. - Common Stock,Q,Nasdaq,N,N,N
NEOV,NeoVolta Inc. - Common Stock,Q,Nasdaq,N,N,N
NEOVW,NeoVolta Inc. - Warrant,Q,Nasdaq,N,N,N
NEPH,"Nephros, Inc. - Common Stock",Q,Nasdaq,N,N,N
NERD,Roundhill Video Games ETF,Z,Cboe BZX,Y,N,
NERV,"Minerva Neurosciences, Inc - Common Stock",Q,Nasdaq,N,N,N
NESR,National Energy Services Reunited Corp - Ordinary Shares,Q,Nasdaq,N,N,N
NET,"Cloudflare, Inc. Class A Common Stock",N,NYSE,N,N,
NETG,Leverage Shares 2X Long NET Daily ETF,Q,Nasdaq,Y,N,N
NETL,Colterpoint Net Lease Real Estate ETF,P,NYSE Arca,Y,N,
NEU,NewMarket Corp Common Stock,N,NYSE,N,N,
NEUP,Neuphoria Therapeutics Inc. - Common Stock,Q,Nasdaq,N,N,N
NEWP,New Pacific Metals Corp. Common Shares,A,NYSE American,N,N,
NEWT,"NewtekOne, Inc. - Common Stock",Q,Nasdaq,N,N,N
NEWTG,"NewtekOne, Inc. - 8.50% Fixed Rate Senior Notes due 2029",Q,Nasdaq,N,N,N
NEWTH,"NewtekOne, Inc. - 8.625% Fixed Rate Senior Notes due 2029",Q,Nasdaq,N,N,N
NEWTI,"NewtekOne, Inc. - 8.00% Fixed Rate Senior Notes due 2028",Q,Nasdaq,N,N,N
NEWTO,"NewtekOne, Inc. - 8.50% Fixed Rate Senior Notes due 2031",Q,Nasdaq,N,N,N
NEWTP,"NewtekOne, Inc. - Depositary Shares, Each Representing a 1/40th Interest in a Share of 8.500% Fixed Rate Reset Non-Cumulative Perpetual Preferred Stock, Series B",Q,Nasdaq,N,N,N
NEWZ,StockSnips AI-Powered Sentiment US All Cap ETF,Q,Nasdaq,Y,N,N
NEXA,Nexa Resources S.A. Common Shares,N,NYSE,N,N,
NEXM,NexMetals Mining Corp. - Common Stock,Q,Nasdaq,N,N,N
NEXN,Nexxen International Ltd. - Ordinary Shares,Q,Nasdaq,N,N,N
NEXR,Nexera Technologies Ltd - Ordinary Shares,Q,Nasdaq,N,N,N
NEXRW,Nexera Technologies Ltd - Warrant,Q,Nasdaq,N,N,N
NEXT,NextDecade Corporation - Common Stock,Q,Nasdaq,N,N,N
NFBK,"Northfield Bancorp, Inc. - Common Stock",Q,Nasdaq,N,N,N
NFE,New Fortress Energy Inc. - Class A Common Stock,Q,Nasdaq,N,N,D
NFEB,Innovator Growth-100 Power Buffer ETF - February,Z,Cboe BZX,Y,N,
NFG,National Fuel Gas Company Common Stock,N,NYSE,N,N,
NFGC,New Found Gold Corp Common Shares,A,NYSE American,N,N,
NFJ,"Virtus Dividend, Interest & Premium Strategy Fund Common Shares of Beneficial Interest",N,NYSE,N,N,
NFLP,Kurv Yield Premium Strategy Netflix (NFLX) ETF,Z,Cboe BZX,Y,N,
NFLT,Virtus Newfleet Multi-Sector Bond ETF,P,NYSE Arca,Y,N,
NFLU,T-Rex 2X Long NFLX Daily Target ETF,Z,Cboe BZX,Y,N,
NFLW,Roundhill NFLX WeeklyPay ETF,Z,Cboe BZX,Y,N,
NFLX,"Netflix, Inc. - Common Stock",Q,Nasdaq,N,N,N
NFLY,YieldMax NFLX Option Income Strategy ETF,P,NYSE Arca,Y,N,
NFRA,FlexShares STOXX Global Broad Infrastructure Index Fund,P,NYSE Arca,Y,N,
NFRX,Harrison Street Infrastructure Active ETF,Q,Nasdaq,Y,N,N
NFTY,First Trust India Nifty 50 Equal Weight ETF,Q,Nasdaq,Y,N,N
NFX,Corgi NFLX 2x Daily ETF,Z,Cboe BZX,Y,N,
NFXL,Direxion Daily NFLX Bull 2X ETF,Q,Nasdaq,Y,N,N
NFXS,Direxion Daily NFLX Bear 1X ETF,Q,Nasdaq,Y,N,N
NG,Novagold Resources Inc.,A,NYSE American,N,N,
NGEN,NervGen Pharma Corp. - Common stock,Q,Nasdaq,N,N,N
NGG,"National Grid Transco, PLC National Grid PLC (NEW) American Depositary Shares",N,NYSE,N,N,
NGHT,Nicholas Bitcoin and Treasuries AfterDark ETF,Q,Nasdaq,Y,N,N
NGIF,Nuveen Global Infrastructure Fund: ETF Class Shares,P,NYSE Arca,Y,N,
NGL,NGL ENERGY PARTNERS LP Common Units representing Limited Partner Interests,N,NYSE,N,N,
NGL$B,NGL ENERGY PARTNERS LP 9.00% Class B Fixed-to-Floating Rate Cumulative Redeemable Perpetual Preferred Units representing limited partnership interests,N,NYSE,N,N,
NGL$C,NGL ENERGY PARTNERS LP 9.625% Class C Fixed-to-Floating Rate Cumulative  Redeemable Perpetual Preferred Units representing  limited partner interests,N,NYSE,N,N,
NGNE,Neurogene Inc. - Common Stock,Q,Nasdaq,N,N,N
NGS,"Natural Gas Services Group, Inc. Common Stock",N,NYSE,N,N,
NGVC,"Natural Grocers by Vitamin Cottage, Inc. Common Stock",N,NYSE,N,N,
NGVT,Ingevity Corporation Common Stock ,N,NYSE,N,N,
NHC,National HealthCare Corporation Common Stock,A,NYSE American,N,N,
NHI,"National Health Investors, Inc. Common Stock",N,NYSE,N,N,
NHIC,NewHold Investment Corp III - Class A Ordinary shares,Q,Nasdaq,N,N,N
NHICU,NewHold Investment Corp III - Units,Q,Nasdaq,N,N,N
NHICW,NewHold Investment Corp III - Warrants,Q,Nasdaq,N,N,N
NHIV,NewHold Investment Corp IV - Class A Ordinary Shares,Q,Nasdaq,N,N,N
NHIVU,NewHold Investment Corp IV - Units,Q,Nasdaq,N,N,N
NHIVW,NewHold Investment Corp IV - Warrants,Q,Nasdaq,N,N,N
NHP,"National Healthcare Properties, Inc. - Class A Common Stock",Q,Nasdaq,N,N,N
NHPAP,"National Healthcare Properties, Inc. - 7.375% Series A Cumulative Redeemable Perpetual Preferred Stock",Q,Nasdaq,N,N,N
NHPBP,"National Healthcare Properties, Inc. - 7.125% Series B Cumulative Redeemable Perpetual Preferred Stock",Q,Nasdaq,N,N,N
NHS,Neuberger High Yield Strategies Fund Inc. Common Stock,A,NYSE American,N,N,
NHTC,Natural Health Trends Corp. - Common Stock,Q,Nasdaq,N,N,N
NHYB,Nuveen High Yield Corporate Bond ETF,P,NYSE Arca,Y,N,
NHYM,Nuveen High Yield Municipal Income ETF,P,NYSE Arca,Y,N,
NI,NiSource Inc Common Stock,N,NYSE,N,N,
NIC,Nicolet Bankshares Inc. Common Stock,N,NYSE,N,N,
NICE,NICE Ltd - American Depositary Shares each representing one Ordinary Share,Q,Nasdaq,N,N,N
NICM,Nicola Mining Inc. - American Depositary Shares,Q,Nasdaq,N,N,N
NICO,Hexis Active Nicotine Engagement ETF,P,NYSE Arca,Y,N,
NIE,Virtus Equity & Convertible Income Fund Common Shares of Beneficial Interest,N,NYSE,N,N,
NIHI,NEOS MSCI EAFE High Income ETF,Z,Cboe BZX,Y,N,
NIKL,Sprott Nickel Miners ETF,Q,Nasdaq,Y,N,N
NIM,Nuveen Select Maturities Municipal Fund Common Stock,N,NYSE,N,N,
NINE,"Nine Energy Service, Inc. Common Stock",A,NYSE American,N,N,
NIO,"NIO Inc. American depositary shares, each  representing one Class A ordinary share",N,NYSE,N,N,
NIOBW,NioCorp Developments Ltd. - Warrant,Q,Nasdaq,N,N,N
NIOG,Leverage Shares 2X Long NIO Daily ETF,Q,Nasdaq,Y,N,N
NIPG,NIP Group Inc. - American Depositary Shares,Q,Nasdaq,N,N,D
NIQ,NIQ Global Intelligence plc Ordinary Shares,N,NYSE,N,N,
NISM,NYLI International Small-Mid Cap Equity ETF,P,NYSE Arca,Y,N,
NITE,The Nightview Fund NITE,P,NYSE Arca,Y,N,
NIU,Niu Technologies - American Depositary Shares,Q,Nasdaq,N,N,N
NIVF,NewGenIvf Group Limited - Class A Ordinary Shares,Q,Nasdaq,N,N,N
NIVFW,NewGenIvf Group Limited - Warrants,Q,Nasdaq,N,N,N
NIXT,Research Affiliates Deletions ETF,Q,Nasdaq,Y,N,N
NIXX,"Nixxy, Inc. - Common Stock",Q,Nasdaq,N,N,N
NJAN,Innovator Growth-100 Power Buffer ETF - January,Z,Cboe BZX,Y,N,
NJNK,Columbia U.S. High Yield ETF,P,NYSE Arca,Y,N,
NJR,NewJersey Resources Corporation Common Stock,N,NYSE,N,N,
NJUL,Innovator Growth-100 Power Buffer ETF - July,Z,Cboe BZX,Y,N,
NJUN,Innovator Growth-100 Power Buffer ETF - June,Z,Cboe BZX,Y,N,
NKE,"Nike, Inc. Common Stock",N,NYSE,N,N,
NKLR,Terra Innovatum Global N.V. - Ordinary shares,Q,Nasdaq,N,N,N
NKSH,"National Bankshares, Inc. - Common Stock",Q,Nasdaq,N,N,N
NKTR,Nektar Therapeutics - Common Stock,Q,Nasdaq,N,N,N
NKTX,"Nkarta, Inc. - Common Stock",Q,Nasdaq,N,N,N
NKX,Nuveen California AMT-Free Quality Municipal Income Fund,N,NYSE,N,N,
NL,"NLI Holdings, Inc. Common Stock",N,NYSE,N,N,
NLOP,Net Lease Office Properties Common Shares of Beneficial Interest,N,NYSE,N,N,
NLR,VanEck Uranium and Nuclear ETF,P,NYSE Arca,Y,N,
NLSI,NEOS Long/Short Equity Income ETF,Z,Cboe BZX,Y,N,
NLY,Annaly Capital Management Inc. Common Stock,N,NYSE,N,N,
NLY$F,Annaly Capital Management Inc 6.95% Series F,N,NYSE,N,N,
NLY$G,Annaly Capital Management Inc 6.50% Series G Fixed-to-Floating Rate Cumulative Redeemable Preferred Stock,N,NYSE,N,N,
NLY$I,Annaly Capital Management Inc 6.750% Series I Fixed-to-Floating Rate Cumulative Redeemable Preferred Stock,N,NYSE,N,N,
NLY$J,Annaly Capital Management Inc. 8.875% Series J Fixed-Rate Cumulative Redeemable Preferred Stock,N,NYSE,N,N,
NMAD,"Nomad Power Solutions, Inc. - Common Stock",Q,Nasdaq,N,N,N
NMAI,Nuveen Multi-Asset Income Fund Common Shares of Beneficial Interest,N,NYSE,N,N,
NMAR,Innovator Growth-100 Power Buffer ETF - March,Z,Cboe BZX,Y,N,
NMAX,"Newsmax, Inc. Class B Common Stock",N,NYSE,N,N,
NMAY,Innovator Growth-100 Power Buffer ETF - May,Z,Cboe BZX,Y,N,
NMB,Simplify National Muni Bond ETF,P,NYSE Arca,Y,N,
NMBL,NovaTide Flexible Allocation ETF,P,NYSE Arca,Y,N,
NMCO,Nuveen Municipal Credit Opportunities Fund Common Shares,N,NYSE,N,N,
NMFC,New Mountain Finance Corporation - Common Stock,Q,Nasdaq,N,N,N
NMFCZ,New Mountain Finance Corporation - 8.250% Notes due 2028,Q,Nasdaq,N,N,N
NMG,Nouveau Monde Graphite Inc. Common Shares,N,NYSE,N,N,
NMI,"Nuveen Municipal Income Fund, Inc. Common Stock",N,NYSE,N,N,
NMIH,NMI Holdings Inc - Common Stock,Q,Nasdaq,N,N,N
NML,Neuberger Energy Infrastructure and Income Fund Inc. Common Stock,A,NYSE American,N,N,
NMM,Navios Maritime Partners LP Common Units Representing Limited Partner Interests,N,NYSE,N,N,
NMP,NMP Acquisition Corp. - Class A Ordinary Shares,Q,Nasdaq,N,N,N
NMPAR,NMP Acquisition Corp. - Right,Q,Nasdaq,N,N,N
NMPAU,NMP Acquisition Corp. - Units,Q,Nasdaq,N,N,N
NMR,Nomura Holdings Inc ADR American Depositary Shares,N,NYSE,N,N,
NMRA,"Neumora Therapeutics, Inc. - Common Stock",Q,Nasdaq,N,N,N
NMRK,"Newmark Group, Inc. - Class A Common Stock",Q,Nasdaq,N,N,N
NMS,Nuveen Minnesota Quality Municipal Income Fund ,N,NYSE,N,N,
NMT,Nuveen Massachusetts Quality Municipal Income Fund Common Stock,N,NYSE,N,N,
NMTC,NeuroOne Medical Technologies Corporation - Common Stock,Q,Nasdaq,N,N,N
NMZ,"Nuveen Municipal High Income Opportunity Fund Common Stock, $0.01 par value, per share",N,NYSE,N,N,
NN,NextNav Inc. - Common stock,Q,Nasdaq,N,N,N
NNBR,"NN, Inc. - Common Stock",Q,Nasdaq,N,N,N
NNDM,Nano Dimension Ltd. - American Depositary Shares,Q,Nasdaq,N,N,N
NNE,Nano Nuclear Energy Inc. - common stock,Q,Nasdaq,N,N,N
NNI,"Nelnet, Inc. Common Stock",N,NYSE,N,N,
NNN,"NNN REIT, Inc. Common Stock",N,NYSE,N,N,
NNNN,Anbio Biotechnology - Class A Ordinary Shares,Q,Nasdaq,N,N,N
NNOV,Innovator Growth-100 Power Buffer ETF - November,Z,Cboe BZX,Y,N,
NNOX,NANO-X IMAGING LTD - Ordinary Shares,Q,Nasdaq,N,N,N
NNVC,"NanoViricides, Inc. Common Stock",A,NYSE American,N,N,
NNY,Nuveen New York Municipal Value Fund Common Stock,N,NYSE,N,N,
NOA,North American Construction Group Ltd. Common Shares (no par),N,NYSE,N,N,
NOAH,Noah Holdings Limited American Depositary Shares,N,NYSE,N,N,
NOBL,ProShares S&P 500 Dividend Aristocrats ETF,Z,Cboe BZX,Y,N,
NOC,Northrop Grumman Corporation Common Stock,N,NYSE,N,N,
NOCT,Innovator Growth-100 Power Buffer ETF- October,Z,Cboe BZX,Y,N,
NODE,VanEck Onchain Economy ETF,Z,Cboe BZX,Y,N,
NODK,"NI Holdings, Inc. - Common Stock",Q,Nasdaq,N,N,N
NOEM,CO2 Energy Transition Corp. - Common Stock,Q,Nasdaq,N,N,N
NOEMR,CO2 Energy Transition Corp. - Right,Q,Nasdaq,N,N,N
NOEMU,CO2 Energy Transition Corp. - Unit,Q,Nasdaq,N,N,N
NOEMW,CO2 Energy Transition Corp. - Warrant,Q,Nasdaq,N,N,N
NOEQ,Northern Trust US Equity ETF,P,NYSE Arca,Y,N,
NOG,"Northern Oil and Gas, Inc. Common Stock",N,NYSE,N,N,
NOK,Nokia Corporation Sponsored American Depositary Shares,N,NYSE,N,N,
NOMA,NOMADAR Corp. - Class A Common Stock,Q,Nasdaq,N,N,N
NOMD,Nomad Foods Limited Ordinary Shares,N,NYSE,N,N,
NORW,Global X MSCI Norway ETF,P,NYSE Arca,Y,N,
NOV,NOV Inc. Common Stock,N,NYSE,N,N,
NOVM,FT Vest U.S. Equity Max Buffer ETF - November,Z,Cboe BZX,Y,N,
NOVP,PGIM S&P 500 Buffer 12 ETF - November,Z,Cboe BZX,Y,N,
NOVT,Novanta Inc. - Common Shares,Q,Nasdaq,N,N,N
NOVTU,Novanta Inc. - Tangible Equity Units,Q,Nasdaq,N,N,N
NOVZ,TrueShares Structured Outcome (November) ETF,Z,Cboe BZX,Y,N,
NOW,"ServiceNow, Inc. Common Stock",N,NYSE,N,N,
NOWL,GraniteShares 2x Long NOW Daily ETF,Q,Nasdaq,Y,N,N
NOWX,Corgi NOW 2x Daily ETF,Z,Cboe BZX,Y,N,
NP,Neptune Insurance Holdings Inc. Class A Common Stock,N,NYSE,N,N,
NPAC,New Providence Acquisition Corp. III - Ordinary Shares,Q,Nasdaq,N,N,N
NPACU,New Providence Acquisition Corp. III - Units,Q,Nasdaq,N,N,N
NPACW,New Providence Acquisition Corp. III - Warrants,Q,Nasdaq,N,N,N
NPB,"Northpointe Bancshares, Inc. Common Stock",N,NYSE,N,N,
NPCE,"Neuropace, Inc. - Common Stock",Q,Nasdaq,N,N,N
NPCT,Nuveen Core Plus Impact Fund Common Shares of Beneficial Interest,N,NYSE,N,N,
NPFD,Nuveen Variable Rate Preferred & Income Fund Common Shares,N,NYSE,N,N,
NPFE,NPF Core Equity ETF,Z,Cboe BZX,Y,N,
NPFI,Nuveen Preferred and Income ETF,Q,Nasdaq,Y,N,N
NPK,"National Presto Industries, Inc. Common Stock",N,NYSE,N,N,
NPKI,NPK International Inc. Common Stock,N,NYSE,N,N,
NPO,Enpro Inc. Common Stock,N,NYSE,N,N,
NPT,Texxon Holding Limited - Ordinary shares,Q,Nasdaq,N,N,N
NPV,Nuveen Virginia Quality Municipal Income Fund Common Stock,N,NYSE,N,N,
NPWR,NET Power Inc. Class A Common Stock,N,NYSE,N,N,
NPWR.W,"NET Power Inc. Redeemable warrants, each whole warrant exercisable for one share of Class A Common Stock at an exercise price of $11.50",N,NYSE,N,N,
NQLT,Neuberger Quality Select ETF,P,NYSE Arca,Y,N,
NRC,NRC Health - Common Stock,Q,Nasdaq,N,N,N
NRDS,"NerdWallet, Inc. - Class A Common Stock",Q,Nasdaq,N,N,N
NRDY,Nerdy Inc. Class A Common Stock,N,NYSE,N,N,
NREF,"NexPoint Real Estate Finance, Inc. Common Stock",N,NYSE,N,N,
NREF$A,"NexPoint Real Estate Finance, Inc. 8.50% Series A Cumulative Redeemable Preferred Stock",N,NYSE,N,N,
NRES,Xtrackers RREEF Global Natural Resources ETF,Q,Nasdaq,Y,N,N
NRG,"NRG Energy, Inc. Common Stock",N,NYSE,N,N,
NRGD,"MicroSectors U.S. Big Oil -3 Inverse Leveraged ETNs due February 17, 2045",P,NYSE Arca,Y,N,
NRGU,"MicroSectors U.S. Big Oil 3 Leveraged ETNs due February 17, 2045",P,NYSE Arca,Y,N,
NRGV,"Energy Vault Holdings, Inc. Common Stock",N,NYSE,N,N,
NRIM,Northrim BanCorp Inc - Common Stock,Q,Nasdaq,N,N,N
NRIX,"Nurix Therapeutics, Inc. - Common stock",Q,Nasdaq,N,N,N
NRK,Nuveen New York AMT-Free Quality Municipal Income Fund ,N,NYSE,N,N,
NRO,Neuberger Real Estate Securities Income Fund Inc. Common Stock,A,NYSE American,N,N,
NRP,Natural Resource Partners LP Limited Partnership,N,NYSE,N,N,
NRSH,Aztlan North America Nearshoring Stock Selection ETF,P,NYSE Arca,Y,N,
NRSN,NeuroSense Therapeutics Ltd. - Ordinary Shares,Q,Nasdaq,N,N,D
NRSNW,NeuroSense Therapeutics Ltd. - Warrant,Q,Nasdaq,N,N,D
NRT,North European Oil Royality Trust Common Stock,N,NYSE,N,N,
NRUC,National Rural Utilities Cooperative Finance Corporation 5.500% Subordinated Notes due 2064 (Subordinated Deferrable Interest Notes),N,NYSE,N,N,
NRXP,"NRX Pharmaceuticals, Inc. - Common Stock",Q,Nasdaq,N,N,N
NRXS,"Neuraxis, Inc. Common Stock",A,NYSE American,N,N,
NSA,National Storage Affiliates Trust Common Shares of Beneficial Interest,N,NYSE,N,N,
NSA$A,National Storage Affiliates Trust 6.000% Series A Cumulative Redeemable Preferred Shares of Beneficial Interest (Liquidation Preference $25.00 per share),N,NYSE,N,N,
NSA$B,National Storage Affiliates Trust 6.000% Series B Cumulative Redeemable Preferred Shares of Beneficial Interest,N,NYSE,N,N,
NSC,Norfolk Southern Corporation Common Stock,N,NYSE,N,N,
NSCI,Nuveen Securitized Income ETF,P,NYSE Arca,Y,N,
NSEP,Innovator Growth-100 Power Buffer ETF - September,Z,Cboe BZX,Y,N,
NSI,National Security Emerging Markets Index ETF,Q,Nasdaq,Y,N,N
NSIG,North Square Growth Opportunities ETF,P,NYSE Arca,Y,N,
NSIT,"Insight Enterprises, Inc. - Common Stock",Q,Nasdaq,N,N,N
NSIV,North Square Disciplined Value ETF,P,NYSE Arca,Y,N,
NSLR,Neostellar Capital Corp. - Closed End Fund,Q,Nasdaq,N,N,N
NSLRL,Neostellar Capital Corp. - 6.00% Notes due 2026,Q,Nasdaq,N,N,N
NSP,"Insperity, Inc. Common Stock",N,NYSE,N,N,
NSPR,InspireMD Inc. - Common Stock,Q,Nasdaq,N,N,N
NSRX,Nasus Pharma Ltd. Ordinary Shares,A,NYSE American,N,N,
NSSC,"NAPCO Security Technologies, Inc. - Common Stock",Q,Nasdaq,N,N,N
NSTS,"NSTS Bancorp, Inc. - Common Stock",Q,Nasdaq,N,N,N
NSYS,Nortech Systems Incorporated - Common Stock,Q,Nasdaq,N,N,N
NTAL,GraniteShares 2x Long NTAP Daily ETF,Q,Nasdaq,Y,N,N
NTAP,"NetApp, Inc. - Common Stock",Q,Nasdaq,N,N,N
NTB,Bank of N.T. Butterfield & Son Limited (The) Voting Ordinary Shares,N,NYSE,N,N,
NTCL,NETCLASS TECHNOLOGY INC - Class A Ordinary Shares,Q,Nasdaq,N,N,D
NTCT,"NetScout Systems, Inc. - Common Stock",Q,Nasdaq,N,N,N
NTES,"NetEase, Inc. - American Depositary Shares, each representing 5 ordinary shares",Q,Nasdaq,N,N,N
NTEST,NYSE Tick Pilot Test Sym-Control,N,NYSE,N,Y,
NTEST.A,NYSE Tick Pilot Test Sym-G1,N,NYSE,N,Y,
NTEST.B,NYSE Tick Pilot Test Sym-G2,N,NYSE,N,Y,
NTEST.C,Tick Pilot Test C Common Stock,N,NYSE,N,Y,
NTGR,"NETGEAR, Inc. - Common Stock",Q,Nasdaq,N,N,N
NTHI,"NeOnc Technologies Holdings, Inc. - Common Stock",Q,Nasdaq,N,N,N
NTIC,Northern Technologies International Corporation - Common Stock,Q,Nasdaq,N,N,N
NTIP,"Network-1 Technologies, Inc. Common Stock",A,NYSE American,N,N,
NTLA,"Intellia Therapeutics, Inc. - Common Stock",Q,Nasdaq,N,N,N
NTNX,"Nutanix, Inc. - Class A Common Stock",Q,Nasdaq,N,N,N
NTR,Nutrien Ltd. Common Shares,N,NYSE,N,N,
NTRA,"Natera, Inc. - Common Stock",Q,Nasdaq,N,N,N
NTRB,Nutriband Inc. - Common Stock,Q,Nasdaq,N,N,N
NTRBW,Nutriband Inc. - Warrant,Q,Nasdaq,N,N,N
NTRL,First Trust Equity Market Neutral ETF,P,NYSE Arca,Y,N,
NTRP,"NextTrip, Inc. - Common Stock",Q,Nasdaq,N,N,N
NTRS,Northern Trust Corporation - Common Stock,Q,Nasdaq,N,N,N
NTRSO,"Northern Trust Corporation - Depositary Shares Each Representing a 1/1,000th Interest in a Share of Series E Non-Cumulative Perpetual Preferred Stock",Q,Nasdaq,N,N,N
NTSD,WisdomTree Efficient U.S. Plus International Equity Fund,P,NYSE Arca,Y,N,
NTSE,WisdomTree Emerging Markets Efficient Core Fund,P,NYSE Arca,Y,N,
NTSI,WisdomTree International Efficient Core Fund,P,NYSE Arca,Y,N,
NTSK,"Netskope, Inc. - Class A Common Stock",Q,Nasdaq,N,N,N
NTST,NetSTREIT Corp. Common Stock,N,NYSE,N,N,
NTSX,WisdomTree U.S. Efficient Core Fund,P,NYSE Arca,Y,N,
NTWK,NETSOL Technologies Inc. - Common Stock,Q,Nasdaq,N,N,N
NTWO,Newbury Street II Acquisition Corp - Class A Ordinary Shares,Q,Nasdaq,N,N,N
NTWOU,Newbury Street II Acquisition Corp - Unit,Q,Nasdaq,N,N,N
NTWOW,Newbury Street II Acquisition Corp - Warrant,Q,Nasdaq,N,N,N
NTZ,"Natuzzi, S.p.A.",N,NYSE,N,N,
NU,Nu Holdings Ltd. Class A Ordinary Shares,N,NYSE,N,N,
NUAG,Nuveen Enhanced Yield U.S. Aggregate Bond ETF,P,NYSE Arca,Y,N,
NUAI,"New Era Energy & Digital, Inc. - Common Stock",Q,Nasdaq,N,N,N
NUAIW,"New Era Energy & Digital, Inc. - Warrants",Q,Nasdaq,N,N,N
NUBD,Nuveen ESG U.S. Aggregate Bond ETF,P,NYSE Arca,Y,N,
NUCL,Eagle Nuclear Energy Corp. - Common stock,Q,Nasdaq,N,N,N
NUCLW,Eagle Nuclear Energy Corp. - Warrants,Q,Nasdaq,N,N,N
NUDG,Nuveen Dividend Growth Fund: ETF Class Shares,P,NYSE Arca,Y,N,
NUDM,Nuveen ESG International Developed Markets Equity ETF,Z,Cboe BZX,Y,N,
NUDV,Nuveen ESG Dividend ETF,Z,Cboe BZX,Y,N,
NUE,Nucor Corporation Common Stock,N,NYSE,N,N,
NUEM,Nuveen ESG Emerging Markets Equity ETF,Z,Cboe BZX,Y,N,
NUG,Leverage Shares 2X Long NU Daily ETF,Q,Nasdaq,Y,N,N
NUGO,Nuveen Growth Opportunities ETF,P,NYSE Arca,Y,N,
NUGT,Direxion Daily Gold Miners Index Bull 2X ETF,P,NYSE Arca,Y,N,
NUGY,GraniteShares YieldBOOST Gold Miners ETF,Q,Nasdaq,Y,N,N
NUHY,Nuveen ESG High Yield Corporate Bond ETF,P,NYSE Arca,Y,N,
NUIF,Nuveen US Infrastructure ETF,Q,Nasdaq,Y,N,N
NUKX,Nicholas Nuclear Income ETF,P,NYSE Arca,Y,N,
NUKZ,Range Nuclear Renaissance Index ETF,P,NYSE Arca,Y,N,
NULC,Nuveen ESG Large-Cap ETF,Z,Cboe BZX,Y,N,
NULG,Nuveen ESG Large-Cap Growth ETF,Z,Cboe BZX,Y,N,
NULV,Nuveen ESG Large-Cap Value ETF,Z,Cboe BZX,Y,N,
NUMG,Nuveen ESG Mid-Cap Growth ETF,Z,Cboe BZX,Y,N,
NUMI,Nuveen Municipal Income ETF,P,NYSE Arca,Y,N,
NUMV,Nuveen ESG Mid-Cap Value ETF,Z,Cboe BZX,Y,N,
NURE,Nuveen Short-Term REIT ETF,Z,Cboe BZX,Y,N,
NUS,"Nu Skin Enterprises, Inc. Common Stock",N,NYSE,N,N,
NUSA,Nuveen ESG 1-5 Year U.S. Aggregate Bond ETF,P,NYSE Arca,Y,N,
NUSB,Nuveen Ultra Short Income ETF,Q,Nasdaq,Y,N,N
NUSC,Nuveen ESG Small-Cap ETF,Z,Cboe BZX,Y,N,
NUTR,Nusatrip Incorporated - Common Stock,Q,Nasdaq,N,N,E
NUTX,Nutex Health Inc. - Common Stock,Q,Nasdaq,N,N,N
NUV,"Nuveen Municipal Value Fund, Inc. Common Stock",N,NYSE,N,N,
NUVB,Nuvation Bio Inc. Class A Common Stock,N,NYSE,N,N,
NUVL,"Nuvalent, Inc. - Class A Common Stock",Q,Nasdaq,N,N,N
NUW,Nuveen AMT-Free Municipal Value Fund,N,NYSE,N,N,
NUWE,"Nuwellis, Inc. - Common Stock",Q,Nasdaq,N,N,N
NVA,Nova Minerals Corp Common Stock,A,NYSE American,N,N,
NVA.W,Nova Minerals Corp Warrants to Purchase Common Stock,A,NYSE American,N,N,
NVAX,"Novavax, Inc. - Common Stock",Q,Nasdaq,N,N,N
NVBT,AllianzIM U.S. Large Cap Buffer10 Nov ETF,Z,Cboe BZX,Y,N,
NVBU,AllianzIM U.S. Equity Buffer15 Uncapped Nov ETF,Z,Cboe BZX,Y,N,
NVBW,AllianzIM U.S. Large Cap Buffer20 Nov ETF,Z,Cboe BZX,Y,N,
NVC,Corgi NVDA 2x Daily ETF,Z,Cboe BZX,Y,N,
NVCR,NovoCure Limited - Ordinary Shares,Q,Nasdaq,N,N,N
NVCT,"Nuvectis Pharma, Inc. - Common Stock",Q,Nasdaq,N,N,N
NVD,GraniteShares 2x Short NVDA Daily ETF,Q,Nasdaq,Y,N,N
NVDA,NVIDIA Corporation - Common Stock,Q,Nasdaq,N,N,N
NVDB,ProShares Ultra NVDA,P,NYSE Arca,Y,N,
NVDD,Direxion Daily NVDA Bear 1X ETF,Q,Nasdaq,Y,N,N
NVDG,Leverage Shares 2X Long NVDA Daily ETF,Q,Nasdaq,Y,N,N
NVDL,GraniteShares 2x Long NVDA Daily ETF,Q,Nasdaq,Y,N,N
NVDQ,T-Rex 2X Inverse NVIDIA Daily Target ETF,Z,Cboe BZX,Y,N,
NVDS,Tradr 1.5X Short NVDA Daily ETF,Q,Nasdaq,Y,N,N
NVDU,Direxion Daily NVDA Bull 2X ETF,Q,Nasdaq,Y,N,N
NVDW,Roundhill NVDA WeeklyPay ETF,Z,Cboe BZX,Y,N,
NVDX,T-Rex 2X Long NVIDIA Daily Target ETF,Z,Cboe BZX,Y,N,
NVDY,YieldMax NVDA Option Income Strategy ETF,P,NYSE Arca,Y,N,
NVEC,NVE Corporation - Common Stock,Q,Nasdaq,N,N,N
NVG,Nuveen AMT-Free Municipal Credit Income Fund ,N,NYSE,N,N,
NVGS,Navigator Holdings Ltd. Ordinary Shares (Marshall Islands),N,NYSE,N,N,
NVII,REX NVDA Growth & Income ETF,Z,Cboe BZX,Y,N,
NVIR,Horizon Kinetics Energy and Remediation ETF,P,NYSE Arca,Y,N,
NVIT,YieldMax NVDA Performance & Distribution Target 25 ETF,Z,Cboe BZX,Y,N,
NVMI,Nova Ltd. - Ordinary Shares,Q,Nasdaq,N,N,N
NVNI,Nvni Group Limited - Ordinary Shares,Q,Nasdaq,N,N,D
NVNIW,Nvni Group Limited - Warrants,Q,Nasdaq,N,N,D
NVNO,enVVeno Medical Corporation - Common Stock,Q,Nasdaq,N,N,N
NVO,Novo Nordisk A/S Common Stock,N,NYSE,N,N,
NVOC,Corgi NVO 2x Daily ETF,Z,Cboe BZX,Y,N,
NVOH,Novo Nordisk A/S B Shares ADRhedged,P,NYSE Arca,Y,N,
NVOX,Defiance Daily Target 2X Long NVO ETF,P,NYSE Arca,Y,N,
NVPS,PurePlay Nvidia Ecosystem Picks & Shovels Index ETF,Q,Nasdaq,Y,N,N
NVR,"NVR, Inc. Common Stock",N,NYSE,N,N,
NVRI,Enviri Corporation Common Stock,N,NYSE,N,N,
NVS,Novartis AG Common Stock,N,NYSE,N,N,
NVST,Envista Holdings Corporation Common Stock,N,NYSE,N,N,
NVT,nVent Electric plc Ordinary Shares ,N,NYSE,N,N,
NVTC,Corgi NVTS 2x Daily ETF,Z,Cboe BZX,Y,N,
NVTS,Navitas Semiconductor Corporation - Common Stock,Q,Nasdaq,N,N,N
NVTX,Tradr 2X Long NVTS Daily ETF,Z,Cboe BZX,Y,N,
NVVE,Nuvve Holding Corp. - Common Stock,Q,Nasdaq,N,N,H
NVX,NOVONIX Limited - American Depository Shares,Q,Nasdaq,N,N,D
NVYY,GraniteShares YieldBOOST NVDA ETF,Q,Nasdaq,Y,N,N
NWAX,New America Acquisition I Corp. Class A Common Stock,N,NYSE,N,N,
NWAX.U,"New America Acquisition I Corp. Units, each consisting of one share of Class A Common Stock and one-half of one redeemable warrant",N,NYSE,N,N,
NWAX.W,"New America Acquisition I Corp. Warrants, each whole warrant is exercisable to purchase one share of Class A common stock",N,NYSE,N,N,
NWBI,"Northwest Bancshares, Inc. - Common Stock",Q,Nasdaq,N,N,N
NWE,"NorthWestern Energy Group, Inc.  - Common Stock",Q,Nasdaq,N,N,N
NWFL,Norwood Financial Corp. - Common Stock,Q,Nasdaq,N,N,N
NWG,"NatWest Group plc American Depositary Shares, (each representing two (2) Ordinary Shares)",N,NYSE,N,N,
NWGL,CL Workshop Group Limited - American Depositary Shares,Q,Nasdaq,N,N,D
NWL,Newell Brands Inc. - Common Stock,Q,Nasdaq,N,N,N
NWN,Northwest Natural Holding Company Common Stock,N,NYSE,N,N,
NWPX,"NWPX Infrastructure, Inc. - Common Stock",Q,Nasdaq,N,N,N
NWS,News Corporation - Class B Common Stock,Q,Nasdaq,N,N,N
NWSA,News Corporation - Class A Common Stock,Q,Nasdaq,N,N,N
NWTG,"Newton Golf Company, Inc. - Common Stock",Q,Nasdaq,N,N,D
NX,Quanex Building Products Corporation Common Stock,N,NYSE,N,N,
NXB,NextBoat Inc. Common Stcok,A,NYSE American,N,N,
NXDR,"Nextdoor Holdings, Inc. Class A Common Stock",N,NYSE,N,N,
NXDT,NexPoint Diversified Real Estate Trust Common Stock,N,NYSE,N,N,
NXDT$A,NexPoint Diversified Real Estate Trust 5.50% Series A Cumulative Preferred Shares ($25.00 liquidation preference per share),N,NYSE,N,N,
NXE,Nexgen Energy Ltd. Common Shares,N,NYSE,N,N,
NXG,NXG NextGen Infrastructure Income Fund Common Shares of Beneficial Interest,N,NYSE,N,N,
NXGL,"NexGel, Inc - Common Stock",Q,Nasdaq,N,N,D
NXGLW,"NexGel, Inc - Warrant",Q,Nasdaq,N,N,N
NXL,"Nexalin Technology, Inc. - Common Stock",Q,Nasdaq,N,N,D
NXP,Nuveen Select Tax Free Income Portfolio Common Stock,N,NYSE,N,N,
NXPG,Leverage Shares 2X Long NXPI Daily ETF,Z,Cboe BZX,Y,N,
NXPI,NXP Semiconductors N.V. - Common Stock,Q,Nasdaq,N,N,N
NXPL,NextPlat Corp - Common Stock,Q,Nasdaq,N,N,N
NXPX,Tradr 2X Long NXPI Daily ETF,Z,Cboe BZX,Y,N,
NXRT,"NexPoint Residential Trust, Inc. Common Stock",N,NYSE,N,N,
NXST,"Nexstar Media Group, Inc. - Common Stock",Q,Nasdaq,N,N,N
NXT,Nextpower Inc. - Class A Common Stock,Q,Nasdaq,N,N,N
NXTC,"NextCure, Inc. - Common Stock",Q,Nasdaq,N,N,N
NXTE,AXS Green Alpha ETF,P,NYSE Arca,Y,N,
NXTG,First Trust Indxx NextG ETF,Q,Nasdaq,Y,N,N
NXTI,Simplify Next Intangible Core Index ETF,Z,Cboe BZX,Y,N,
NXTS,Nexentis Technologies Inc. - Common Stock,Q,Nasdaq,N,N,N
NXTT,Next Technology Holding Inc. - Ordinary Shares,Q,Nasdaq,N,N,N
NXUS,Nuveen International Aggregate Bond ETF,P,NYSE Arca,Y,N,
NXXT,"NextNRG, Inc. - Common Stock",Q,Nasdaq,N,N,D
NYAX,Nayax Ltd. - Ordinary Shares,Q,Nasdaq,N,N,N
NYC,American Strategic Investment Co. Class A Common Stock,N,NYSE,N,N,
NYF,iShares New York Muni Bond ETF,P,NYSE Arca,Y,N,
NYM,AB New York Intermediate Municipal ETF,P,NYSE Arca,Y,N,
NYNY,Corgi NYC Based ETF,Z,Cboe BZX,Y,N,
NYSX,Global X NYSE 100 ETF,P,NYSE Arca,Y,N,
NYT,New York Times Company (The) Common Stock,N,NYSE,N,N,
NYXH,Nyxoah SA - Ordinary Shares,Q,Nasdaq,N,N,N
NYYY,xETFs NVDA Daily Income ETF,P,NYSE Arca,Y,N,
NZAC,State Street SPDR MSCI ACWI Climate Paris Aligned ETF,Q,Nasdaq,Y,N,N
NZF,Nuveen Municipal Credit Income Fund ,N,NYSE,N,N,
O,Realty Income Corporation Common Stock,N,NYSE,N,N,
OABI,"OmniAb, Inc. - Common Stock",Q,Nasdaq,N,N,N
OABIW,"OmniAb, Inc. - Warrant",Q,Nasdaq,N,N,N
OACC,Oaktree Acquisition Corp. III Life Sciences - Class A Ordinary Share,Q,Nasdaq,N,N,N
OACCU,Oaktree Acquisition Corp. III Life Sciences - Unit,Q,Nasdaq,N,N,N
OACCW,Oaktree Acquisition Corp. III Life Sciences - Warrant,Q,Nasdaq,N,N,N
OACP,OneAscent Core Plus Bond ETF,P,NYSE Arca,Y,N,
OAEM,OneAscent Emerging Markets ETF,P,NYSE Arca,Y,N,
OAIM,OneAscent International Equity ETF,P,NYSE Arca,Y,N,
OAK$A,"Brookfield Oaktree Holdings, LLC 6.625% Series A Preferred Units",N,NYSE,N,N,
OAK$B,"Brookfield Oaktree Holdings, LLC 6.550% Series B Preferred Units",N,NYSE,N,N,
OAKG,Oakmark Global Large Cap ETF,P,NYSE Arca,Y,N,
OAKI,Oakmark International Large Cap ETF,P,NYSE Arca,Y,N,
OAKM,Oakmark U.S. Large Cap ETF,P,NYSE Arca,Y,N,
OALC,OneAscent Large Cap Core ETF,P,NYSE Arca,Y,N,
OARK,YieldMax Innovation Option Income Strategy ETF,P,NYSE Arca,Y,N,
OASC,OneAscent Enhanced Small and Mid Cap ETF,P,NYSE Arca,Y,N,
OBA,Oxley Bridge Acquisition Limited - Class A Ordinary Shares,Q,Nasdaq,N,N,N
OBAI,"Our Bond, Inc. - Common Stock",Q,Nasdaq,N,N,N
OBAWU,Oxley Bridge Acquisition Limited - Unit,Q,Nasdaq,N,N,N
OBAWW,Oxley Bridge Acquisition Limited - Warrants,Q,Nasdaq,N,N,N
OBDC,Blue Owl Capital Corporation Common Stock,N,NYSE,N,N,
OBE,Obsidian Energy Ltd. Common Shares,A,NYSE American,N,N,
OBIL,US Treasury 12 Month Bill ETF,Q,Nasdaq,Y,N,N
OBIO,"Orchestra BioMed Holdings, Inc. - Ordinary Shares",Q,Nasdaq,N,N,N
OBK,"Origin Bancorp, Inc. Common Stock",N,NYSE,N,N,
OBND,State Street Loomis Sayles Opportunistic Bond ETF,Z,Cboe BZX,Y,N,
OBOR,KraneShares MSCI One Belt One Road Index ETF,P,NYSE Arca,Y,N,
OBT,"Orange County Bancorp, Inc. - Common Stock",Q,Nasdaq,N,N,N
OBTC,Osprey Bitcoin Trust,Q,Nasdaq,Y,N,N
OC,Owens Corning Inc Common Stock New,N,NYSE,N,N,
OCAC.U,"Ocean Capital Acquisition Corporation Units, each consisting of one Class A Ordinary Share, one redeemable Warrant and one Right",N,NYSE,N,N,
OCC,Optical Cable Corporation - Common Stock,Q,Nasdaq,N,N,N
OCCI,"OFS Credit Company, Inc. - Closed End Fund",Q,Nasdaq,N,N,N
OCCIM,"OFS Credit Company, Inc. - 7.875% Series F Term Preferred Stock",Q,Nasdaq,N,N,N
OCCIN,"OFS Credit Company, Inc. - 5.25% Series E Term Preferred Stock Due 2026",Q,Nasdaq,N,N,N
OCDB,Aptus October Deep Buffer ETF,Z,Cboe BZX,Y,N,
OCFC,OceanFirst Financial Corp. - Common Stock,Q,Nasdaq,N,N,N
OCG,Oriental Culture Holding LTD - Ordinary Shares,Q,Nasdaq,N,N,N
OCGN,"Ocugen, Inc. - Common Stock",Q,Nasdaq,N,N,N
OCIO,ClearShares OCIO ETF,P,NYSE Arca,Y,N,
OCS,Oculis Holding AG - Ordinary shares,Q,Nasdaq,N,N,N
OCSAW,Oculis Holding AG - Warrants,Q,Nasdaq,N,N,N
OCSL,Oaktree Specialty Lending Corporation - Closed End Fund,Q,Nasdaq,N,N,N
OCTB,Aptus October Buffer ETF,Z,Cboe BZX,Y,N,
OCTH,Innovator Premium Income 20 Barrier ETF - October,Z,Cboe BZX,Y,N,
OCTJ,Innovator Premium Income 30 Barrier ETF - October,Z,Cboe BZX,Y,N,
OCTM,FT Vest U.S. Equity Max Buffer ETF - October,Z,Cboe BZX,Y,N,
OCTP,PGIM S&P 500 Buffer 12 ETF - October,Z,Cboe BZX,Y,N,
OCTT,AllianzIM U.S. Large Cap Buffer10 Oct ETF,Z,Cboe BZX,Y,N,
OCTU,AllianzIM U.S. Equity Buffer15 Uncapped Oct ETF,Z,Cboe BZX,Y,N,
OCTV,Octave Intelligence plc - Class B Ordinary Shares,Q,Nasdaq,N,N,N
OCTW,AllianzIM U.S. Large Cap Buffer20 Oct ETF,Z,Cboe BZX,Y,N,
OCTZ,TrueShares Structured Outcome (October) ETF,Z,Cboe BZX,Y,N,
OCUL,"Ocular Therapeutix, Inc. - Common Stock",Q,Nasdaq,N,N,N
ODC,Oil-Dri Corporation Of America Common Stock,N,NYSE,N,N,
ODD,ODDITY Tech Ltd. - Class A Ordinary Shares,Q,Nasdaq,N,N,N
ODDS,Pacer BlueStar Digital Entertainment ETF,Q,Nasdaq,Y,N,N
ODDZ,Corgi Sports Betting & Gambling ETF,Z,Cboe BZX,Y,N,
ODFL,"Old Dominion Freight Line, Inc. - Common Stock",Q,Nasdaq,N,N,N
ODHY,Obra Defensive High Yield ETF,P,NYSE Arca,Y,N,
ODTE,VegaShares SPX NDX RTY Premium Income ETF,Q,Nasdaq,Y,N,N
ODTX,"Odyssey Therapeutics, Inc. - Common Stock",Q,Nasdaq,N,N,N
ODV,Osisko Development Corp. Common Shares,N,NYSE,N,N,
ODVWZ,Osisko Development Corp. - Warrant,Q,Nasdaq,N,N,N
ODYS,Odysight.ai Inc. - Common Stock,Q,Nasdaq,N,N,N
OEC,Orion S.A. Common Shares,N,NYSE,N,N,
OEF,iShares S&P 100 Fund,P,NYSE Arca,Y,N,
OEFA,ALPS O'Shares International Developed Quality Dividend ETF,P,NYSE Arca,Y,N,
OEI,Optimized Equity Income ETF,P,NYSE Arca,Y,N,
OESX,"Orion Energy Systems, Inc. - Common Stock",Q,Nasdaq,N,N,N
OFAL,OFA Group - Class A Ordinary Shares,Q,Nasdaq,N,N,D
OFG,OFG Bancorp Common Stock,N,NYSE,N,N,
OFIX,Orthofix Medical Inc.  - Common Stock,Q,Nasdaq,N,N,N
OFLX,"Omega Flex, Inc. - Common Stock",Q,Nasdaq,N,N,N
OFRM,"Once Upon a Farm, PBC Common Stock",N,NYSE,N,N,
OFS,OFS Capital Corporation - Closed End Fund,Q,Nasdaq,N,N,N
OFSSH,OFS Capital Corporation - 4.95% Notes due 2028,Q,Nasdaq,N,N,N
OFSSO,OFS Capital Corporation - 7.50% Notes due 2028,Q,Nasdaq,N,N,N
OGC,OceanaGold Corporation Common Shares,N,NYSE,N,N,
OGCP,"Empire State Realty OP, L.P. Series 60 Operating Partnership Units Representing Limited Partnership Interests",P,NYSE Arca,N,N,
OGE,OGE Energy Corp Common Stock,N,NYSE,N,N,
OGEN,Oragenics Inc. Common Stock,A,NYSE American,N,N,
OGI,Organigram Global Inc. - Common Shares,Q,Nasdaq,N,N,N
OGIG,ALPS O'Shares Global Internet Giants ETF,P,NYSE Arca,Y,N,
OGN,Organon & Co. Common Stock ,N,NYSE,N,N,
OGS,"ONE Gas, Inc. Common Stock",N,NYSE,N,N,
OGSP,Obra High Grade Structured Products ETF,P,NYSE Arca,Y,N,
OHAC,Oceanhawk Acquisition Corp. - Class A Ordinary Shares,Q,Nasdaq,N,N,N
OHACR,Oceanhawk Acquisition Corp. - Rights,Q,Nasdaq,N,N,N
OHACU,Oceanhawk Acquisition Corp. - Units,Q,Nasdaq,N,N,N
OHI,"Omega Healthcare Investors, Inc. Common Stock",N,NYSE,N,N,
OI,"O-I Glass, Inc. Common Stock",N,NYSE,N,N,
OIA,Invesco Municipal Income Opportunities Trust Common Stock,N,NYSE,N,N,
OIH,VanEck Oil Services ETF,P,NYSE Arca,Y,N,
OII,"Oceaneering International, Inc. Common Stock",N,NYSE,N,N,
OILD,MicroSectors Oil & Gas Exp. & Prod. -3x Inverse Leveraged ETN,P,NYSE Arca,Y,N,
OILK,ProShares K-1 Free Crude Oil ETF,Z,Cboe BZX,Y,N,
OILT,Texas Capital Texas Oil Index ETF,P,NYSE Arca,Y,N,
OILU,MicroSectors Oil & Gas Exp. & Prod. 3x Leveraged ETN,P,NYSE Arca,Y,N,
OIM,OneIM Acquisition Corp. - Class A Ordinary Shares,Q,Nasdaq,N,N,N
OIMAU,OneIM Acquisition Corp. - Units,Q,Nasdaq,N,N,N
OIMAW,OneIM Acquisition Corp. - Warrant,Q,Nasdaq,N,N,N
OIO,OIO Group - Ordinary Shares,Q,Nasdaq,N,N,N
OIOWW,OIO Group - Warrants,Q,Nasdaq,N,N,N
OIS,"Oil States International, Inc. Common Stock",N,NYSE,N,N,
OKE,"ONEOK, Inc. Common Stock",N,NYSE,N,N,
OKLC,Corgi OKLO 2x Daily ETF,Z,Cboe BZX,Y,N,
OKLL,Defiance Daily Target 2x Long OKLO ETF,Q,Nasdaq,Y,N,N
OKLO,Oklo Inc. Class A common stock,N,NYSE,N,N,
OKLS,Defiance Daily Target 2X Short OKLO ETF,P,NYSE Arca,Y,N,
OKTA,"Okta, Inc. - Class A Common Stock",Q,Nasdaq,N,N,N
OKTG,Leverage Shares 2X Long OKTA Daily ETF,Q,Nasdaq,Y,N,N
OKUR,"OnKure Therapeutics, Inc. - Class A Common Stock",Q,Nasdaq,N,N,N
OKYO,OKYO Pharma Limited - Ordinary Shares,Q,Nasdaq,N,N,N
OLB,"The OLB Group, Inc. - Common Stock",Q,Nasdaq,N,N,D
OLED,Universal Display Corporation - Common Stock,Q,Nasdaq,N,N,N
OLLI,"Ollie's Bargain Outlet Holdings, Inc. - Common Stock",Q,Nasdaq,N,N,N
OLMA,"Olema Pharmaceuticals, Inc. - Common Stock",Q,Nasdaq,N,N,N
OLN,Olin Corporation Common Stock,N,NYSE,N,N,
OLOX,Olenox Industries Inc. - Common Stock,Q,Nasdaq,N,N,E
OLP,"One Liberty Properties, Inc. Common Stock",N,NYSE,N,N,
OM,"Outset Medical, Inc. - Common Stock",Q,Nasdaq,N,N,N
OMAB,Grupo Aeroportuario del Centro Norte S.A.B. de C.V. - American Depositary Shares each representing 8 Series B shares,Q,Nasdaq,N,N,N
OMAH,VistaShares Target 15 Berkshire Select Income ETF,P,NYSE Arca,Y,N,
OMC,Omnicom Group Inc. Common Stock,N,NYSE,N,N,
OMCL,"Omnicell, Inc. - Common Stock",Q,Nasdaq,N,N,N
OMDA,"Omada Health, Inc. - Common Stock",Q,Nasdaq,N,N,N
OMER,Omeros Corporation - Common Stock,Q,Nasdaq,N,N,N
OMEX,"Odyssey Marine Exploration, Inc. - Common Stock",Q,Nasdaq,N,N,N
OMF,"OneMain Holdings, Inc. Common Stock",N,NYSE,N,N,
OMFL,Invesco Russell 1000 Dynamic Multifactor ETF,Z,Cboe BZX,Y,N,
OMFS,Invesco Russell 2000 Dynamic Multifactor ETF,Z,Cboe BZX,Y,N,
OMH,Ohmyhome Limited - Class A Ordinary Shares,Q,Nasdaq,N,N,N
OMSE,OMS Energy Technologies Inc. - Ordinary Shares,Q,Nasdaq,N,N,N
ON,ON Semiconductor Corporation - Common Stock,Q,Nasdaq,N,N,N
ONB,Old National Bancorp - Common Stock,Q,Nasdaq,N,N,N
ONBPO,"Old National Bancorp - Depositary Shares, Each Representing a 1/40th Interest in a Share of Series C Preferred Stock",Q,Nasdaq,N,N,N
ONBPP,"Old National Bancorp - Depositary Shares, Each Representing a 1/40th Interest in a Share of Series A Preferred Stock",Q,Nasdaq,N,N,N
ONC,BeOne Medicines Ltd. - American Depositary Shares,Q,Nasdaq,N,N,N
ONCH,1RT Acquisition Corp. - Class A Ordinary Share,Q,Nasdaq,N,N,N
ONCHU,1RT Acquisition Corp. - Units,Q,Nasdaq,N,N,N
ONCHW,1RT Acquisition Corp. - Warrant,Q,Nasdaq,N,N,N
ONCO,"Onconetix, Inc.  - Common Stock",Q,Nasdaq,N,N,N
ONCY,Oncolytics Biotech Inc. - Common Stock,Q,Nasdaq,N,N,N
OND,ProShares On-Demand ETF,P,NYSE Arca,Y,N,
ONDC,Corgi ONDS 2x Daily ETF,Z,Cboe BZX,Y,N,
ONDG,Leverage Shares 2X Long ONDS Daily ETF,Q,Nasdaq,Y,N,N
ONDL,Defiance Daily Target 2X Long ONDS ETF,Z,Cboe BZX,Y,N,
ONDS,Ondas Inc - Common Stock,Q,Nasdaq,N,N,N
ONDU,Tradr 2X Long ONDS Daily ETF,Z,Cboe BZX,Y,N,
ONEG,OneConstruction Group Limited - Ordinary Shares,Q,Nasdaq,N,N,N
ONEH,TrueShares Equity Hedge ETF,Z,Cboe BZX,Y,N,
ONEO,State Street SPDR Russell 1000 Momentum Focus ETF,P,NYSE Arca,Y,N,
ONEQ,Fidelity Nasdaq Composite Index ETF,Q,Nasdaq,Y,N,N
ONEV,State Street SPDR Russell 1000 Low Volatility Focus ETF,P,NYSE Arca,Y,N,
ONEW,OneWater Marine Inc. - Class A Common Stock,Q,Nasdaq,N,N,N
ONEY,State Street SPDR Russell 1000 Yield Focus ETF,P,NYSE Arca,Y,N,
ONEZ,TrueShares Seasonality Laddered Buffered ETF,Z,Cboe BZX,Y,N,
ONFO,Onfolio Holdings Inc. - Common Stock,Q,Nasdaq,N,N,D
ONFOW,Onfolio Holdings Inc. - Warrant,Q,Nasdaq,N,N,D
ONG,Leverage Shares 2X Long ON Daily ETF,Z,Cboe BZX,Y,N,
ONIT,Onity Group Inc. Common Stock,N,NYSE,N,N,
ONL,Orion Properties Inc. Common Stock,N,NYSE,N,N,
ONLN,ProShares Online Retail ETF,P,NYSE Arca,Y,N,
ONMD,OneMedNet Corp - Class A Common Stock,Q,Nasdaq,N,N,D
ONMDW,OneMedNet Corp - Warrant,Q,Nasdaq,N,N,N
ONOF,Global X Adaptive U.S. Risk Management ETF,P,NYSE Arca,Y,N,
ONON,On Holding AG Class A Ordinary Shares,N,NYSE,N,N,
ONT,"Onterris, Inc. Common Stock",N,NYSE,N,N,
ONTO,Onto Innovation Inc. Common Stock,N,NYSE,N,N,
ONTX,Corgi ONTO 2x Daily ETF,Z,Cboe BZX,Y,N,
ONX,Tradr 2X Long ON Daily ETF,Z,Cboe BZX,Y,N,
OOMA,"Ooma, Inc. Common Stock",N,NYSE,N,N,
OOSP,Obra Opportunistic Structured Products ETF,P,NYSE Arca,Y,N,
OPAD,Offerpad Solutions Inc. Class A Common Stock,N,NYSE,N,N,
OPAL,OPAL Fuels Inc. - Class A Common Stock,Q,Nasdaq,N,N,N
OPBK,OP Bancorp - Common Stock,Q,Nasdaq,N,N,N
OPCH,"Option Care Health, Inc. - Common Stock",Q,Nasdaq,N,N,N
OPEG,Leverage Shares 2X Long OPEN Daily ETF,Q,Nasdaq,Y,N,N
OPEN,Opendoor Technologies Inc  - Common Stock,Q,Nasdaq,N,N,N
OPENL,"Opendoor Technologies Inc  - Series A Warrants, each whole warrant exercisable to purchase one share of Common Stock at an exercise price of $13.00 per warrant",Q,Nasdaq,N,N,N
OPENW,"Opendoor Technologies Inc  - Series K Warrants, each whole warrant exercisable to purchase one share of Common Stock at an exercise price of $9.00 per warrant",Q,Nasdaq,N,N,N
OPENZ,"Opendoor Technologies Inc  - Series Z Warrants, each whole warrant exercisable to purchase one share of Common Stock at an exercise price of $17.00 per warrant",Q,Nasdaq,N,N,N
OPER,ETF ClearShares Ultra-Short Maturity ETF,P,NYSE Arca,Y,N,
OPEX,Tradr 2X Long OPEN Daily ETF,Z,Cboe BZX,Y,N,
OPFI,OppFi Inc. Class A Common Stock,N,NYSE,N,N,
OPFI.W,OppFi Inc. Warrants,N,NYSE,N,N,
OPHC,"OptimumBank Holdings, Inc. Common Stock",A,NYSE American,N,N,
OPI,Office Properties Income Trust - Common shares of beneficial interest,Q,Nasdaq,N,N,N
OPK,"Opko Health, Inc. - Common Stock",Q,Nasdaq,N,N,N
OPLN,"OPENLANE, Inc. Common Stock",N,NYSE,N,N,
OPP,"RiverNorth/DoubleLine Strategic Opportunity Fund, Inc. Common Stock",N,NYSE,N,N,
OPP$A,"RiverNorth/DoubleLine Strategic Opportunity Fund, Inc. 4.375% Series A Cumulative Preferred Stock",N,NYSE,N,N,
OPP$B,"RiverNorth/DoubleLine Strategic Opportunity Fund, Inc. 4.75% Series B Cumulative Preferred Stock",N,NYSE,N,N,
OPP$C,"RiverNorth/DoubleLine Strategic Opportunity Fund, Inc. 6.00% Series C Term Preferred Stock (Liquidation Preference $10.00 per share)",A,NYSE American,N,N,
OPPE,WisdomTree European Opportunities Fund,P,NYSE Arca,Y,N,
OPPJ,WisdomTree Japan Opportunities Fund,Q,Nasdaq,Y,N,N
OPRA,Opera Limited - American Depositary Shares,Q,Nasdaq,N,N,N
OPRT,Oportun Financial Corporation - common stock,Q,Nasdaq,N,N,N
OPRX,OptimizeRx Corporation - Common Stock,Q,Nasdaq,N,N,N
OPTH,Optimi Health Corp. - Common Shares,Q,Nasdaq,N,N,N
OPTT,"Ocean Power Technologies, Inc. Common Stock",A,NYSE American,N,N,
OPTU,"Optimum Communications, Inc. Class A common stock",N,NYSE,N,N,
OPTX,"Syntec Optics Holdings, Inc. - Class A Common Stock",Q,Nasdaq,N,N,N
OPTXW,"Syntec Optics Holdings, Inc. - Warrant",Q,Nasdaq,N,N,N
OPTZ,Optimize Strategy Index ETF,Q,Nasdaq,Y,N,N
OPXS,"Optex Systems Holdings, Inc. - Common Stock",Q,Nasdaq,N,N,N
OPY,"Oppenheimer Holdings, Inc. Class A Common Stock (DE)",N,NYSE,N,N,
OR,OR Royalties Inc. Common Shares,N,NYSE,N,N,
ORA,"Ormat Technologies, Inc. Common Stock",N,NYSE,N,N,
ORAC,Corgi ORCL 2x Daily ETF,Z,Cboe BZX,Y,N,
ORBS,Eightco Holdings Inc. - Common Stock,Q,Nasdaq,N,N,N
ORBX,Global X Space Tech ETF,Q,Nasdaq,Y,N,N
ORC,"Orchid Island Capital, Inc. Common Stock",N,NYSE,N,N,
ORCL,Oracle Corporation Common Stock,N,NYSE,N,N,
ORCL$D,"Oracle Corporation Depositary Shares, each representing a 1/2,000th interest in a sh of 6.50% Series D Mandatory Convertible Preferred Stock",N,NYSE,N,N,
ORCS,Direxion Daily ORCL Bear 1X ETF,Q,Nasdaq,Y,N,N
ORCU,Direxion Daily ORCL Bull 2X ETF,Q,Nasdaq,Y,N,N
ORCX,Defiance Daily Target 2X Long ORCL ETF,Q,Nasdaq,Y,N,N
ORGO,Organogenesis Holdings Inc.  - Class A ,Q,Nasdaq,N,N,N
ORI,Old Republic International Corporation Common Stock,N,NYSE,N,N,
ORIC,"Oric Pharmaceuticals, Inc. - Common Stock",Q,Nasdaq,N,N,N
ORIO,Orion Digital Corp. - Common Shares,Q,Nasdaq,N,N,D
ORIQ,Origin Investment Corp I - Ordinary Shares,Q,Nasdaq,N,N,N
ORIQU,Origin Investment Corp I - Units,Q,Nasdaq,N,N,N
ORIQW,Origin Investment Corp I - Redeemable Warrant,Q,Nasdaq,N,N,N
ORKA,"Oruka Therapeutics, Inc. - Common Stock",Q,Nasdaq,N,N,N
ORKT,Orangekloud Technology Inc. - Class A Ordinary Shares,Q,Nasdaq,N,N,N
ORLA,Orla Mining Ltd. Common Shares,A,NYSE American,N,N,
ORLG,Leverage Shares 2X Long ORLY Daily ETF,Q,Nasdaq,Y,N,N
ORLY,"O'Reilly Automotive, Inc. - Common Stock",Q,Nasdaq,N,N,N
ORMP,Oramed Pharmaceuticals Inc. - Common Stock,Q,Nasdaq,N,N,N
ORN,"Orion Group Holdings, Inc. Common",N,NYSE,N,N,
ORO,Arrow Valtoro ETF,Z,Cboe BZX,Y,N,
ORR,Militia Long/Short Equity ETF,Q,Nasdaq,Y,N,N
ORRF,"Orrstown Financial Services, Inc. - Common Stock",Q,Nasdaq,N,N,N
OSBC,"Old Second Bancorp, Inc. - Common Stock",Q,Nasdaq,N,N,N
OSCG,Leverage Shares 2X Long OSCR Daily ETF,Q,Nasdaq,Y,N,N
OSCR,"Oscar Health, Inc. Class A Common Stock",N,NYSE,N,N,
OSCV,Opus Small Cap Value ETF,Z,Cboe BZX,Y,N,
OSCX,Defiance Daily Target 2x Long OSCR ETF,Q,Nasdaq,Y,N,N
OSEA,Harbor International Compounders ETF,P,NYSE Arca,Y,N,
OSG,"Octave Specialty Group, Inc. Common Stock",N,NYSE,N,N,
OSIS,"OSI Systems, Inc. - Common Stock",Q,Nasdaq,N,N,N
OSK,Oshkosh Corporation (Holding Company)Common Stock,N,NYSE,N,N,
OSPN,OneSpan Inc. - Common Stock,Q,Nasdaq,N,N,N
OSPRU,Osprey Acquisition Corp. III - Units,Q,Nasdaq,N,N,N
OSRH,"OSR Health, Inc. - Common Stock",Q,Nasdaq,N,N,D
OSRHW,"OSR Health, Inc. - Warrant",Q,Nasdaq,N,N,N
OSS,"One Stop Systems, Inc. - Common Stock",Q,Nasdaq,N,N,N
OSSL,Defiance Daily Target 2X Long OSS ETF,Z,Cboe BZX,Y,N,
OST,"Ostin Technology Group Co., Ltd. - Class A Ordinary Shares",Q,Nasdaq,N,N,N
OSTX,OS Therapies Incorporated Common Stock,A,NYSE American,N,N,
OSUR,"OraSure Technologies, Inc. - Common Stock",Q,Nasdaq,N,N,N
OSW,OneSpaWorld Holdings Limited - Common Shares,Q,Nasdaq,N,N,N
OTAI,Starlink AI Acquisition Corporation Ordinary Shares,N,NYSE,N,N,
OTAI.R,"Starlink AI Acquisition Corporation Rights, each entitling the holder to receive one-fourth (1/4) of one ordinary share",N,NYSE,N,N,
OTAI.U,"Starlink AI Acquisition Corporation Units, each consisting of one Ordinary Share, and one Right to receive one-fourth (1/4) of one ordinary share",N,NYSE,N,N,
OTEX,Open Text Corporation - Common Shares,Q,Nasdaq,N,N,N
OTF,Blue Owl Technology Finance Corp. Common Stock,N,NYSE,N,N,
OTGA,OTG Acquisition Corp. I - Class A Ordinary Share,Q,Nasdaq,N,N,N
OTGAU,OTG Acquisition Corp. I - Unit,Q,Nasdaq,N,N,N
OTGAW,OTG Acquisition Corp. I - Warrants,Q,Nasdaq,N,N,N
OTGL,OTG Latin America ETF,Q,Nasdaq,Y,N,N
OTIS,Otis Worldwide Corporation Common Stock ,N,NYSE,N,N,
OTLK,"Outlook Therapeutics, Inc. - Common Stock",Q,Nasdaq,N,N,N
OTLY,Oatly Group AB - American Depositary Shares,Q,Nasdaq,N,N,N
OTTR,Otter Tail Corporation - Common Stock,Q,Nasdaq,N,N,N
OUNZ,VanEck Merk Gold ETF,P,NYSE Arca,Y,N,
OUSA,ALPS O'Shares U.S. Quality Dividend ETF,P,NYSE Arca,Y,N,
OUSL,Defiance Daily Target 2X Long OUST ETF,Z,Cboe BZX,Y,N,
OUSM,ALPS O'Shares U.S. Small-Cap Quality Dividend ETF,P,NYSE Arca,Y,N,
OUST,"Ouster, Inc. - Common Stock",Q,Nasdaq,N,N,N
OUT,OUTFRONT Media Inc. Common Stock,N,NYSE,N,N,
OVB,Overlay Shares Core Bond ETF,Z,Cboe BZX,Y,N,
OVBC,Ohio Valley Banc Corp. - Common Stock,Q,Nasdaq,N,N,N
OVF,Overlay Shares Foreign Equity ETF,Z,Cboe BZX,Y,N,
OVID,Ovid Therapeutics Inc. - Common Stock,Q,Nasdaq,N,N,N
OVL,Overlay Shares Large Cap Equity ETF,Z,Cboe BZX,Y,N,
OVLH,Overlay Shares Hedged Large Cap Equity ETF,Z,Cboe BZX,Y,N,
OVLY,Oak Valley Bancorp (CA) - Common Stock,Q,Nasdaq,N,N,N
OVM,Overlay Shares Municipal Bond ETF,Z,Cboe BZX,Y,N,
OVS,Overlay Shares Small Cap Equity ETF,Z,Cboe BZX,Y,N,
OVT,Overlay Shares Short Term Bond ETF,Z,Cboe BZX,Y,N,
OVV,Ovintiv Inc. (DE),N,NYSE,N,N,
OWL,Blue Owl Capital Inc. Class A Common Stock,N,NYSE,N,N,
OWLS,OBOOK Holdings Inc. - Class A Common Shares,Q,Nasdaq,N,N,N
OWLT,"Owlet, Inc. Class A Common Stock",N,NYSE,N,N,
OWN,Inside Ownership 100 ETF,Z,Cboe BZX,Y,N,
OWNB,Bitwise Bitcoin Standard Corporations ETF,P,NYSE Arca,Y,N,
OWNS,Quaker Investment Trust CCM Affordable Housing MBS ETF,P,NYSE Arca,Y,N,
OXBR,Oxbridge Re Holdings Limited - Ordinary Shares,Q,Nasdaq,N,N,N
OXBRW,Oxbridge Re Holdings Limited - Warrant,Q,Nasdaq,N,N,N
OXLC,Oxford Lane Capital Corp. - Closed End Fund,Q,Nasdaq,N,N,N
OXLCG,Oxford Lane Capital Corp. - 7.95% Notes due 2032,Q,Nasdaq,N,N,N
OXLCI,Oxford Lane Capital Corp. - 8.75% Notes due 2030,Q,Nasdaq,N,N,N
OXLCL,Oxford Lane Capital Corp. - 6.75% Notes due 2031,Q,Nasdaq,N,N,N
OXLCM,"Oxford Lane Capital Corp. - Preferred Stock Shares, 8.25% Series 2031",Q,Nasdaq,N,N,N
OXLCN,Oxford Lane Capital Corp. - 7.125% Series 2029 Term Preferred Stock,Q,Nasdaq,N,N,N
OXLCO,"Oxford Lane Capital Corp. - Preferred Stock Shares, 6.00% Series 2029",Q,Nasdaq,N,N,N
OXLCZ,Oxford Lane Capital Corp. - 5.00% Notes due 2027,Q,Nasdaq,N,N,N
OXM,"Oxford Industries, Inc. Common Stock",N,NYSE,N,N,
OXSQ,Oxford Square Capital Corp. - Closed End Fund,Q,Nasdaq,N,N,N
OXSQG,Oxford Square Capital Corp. - 5.50% Notes due 2028,Q,Nasdaq,N,N,N
OXSQH,Oxford Square Capital Corp. - 7.75% Notes due 2030,Q,Nasdaq,N,N,N
OXY,Occidental Petroleum Corporation Common Stock,N,NYSE,N,N,
OXY.W,Occidental Petroleum Corporation Warrants ,N,NYSE,N,N,
OYSE,Oyster Enterprises II Acquisition Corp - Class A Ordinary Shares,Q,Nasdaq,N,N,N
OYSER,Oyster Enterprises II Acquisition Corp - Rights,Q,Nasdaq,N,N,N
OYSEU,Oyster Enterprises II Acquisition Corp - Units,Q,Nasdaq,N,N,N
OZ,"Belpointe PREP, LLC Class A Units",A,NYSE American,N,N,
OZEM,Roundhill GLP-1 & Weight Loss ETF,Q,Nasdaq,Y,N,N
OZK,Bank OZK - Common Stock,Q,Nasdaq,N,N,N
OZKAP,Bank OZK - 4.625% Series A Non-Cumulative Perpetual Preferred Stock,Q,Nasdaq,N,N,N
P,"Everpure, Inc. Class A common stock",N,NYSE,N,N,
PAA,"Plains All American Pipeline, L.P. - Common Units representing Limited Partner Interests",Q,Nasdaq,N,N,N
PAAA,PGIM AAA CLO ETF,P,NYSE Arca,Y,N,
PAAC,Proem Acquisition Corp I - Ordinary Shares,Q,Nasdaq,N,N,N
PAACU,Proem Acquisition Corp I - Units,Q,Nasdaq,N,N,N
PAACW,Proem Acquisition Corp I - Warrants,Q,Nasdaq,N,N,N
PAAS,Pan American Silver Corp. Common Stock,N,NYSE,N,N,
PAB,PGIM Active Aggregate Bond ETF,P,NYSE Arca,Y,N,
PABD,iShares Paris-Aligned Climate Optimized MSCI World ex USA ETF,Q,Nasdaq,Y,N,N
PABU,iShares Paris-Aligned Climate Optimized MSCI USA ETF,Q,Nasdaq,Y,N,N
PAC,"Grupo Aeroportuario Del Pacifico, S.A. B. de C.V. Grupo Aeroportuario Del Pacifico, S.A. de C.V. (each representing 10 Series B shares)",N,NYSE,N,N,
PACB,"Pacific Biosciences of California, Inc. - Common Stock",Q,Nasdaq,N,N,N
PACH,Pioneer Acquisition I Corp - Class A Ordinary Shares,Q,Nasdaq,N,N,N
PACHU,Pioneer Acquisition I Corp - Units,Q,Nasdaq,N,N,N
PACHW,Pioneer Acquisition I Corp - Warrants,Q,Nasdaq,N,N,N
PACK,Ranpak Holdings Corp Class A Common Stock,N,NYSE,N,N,
PACS,"PACS Group, Inc. Common Stock",N,NYSE,N,N,
PAG,"Penske Automotive Group, Inc. Common Stock",N,NYSE,N,N,
PAGP,"Plains GP Holdings, L.P. - Class A Shares representing limited partner interests",Q,Nasdaq,N,N,N
PAGS,PagSeguro Digital Ltd. Class A Common Shares,N,NYSE,N,N,
PAHC,Phibro Animal Health Corporation - Class A Common Stock,Q,Nasdaq,N,N,N
PAI,Western Asset Investment Grade Income Fund Inc.,N,NYSE,N,N,
PAII,Pyrophyte Acquisition Corp. II Class A Ordinary Shares,N,NYSE,N,N,
PAII.U,"Pyrophyte Acquisition Corp. II Units, each consisting of one Class A ordinary share and one-half of one redeemable warrant",N,NYSE,N,N,
PAII.W,"Pyrophyte Acquisition Corp. II Warrants, each whole warrant exercisable for one Class A Ordinary Share at an exercise price of $11.50 per share",N,NYSE,N,N,
PAL,"Proficient Auto Logistics, Inc. - Common Stock",Q,Nasdaq,N,N,N
PALC,Pacer Lunt Large Cap Multi-Factor Alternator ETF,P,NYSE Arca,Y,N,
PALD,Direxion Daily PANW Bear 1X ETF,Q,Nasdaq,Y,N,N
PALI,"Palisade Bio, Inc. - Common Stock",Q,Nasdaq,N,N,N
PALL,abrdn Physical Palladium Shares ETF,P,NYSE Arca,Y,N,
PALO,Paloma Acquisition Corp I - Class A Ordinary Shares,Q,Nasdaq,N,N,N
PALOU,Paloma Acquisition Corp I - Units,Q,Nasdaq,N,N,N
PALOW,Paloma Acquisition Corp I - Warrants,Q,Nasdaq,N,N,N
PALU,Direxion Daily PANW Bull 2X ETF,Q,Nasdaq,Y,N,N
PAM,Pampa Energia S.A.,N,NYSE,N,N,
PAMC,Pacer Lunt MidCap Multi-Factor Alternator ETF,P,NYSE Arca,Y,N,
PAMT,PAMT CORP - Common Stock,Q,Nasdaq,N,N,N
PANG,Leverage Shares 2X Long PANW Daily ETF,Q,Nasdaq,Y,N,N
PANL,Pangaea Logistics Solutions Ltd. - Common Stock,Q,Nasdaq,N,N,N
PANW,"Palo Alto Networks, Inc. - Common Stock",Q,Nasdaq,N,N,N
PAPI,Parametric Equity Premium Income ETF,P,NYSE Arca,Y,N,
PAPL,Pineapple Financial Inc. Common Stock,A,NYSE American,N,N,
PAPR,Innovator U.S. Equity Power Buffer ETF - April,Z,Cboe BZX,Y,N,
PAR,PAR Technology Corporation Common Stock,N,NYSE,N,N,
PARK,"Park Dental Partners, Inc. - Common Stock",Q,Nasdaq,N,N,N
PARR,"Par Pacific Holdings, Inc.  Common Stock",N,NYSE,N,N,
PASG,"Passage Bio, Inc. - Common Stock",Q,Nasdaq,N,N,N
PASW,"Ping An Biomedical Co., Ltd. - Class A Ordinary Shares",Q,Nasdaq,N,N,D
PATH,"UiPath, Inc. Class A Common Stock",N,NYSE,N,N,
PATK,"Patrick Industries, Inc. - Common Stock",Q,Nasdaq,N,N,N
PATN,Pacer Nasdaq International Patent Leaders ETF,Q,Nasdaq,Y,N,N
PATX,Tradr 2X Long PATH Daily ETF,Z,Cboe BZX,Y,N,
PAUG,Innovator U.S. Equity Power Buffer ETF - August,Z,Cboe BZX,Y,N,
PAVE,Global X U.S. Infrastructure Development ETF,Z,Cboe BZX,Y,N,
PAVM,PAVmed Inc. - Common Stock,Q,Nasdaq,N,N,N
PAVS,Paranovus Entertainment Technology Ltd. - Class A Ordinary Shares,Q,Nasdaq,N,N,N
PAWZ,ProShares Pet Care ETF,Z,Cboe BZX,Y,N,
PAX,Patria Investments Limited - Class A Common Shares,Q,Nasdaq,N,N,N
PAXS,PIMCO Access Income Fund Common Shares of Beneficial Interest,N,NYSE,N,N,
PAY,"Paymentus Holdings, Inc. Class A Common Stock",N,NYSE,N,N,
PAYC,"Paycom Software, Inc. Common Stock",N,NYSE,N,N,
PAYH,TrueShares S&P Autocallable High Income ETF,Z,Cboe BZX,Y,N,
PAYM,TrueShares S&P Autocallable Defensive Income ETF,Z,Cboe BZX,Y,N,
PAYO,Payoneer Global Inc. - Common Stock,Q,Nasdaq,N,N,N
PAYP,PayPay Corporation - American Depository Shares,Q,Nasdaq,N,N,N
PAYR,Federated Hermes Enhanced Income ETF,Z,Cboe BZX,Y,N,
PAYS,"Paysign, Inc. - Common Stock",Q,Nasdaq,N,N,N
PAYX,"Paychex, Inc. - Common Stock",Q,Nasdaq,N,N,N
PB,"Prosperity Bancshares, Inc. Common Stock",N,NYSE,N,N,
PBA,Pembina Pipeline Corp. Ordinary Shares (Canada),N,NYSE,N,N,
PBAP,PGIM S&P 500 Buffer 20 ETF - April,Z,Cboe BZX,Y,N,
PBAU,PGIM S&P 500 Buffer 20 ETF - August,Z,Cboe BZX,Y,N,
PBD,Invesco Global Clean Energy ETF,P,NYSE Arca,Y,N,
PBDC,Putnam BDC Income ETF,P,NYSE Arca,Y,N,
PBDE,PGIM S&P 500 Buffer 20 ETF - December,Z,Cboe BZX,Y,N,
PBE,Invesco Biotechnology & Genome ETF,P,NYSE Arca,Y,N,
PBEU,Portfolio Building Block European Banks Index ETF,Q,Nasdaq,Y,N,N
PBF,PBF Energy Inc. Class A Common Stock,N,NYSE,N,N,
PBFB,PGIM S&P 500 Buffer 20 ETF - February,Z,Cboe BZX,Y,N,
PBFR,PGIM Laddered S&P 500 Buffer 20 ETF,Z,Cboe BZX,Y,N,
PBFS,"Pioneer Bancorp, Inc. - Common Stock",Q,Nasdaq,N,N,N
PBH,Prestige Consumer Healthcare Inc. Common Stock,N,NYSE,N,N,
PBHC,"Pathfinder Bancorp, Inc. - Common Stock",Q,Nasdaq,N,N,N
PBI,Pitney Bowes Inc. Common Stock,N,NYSE,N,N,
PBI$B,Pitney Bowes Inc 6.70% Notes Due 2043,N,NYSE,N,N,
PBJ,Invesco Food & Beverage ETF,P,NYSE Arca,Y,N,
PBJA,PGIM S&P 500 Buffer 20 ETF - January,Z,Cboe BZX,Y,N,
PBJL,PGIM S&P 500 Buffer 20 ETF - July,Z,Cboe BZX,Y,N,
PBJN,PGIM S&P 500 Buffer 20 ETF - June,Z,Cboe BZX,Y,N,
PBK,PowerBank Corporation - Common Stock,Q,Nasdaq,N,N,D
PBL,PGIM Portfolio Ballast ETF,Z,Cboe BZX,Y,N,
PBLS,"Parabilis Medicines, Inc. - Common Stock",Q,Nasdaq,N,N,N
PBM,Psyence Biomedical Ltd. - Common Shares,Q,Nasdaq,N,N,N
PBMR,PGIM S&P 500 Buffer 20 ETF - March,Z,Cboe BZX,Y,N,
PBMWW,Psyence Biomedical Ltd. - Warrant,Q,Nasdaq,N,N,N
PBMY,PGIM S&P 500 Buffer 20 ETF - May,Z,Cboe BZX,Y,N,
PBNV,PGIM S&P 500 Buffer 20 ETF - November,Z,Cboe BZX,Y,N,
PBOC,PGIM S&P 500 Buffer 20 ETF - October,Z,Cboe BZX,Y,N,
PBOG,Portfolio Building Block Integrated Oil and Gas and Exploration and Production Index ETF,Q,Nasdaq,Y,N,N
PBOT,Pictet AI & Automation ETF,P,NYSE Arca,Y,N,
PBP,Invesco S&P 500 BuyWrite ETF,Z,Cboe BZX,Y,N,
PBPH,Portfolio Building Block World Pharma and Biotech Index ETF,Q,Nasdaq,Y,N,N
PBQQ,PGIM Laddered Nasdaq-100 Buffer 12 ETF,Q,Nasdaq,Y,N,N
PBR,Petroleo Brasileiro S.A. Petrobras ADS,N,NYSE,N,N,
PBR.A,Petroleo Brasileiro S.A. Petrobras American Depositary Shares representing Preferred Shares,N,NYSE,N,N,
PBRG,Leverage Shares 2X Long PBR Daily ETF,Q,Nasdaq,Y,N,N
PBSC,Pacer Barings Secured Credit Flex ETF,Q,Nasdaq,Y,N,N
PBSE,PGIM S&P 500 Buffer 20 ETF - September,Z,Cboe BZX,Y,N,
PBT,Permian Basin Royalty Trust Common Stock,N,NYSE,N,N,
PBTP,Invesco 0-5 Yr US TIPS ETF,Z,Cboe BZX,Y,N,
PBUS,Invesco MSCI USA ETF,Z,Cboe BZX,Y,N,
PBW,Invesco WilderHill Clean Energy ETF,P,NYSE Arca,Y,N,
PBYI,Puma Biotechnology Inc - Common Stock,Q,Nasdaq,N,N,N
PC,Premium Catering (Holdings) Limited - Ordinary Shares,Q,Nasdaq,N,N,N
PCAP,ProCap Acquisition Corp - Class A Ordinary Shares,Q,Nasdaq,N,N,N
PCAPU,ProCap Acquisition Corp - Unit,Q,Nasdaq,N,N,N
PCAPW,ProCap Acquisition Corp - Warrant,Q,Nasdaq,N,N,N
PCAR,PACCAR Inc. - Common Stock,Q,Nasdaq,N,N,N
PCB,PCB Bancorp - Common Stock,Q,Nasdaq,N,N,N
PCCE,Polen Capital China Growth ETF,P,NYSE Arca,Y,N,
PCEB,Polen Euro High Yield Bond ETF,P,NYSE Arca,Y,N,
PCEF,Invesco CEF Income Composite ETF,P,NYSE Arca,Y,N,
PCF,High Income Securities Fund Common Stock,N,NYSE,N,N,
PCFI,Polen Floating Rate Income ETF,P,NYSE Arca,Y,N,
PCG,Pacific Gas & Electric Co. Common Stock,N,NYSE,N,N,
PCG$A,Pacific Gas & Electric Co. 6% Preferred Stock,A,NYSE American,N,N,
PCG$B,Pacific Gas & Electric Co. 5 1/2% Preferred Stock,A,NYSE American,N,N,
PCG$C,Pacific Gas & Electric Co. 5% 1st Preferred Stock,A,NYSE American,N,N,
PCG$D,Pacific Gas & Electric Co. 5% 1st  Red. Preferred Stock,A,NYSE American,N,N,
PCG$E,Pacific Gas & Electric Co. 5% 1st A Preferred Stock,A,NYSE American,N,N,
PCG$G,Pacific Gas & Electric Co. 4.80% 1st Preferred Stock,A,NYSE American,N,N,
PCG$H,Pacific Gas & Electric Co. 4.50% 1st Preferred Stock,A,NYSE American,N,N,
PCG$I,Pacific Gas & Electric Co. 4.36% 1st Preferred Stock,A,NYSE American,N,N,
PCG$X,PG&E Corp 6.000% Series A Mandatory Convertible Preferred Stock,N,NYSE,N,N,
PCGG,Polen Capital Global Growth ETF,P,NYSE Arca,Y,N,
PCHI,Polen High Income ETF,P,NYSE Arca,Y,N,
PCI,PGIM Corporate Bond 5-10 Year ETF,Z,Cboe BZX,Y,N,
PCIG,Polen Capital International Growth ETF,P,NYSE Arca,Y,N,
PCL,PGIM Corporate Bond 10+ Year ETF,Z,Cboe BZX,Y,N,
PCLA,PicoCELA Inc. - American Depositary Shares,Q,Nasdaq,N,N,N
PCLC,Polen 5Perspectives Large Growth ETF,P,NYSE Arca,Y,N,
PCLG,Polen Focus Growth ETF,P,NYSE Arca,Y,N,
PCLN,Pictet Cleaner Planet ETF,P,NYSE Arca,Y,N,
PCLO,VIRTUS SEIX AAA Private Credit CLO ETF,P,NYSE Arca,Y,N,
PCM,"PCM Fund, Inc. Common Stock",N,NYSE,N,N,
PCMM,BondBloxx Private Credit CLO ETF,Q,Nasdaq,Y,N,N
PCN,Pimco Corporate & Income Strategy Fund Common Stock,N,NYSE,N,N,
PCOR,"Procore Technologies, Inc. Common Stock",N,NYSE,N,N,
PCPI,PIMCO Inflation PLUS Active Exchange-Traded Fund,Q,Nasdaq,Y,N,N
PCPP,Porter & Company Porter Portfolio Index ETF,Z,Cboe BZX,Y,N,
PCQ,PIMCO California Municipal Income Fund Common Stock,N,NYSE,N,N,
PCR,Simplify VettaFi Private Credit Strategy ETF,P,NYSE Arca,Y,N,
PCRX,"Pacira BioSciences, Inc. - Common Stock",Q,Nasdaq,N,N,N
PCS,PGIM Corporate Bond 0-5 Year ETF,Z,Cboe BZX,Y,N,
PCSA,"Processa Pharmaceuticals, Inc. - Common Stock",Q,Nasdaq,N,N,N
PCSC,Perceptive Capital Solutions Corp - Class A Ordinary Shares,Q,Nasdaq,N,N,N
PCSG,Polen 5Perspectives Small-Mid Growth ETF,P,NYSE Arca,Y,N,
PCT,"PureCycle Technologies, Inc. - Common stock",Q,Nasdaq,N,N,N
PCTTU,"PureCycle Technologies, Inc. - Unit",Q,Nasdaq,N,N,N
PCTTW,"PureCycle Technologies, Inc. - Warrant",Q,Nasdaq,N,N,N
PCTY,Paylocity Holding Corporation - Common Stock,Q,Nasdaq,N,N,N
PCVX,"Vaxcyte, Inc. - Common Stock",Q,Nasdaq,N,N,N
PCY,Invesco Emerging Markets Sovereign Debt ETF,P,NYSE Arca,Y,N,
PCYO,Pure Cycle Corporation - Common Stock,Q,Nasdaq,N,N,N
PD,"PagerDuty, Inc. Common Stock",N,NYSE,N,N,
PDBA,Invesco Agriculture Commodity Strategy No K-1 ETF,Q,Nasdaq,Y,N,N
PDBC,Invesco Optimum Yield Diversified Commodity Strategy No K-1 ETF,Q,Nasdaq,Y,N,N
PDC,Perpetuals.com Ltd - American Depositary Shares,Q,Nasdaq,N,N,N
PDCC,Pearl Diver Credit Company Inc. Common Stock,N,NYSE,N,N,
PDD,PDD Holdings Inc. - American Depositary Shares,Q,Nasdaq,N,N,N
PDDL,GraniteShares 2x Long PDD Daily ETF,Q,Nasdaq,Y,N,N
PDEC,Innovator U.S. Equity Power Buffer ETF - December,Z,Cboe BZX,Y,N,
PDEX,"Pro-Dex, Inc. - Common Stock",Q,Nasdaq,N,N,N
PDFS,"PDF Solutions, Inc. - Common Stock",Q,Nasdaq,N,N,N
PDI,PIMCO Dynamic Income Fund Common Stock,N,NYSE,N,N,
PDLB,"Ponce Financial Group, Inc. - Common Stock",Q,Nasdaq,N,N,N
PDM,"Piedmont Realty Trust, Inc. Class A Common Stock",N,NYSE,N,N,
PDN,Invesco RAFI Developed Markets ex-U.S. Small-Mid ETF,P,NYSE Arca,Y,N,
PDO,PIMCO Dynamic Income Opportunities Fund Common Shares of Beneficial Interest,N,NYSE,N,N,
PDP,Invesco Dorsey Wright Momentum ETF,Q,Nasdaq,Y,N,N
PDPA,Pearl Diver Credit Company Inc. 8.00% Series A Preferred Stock Due 2029,N,NYSE,N,N,
PDS,Precision Drilling Corporation Common Stock,N,NYSE,N,N,
PDSB,PDS Biotechnology Corporation - Common Stock,Q,Nasdaq,N,N,N
PDT,John Hancock Premium Dividend Fund,N,NYSE,N,N,
PDX,PIMCO Dynamic Income Strategy Fund Common Shares of Beneficial Interest,N,NYSE,N,N,
PDYN,Palladyne AI Corp. - Common stock,Q,Nasdaq,N,N,N
PDYNW,Palladyne AI Corp. - Warrant,Q,Nasdaq,N,N,N
PEB,Pebblebrook Hotel Trust Common Shares of Beneficial Interest,N,NYSE,N,N,
PEB$E,Pebblebrook Hotel Trust 6.375% Series E Cumulative Redeemable Preferred Shares of Beneficial Interest,N,NYSE,N,N,
PEB$F,Pebblebrook Hotel Trust 6.3% Series F Cumulative Redeemable Preferred Shares of Beneficial Interest,N,NYSE,N,N,
PEB$G,Pebblebrook Hotel Trust 6.375% Series G Cumulative Redeemable Preferred Shares of Beneficial Interest,N,NYSE,N,N,
PEB$H,Pebblebrook Hotel Trust 5.700% Series H Cumulative Redeemable Preferred Shares of Beneficial Interest,N,NYSE,N,N,
PEBK,"Peoples Bancorp of North Carolina, Inc. - Common Stock",Q,Nasdaq,N,N,N
PEBO,Peoples Bancorp Inc. - Common Stock,Q,Nasdaq,N,N,N
PECE,Peace Acquisition Corp - Ordinary Shares,Q,Nasdaq,N,N,N
PECER,Peace Acquisition Corp - Right,Q,Nasdaq,N,N,N
PECEU,Peace Acquisition Corp - Units,Q,Nasdaq,N,N,N
PECEW,Peace Acquisition Corp - Warrant,Q,Nasdaq,N,N,N
PECO,"Phillips Edison & Company, Inc. - Common Stock",Q,Nasdaq,N,N,N
PED,Pedevco Corp. Common Stock,A,NYSE American,N,N,
PEG,Public Service Enterprise Group Incorporated Common Stock,N,NYSE,N,N,
PEGA,Pegasystems Inc. - Common Stock,Q,Nasdaq,N,N,N
PEJ,Invesco Leisure and Entertainment ETF,P,NYSE Arca,Y,N,
PEMX,Putnam Emerging Markets ex-China ETF,P,NYSE Arca,Y,N,
PEN,"Penumbra, Inc. Common Stock",N,NYSE,N,N,
PENG,"Penguin Solutions, Inc. - Common Stock",Q,Nasdaq,N,N,N
PENN,"PENN Entertainment, Inc. - Common Stock",Q,Nasdaq,N,N,N
PEO,"Adams Natural Resources Fund, Inc. Common Stock",N,NYSE,N,N,
PEP,"PepsiCo, Inc. - Common Stock",Q,Nasdaq,N,N,N
PEPG,PepGen Inc. - Common Stock,Q,Nasdaq,N,N,N
PEPS,Parametric Equity Plus ETF,Q,Nasdaq,Y,N,N
PERF,Perfect Corp. Class A Ordinary Share,N,NYSE,N,N,
PERI,Perion Network Ltd - Ordinary Shares,Q,Nasdaq,N,N,N
PESI,"Perma-Fix Environmental Services, Inc. - Common Stock",Q,Nasdaq,N,N,N
PETS,"PetMed Express, Inc. - Common Stock",Q,Nasdaq,N,N,N
PETZ,"TDH Holdings, Inc. - Common Shares",Q,Nasdaq,N,N,N
PEVC,Pacer PE/VC ETF,P,NYSE Arca,Y,N,
PEW,GrabAGun Digital Holdings Inc. Common Stock,N,NYSE,N,N,
PEW.W,"GrabAGun Digital Holdings Inc. Warrants, each whole warrant exercisable to purchase one share of Common Stock at an exercise price of $11.50 per share",N,NYSE,N,N,
PEX,ProShares Global Listed Private Equity ETF,Z,Cboe BZX,Y,N,
PEXL,Pacer US Export Leaders ETF,P,NYSE Arca,Y,N,
PEY,Invesco High Yield Equity Dividend Achievers ETF,Q,Nasdaq,Y,N,N
PEZ,Invesco Dorsey Wright Consumer Cyclicals Momentum ETF,Q,Nasdaq,Y,N,N
PFAI,Pinnacle Food Group Limited - Class A Common Shares,Q,Nasdaq,N,N,N
PFBC,Preferred Bank - Common Stock,Q,Nasdaq,N,N,N
PFD,Flaherty & Crumrine Preferred and Income Fund Incorporated,N,NYSE,N,N,
PFDE,Pathfinder Disciplined US Equity ETF,Q,Nasdaq,Y,N,N
PFE,"Pfizer, Inc. Common Stock",N,NYSE,N,N,
PFEB,Innovator U.S. Equity Power Buffer ETF - February,Z,Cboe BZX,Y,N,
PFF,iShares Preferred and Income Securities ETF,Q,Nasdaq,Y,N,N
PFFA,Virtus InfraCap U.S. Preferred Stock ETF,P,NYSE Arca,Y,N,
PFFD,Global X U.S. Preferred ETF,P,NYSE Arca,Y,N,
PFFL,"ETRACS 2xMonthly Pay Leveraged Preferred Stock Index ETN due September 25, 2048",P,NYSE Arca,N,N,
PFFR,InfraCap REIT Preferred ETF,P,NYSE Arca,Y,N,
PFFV,Global X Variable Rate Preferred ETF,P,NYSE Arca,Y,N,
PFG,Principal Financial Group Inc - Common Stock,Q,Nasdaq,N,N,N
PFGC,Performance Food Group Company Common Stock,N,NYSE,N,N,
PFH,"Prudential Financial, Inc. 4.125% Junior Subordinated Notes due 2060",N,NYSE,N,N,
PFI,Invesco Dorsey Wright Financial Momentum ETF,Q,Nasdaq,Y,N,N
PFIG,Invesco Fundamental Investment Grade Corporate Bond  ETF,P,NYSE Arca,Y,N,
PFIS,Peoples Financial Services Corp.  - Common Stock,Q,Nasdaq,N,N,N
PFIX,Simplify Interest Rate Hedge ETF,P,NYSE Arca,Y,N,
PFL,PIMCO Income Strategy Fund Shares of Beneficial Interest,N,NYSE,N,N,
PFLA,PennantPark Floating Rate Capital Ltd. 7.375% Notes Due 2031,N,NYSE,N,N,
PFLD,AAM Low Duration Preferred and Income Securities ETF,P,NYSE Arca,Y,N,
PFLT,PennantPark Floating Rate Capital Ltd. Common Stock,N,NYSE,N,N,
PFM,Invesco Dividend Achievers ETF,Q,Nasdaq,Y,N,N
PFN,PIMCO Income Strategy Fund II,N,NYSE,N,N,
PFO,Flaherty & Crumrine Preferred and Income Opportunity Fund Incorporated,N,NYSE,N,N,
PFOE,Pathfinder Focused Opportunities ETF,Q,Nasdaq,Y,N,N
PFRL,PGIM Floating Rate Income ETF,P,NYSE Arca,Y,N,
PFS,"Provident Financial Services, Inc Common Stock",N,NYSE,N,N,
PFSA,"Profusa, Inc. - Common Stock",Q,Nasdaq,N,N,D
PFSI,"PennyMac Financial Services, Inc. Common Stock",N,NYSE,N,N,
PFX,PhenixFIN Corporation  - Common Stock,Q,Nasdaq,N,N,N
PFXF,VanEck Preferred Securities ex Financials ETF,P,NYSE Arca,Y,N,
PFXNZ,PhenixFIN Corporation  - 5.25% Notes due 2028,Q,Nasdaq,N,N,N
PG,Procter & Gamble Company (The) Common Stock,N,NYSE,N,N,
PGAC,Pantages Capital Acquisition Corporation - Class A Ordinary Shares,Q,Nasdaq,N,N,N
PGACR,Pantages Capital Acquisition Corporation - Right,Q,Nasdaq,N,N,N
PGACU,Pantages Capital Acquisition Corporation - Unit,Q,Nasdaq,N,N,N
PGC,Peapack-Gladstone Financial Corporation - Common Stock,Q,Nasdaq,N,N,N
PGEN,"Precigen, Inc. - Common Stock",Q,Nasdaq,N,N,N
PGF,Invesco Financial Preferred ETF,P,NYSE Arca,Y,N,
PGHY,Invesco Global ex-US High Yield Corporate Bond ETF,P,NYSE Arca,Y,N,
PGJ,Invesco Golden Dragon China ETF,Q,Nasdaq,Y,N,N
PGNY,"Progyny, Inc. - Common Stock",Q,Nasdaq,N,N,N
PGP,Pimco Global StocksPlus & Income Fund Common Shares of Beneficial Interest,N,NYSE,N,N,
PGR,Progressive Corporation (The) Common Stock,N,NYSE,N,N,
PGRI,Putnam International Stock ETF,P,NYSE Arca,Y,N,
PGRO,Putnam Focused Large Cap Growth ETF,P,NYSE Arca,Y,N,
PGX,Invesco Preferred ETF,P,NYSE Arca,Y,N,
PGY,Pagaya Technologies Ltd. - Class A Ordinary Shares,Q,Nasdaq,N,N,N
PGYWW,Pagaya Technologies Ltd. - Warrants,Q,Nasdaq,N,N,N
PGZ,Principal Real Estate Income Fund Common Shares of Beneficial Interest,N,NYSE,N,N,
PH,Parker-Hannifin Corporation Common Stock,N,NYSE,N,N,
PHAR,"Pharming Group N.V. - ADS, each representing 10 ordinary shares",Q,Nasdaq,N,N,N
PHAT,"Phathom Pharmaceuticals, Inc. - Common Stock",Q,Nasdaq,N,N,N
PHDG,Invesco S&P 500 Downside Hedged ETF,P,NYSE Arca,Y,N,
PHEQ,Parametric Hedged Equity ETF,P,NYSE Arca,Y,N,
PHG,Koninklijke Philips N.V. NY Registry Shares,N,NYSE,N,N,
PHGE,BiomX Inc. COmmon Stock,A,NYSE American,N,N,
PHI,PLDT Inc. Sponsored ADR,N,NYSE,N,N,
PHIN,PHINIA Inc. Common Stock,N,NYSE,N,N,
PHIO,Phio Pharmaceuticals Corp. - Common Stock,Q,Nasdaq,N,N,N
PHK,Pimco High Income Fund,N,NYSE,N,N,
PHM,"PulteGroup, Inc. Common Stock",N,NYSE,N,N,
PHO,Invesco Water Resources ETF,Q,Nasdaq,Y,N,N
PHOE,Phoenix Asia Holdings Limited - Ordinary Shares,Q,Nasdaq,N,N,N
PHR,"Phreesia, Inc. Common Stock",N,NYSE,N,N,
PHUN,"Phunware, Inc. - Common Stock",Q,Nasdaq,N,N,N
PHVS,Pharvaris N.V. - Ordinary Shares,Q,Nasdaq,N,N,N
PHXE$,"Phoenix Energy One, LLC Series A Cumulative Redeemable Preferred Shares",A,NYSE American,N,N,
PHYL,PGIM Active High Yield Bond ETF,P,NYSE Arca,Y,N,
PHYS,Sprott Physical Gold Trust ETV,P,NYSE Arca,Y,N,
PI,"Impinj, Inc. - Common Stock",Q,Nasdaq,N,N,N
PICB,Invesco International Corporate Bond ETF,P,NYSE Arca,Y,N,
PICK,iShares MSCI Global Select Metals & Mining Producers Fund,Z,Cboe BZX,Y,N,
PICS,PicS N.V. - Class A Common Shares,Q,Nasdaq,N,N,N
PID,Invesco International Dividend Achievers ETF,Q,Nasdaq,Y,N,N
PIE,Invesco Dorsey Wright Emerging Markets Momentum ETF,Q,Nasdaq,Y,N,N
PIEL,Pacer International Export Leaders ETF,Z,Cboe BZX,Y,N,
PIEQ,Principal International Equity ETF,Z,Cboe BZX,Y,N,
PIFI,ClearShares Piton Intermediate Fixed Income ETF,P,NYSE Arca,Y,N,
PII,Polaris Inc. Common Stock,N,NYSE,N,N,
PIII,P3 Health Partners Inc. - Class A Common Stock,Q,Nasdaq,N,N,N
PIIIW,P3 Health Partners Inc. - Warrant,Q,Nasdaq,N,N,N
PILL,Direxion Daily Pharmaceutical & Medical Bull 3X ETF,P,NYSE Arca,Y,N,
PIM,Putnam Master Intermediate Income Trust Common Stock,N,NYSE,N,N,
PINC,PGIM Securitized Income ETF,Z,Cboe BZX,Y,N,
PINE,"Alpine Income Property Trust, Inc. Common Stock",N,NYSE,N,N,
PINE$A,"Alpine Income Property Trust, Inc. 8.00% Series A Cumulative Redeemable Preferred Stock",N,NYSE,N,N,
PINK,Simplify Health Care ETF,P,NYSE Arca,Y,N,
PINS,"Pinterest, Inc. Class A Common Stock",N,NYSE,N,N,
PIO,Invesco Global Water ETF,Q,Nasdaq,Y,N,N
PIPE,Invesco SteelPath MLP & Energy Infrastructure ETF,Z,Cboe BZX,Y,N,
PIPR,Piper Sandler Companies Common Stock,N,NYSE,N,N,
PIT,VanEck Commodity Strategy ETF,Z,Cboe BZX,Y,N,
PIZ,Invesco Dorsey Wright Developed Markets Momentum ETF,Q,Nasdaq,Y,N,N
PJAN,Innovator U.S. Equity Power Buffer ETF - January,Z,Cboe BZX,Y,N,
PJFG,PGIM Jennison Focused Growth ETF,P,NYSE Arca,Y,N,
PJFM,PGIM Jennison Focused Mid-Cap ETF,Z,Cboe BZX,Y,N,
PJFV,PGIM Jennison Focused Value ETF,P,NYSE Arca,Y,N,
PJIO,PGIM Jennison International Opportunities ETF,P,NYSE Arca,Y,N,
PJP,Invesco Pharmaceuticals ETF,P,NYSE Arca,Y,N,
PJT,PJT Partners Inc. Class A Common Stock,N,NYSE,N,N,
PJUL,Innovator U.S. Equity Power Buffer ETF - July,Z,Cboe BZX,Y,N,
PJUN,Innovator U.S. Equity Power Buffer ETF - June,Z,Cboe BZX,Y,N,
PJUS,PGIM Jennison U.S. Core Equity ETF,Z,Cboe BZX,Y,N,
PK,Park Hotels & Resorts Inc. Common Stock ,N,NYSE,N,N,
PKB,Invesco Building & Construction ETF,P,NYSE Arca,Y,N,
PKBK,"Parke Bancorp, Inc. - Common Stock",Q,Nasdaq,N,N,N
PKE,Park Aerospace Corp. Common Stock,N,NYSE,N,N,
PKG,Packaging Corporation of America Common Stock,N,NYSE,N,N,
PKOH,Park-Ohio Holdings Corp. - Common Stock,Q,Nasdaq,N,N,N
PKW,Invesco BuyBack Achievers ETF,Q,Nasdaq,Y,N,N
PKX,POSCO HOLDINGS INC. American Depositary Shares (Each representing 1/4th of a share of Common Stock),N,NYSE,N,N,
PL,Planet Labs PBC Class A Common Stock,N,NYSE,N,N,
PLA,GraniteShares Autocallable PLTR ETF,Q,Nasdaq,Y,N,N
PLAB,"Photronics, Inc. - Common Stock",Q,Nasdaq,N,N,N
PLAG,Planet Green Holdings Corp. Common Stock,A,NYSE American,N,N,
PLAY,"Dave & Buster's Entertainment, Inc. - Common Stock",Q,Nasdaq,N,N,N
PLBC,Plumas Bancorp - Common Stock,Q,Nasdaq,N,N,N
PLBL,Polibeli Group Ltd - Class A Ordinary Shares,Q,Nasdaq,N,N,N
PLBY,"Playboy, Inc. - Common Stock",Q,Nasdaq,N,N,N
PLCE,"Children's Place, Inc. (The) - Common Stock",Q,Nasdaq,N,N,N
PLD,"Prologis, Inc. Common Stock",N,NYSE,N,N,
PLG,Platinum Group Metals Ltd. Ordinary Shares (Canada),A,NYSE American,N,N,
PLGI,PL Growth and Income ETF,Z,Cboe BZX,Y,N,
PLGO,Pelagos Insurance Capital Limited Common Shares,N,NYSE,N,N,
PLMK,Plum Acquisition Corp. IV - Class A Ordinary Shares,Q,Nasdaq,N,N,N
PLMKU,Plum Acquisition Corp. IV - Unit,Q,Nasdaq,N,N,N
PLMKW,Plum Acquisition Corp. IV - Warrants,Q,Nasdaq,N,N,N
PLMR,"Palomar Holdings, Inc. - Common stock",Q,Nasdaq,N,N,N
PLNT,"Planet Fitness, Inc. Common Stock",N,NYSE,N,N,
PLOW,"Douglas Dynamics, Inc. Common Stock",N,NYSE,N,N,
PLPC,Preformed Line Products Company - Common Stock,Q,Nasdaq,N,N,N
PLRX,"Pliant Therapeutics, Inc. - Common Stock",Q,Nasdaq,N,N,N
PLRZ,Polyrizon Ltd. - Ordinary Shares,Q,Nasdaq,N,N,N
PLSE,"Pulse Biosciences, Inc - Common Stock",Q,Nasdaq,N,N,N
PLSM,Pulsenmore Ltd. - Ordinary Shares,Q,Nasdaq,N,N,N
PLTA,ProShares Ultra PLTR,P,NYSE Arca,Y,N,
PLTD,Direxion Daily PLTR Bear 1X ETF,Q,Nasdaq,Y,N,N
PLTG,Leverage Shares 2X Long PLTR Daily ETF,Q,Nasdaq,Y,N,N
PLTK,Playtika Holding Corp. - Common Stock,Q,Nasdaq,N,N,N
PLTL,Corgi PLTR 2x Daily ETF,Z,Cboe BZX,Y,N,
PLTM,GraniteShares Platinum Shares ETF,P,NYSE Arca,Y,N,
PLTR,Palantir Technologies Inc. - Class A Common Stock,Q,Nasdaq,N,N,N
PLTS,Platinum Analytics Cayman Limited - Class A Ordinary Shares,Q,Nasdaq,N,N,N
PLTU,Direxion Daily PLTR Bull 2X ETF,Q,Nasdaq,Y,N,N
PLTW,Roundhill PLTR WeeklyPay ETF,Z,Cboe BZX,Y,N,
PLTY,YieldMax PLTR Option Income Strategy ETF,P,NYSE Arca,Y,N,
PLTZ,Defiance Daily Target 2x Short PLTR ETF,Q,Nasdaq,Y,N,N
PLU,Defiance Daily Target 2x Long PL ETF,Z,Cboe BZX,Y,N,
PLUG,"Plug Power, Inc. - Common Stock",Q,Nasdaq,N,N,N
PLUL,Leverage Shares 2X Long PLUG Daily ETF,Q,Nasdaq,Y,N,N
PLUN,Plutonian Acquisition Corp II Class A Ordinary Shares,N,NYSE,N,N,
PLUN.R,"Plutonian Acquisition Corp II Rights, each entitling the holder to receive one-fourth of one Class A Ordinary Share",N,NYSE,N,N,
PLUN.U,"Plutonian Acquisition Corp II Units, each consisting of one Class A Ordinary Share and one right entitling the holder to one-fourth of one Class A Ordinary Share",N,NYSE,N,N,
PLUR,Pluri Inc. - Common Stock,Q,Nasdaq,N,N,N
PLUS,ePlus inc. - Common Stock,Q,Nasdaq,N,N,N
PLUT,Plutus Financial Group Limited - Ordinary Shares,Q,Nasdaq,N,N,N
PLX,"Protalix BioTherapeutics, Inc. (DE) Common Stock",A,NYSE American,N,N,
PLXS,Plexus Corp. - Common Stock,Q,Nasdaq,N,N,N
PLYX,"Polaryx Therapeutics, Inc. - Common Stock",Q,Nasdaq,N,N,N
PLYY,GraniteShares YieldBOOST PLTR ETF,Q,Nasdaq,Y,N,N
PM,Philip Morris International Inc Common Stock,N,NYSE,N,N,
PMA,Ming Shing Group Holdings Limited - Ordinary Shares,Q,Nasdaq,N,N,N
PMAP,PGIM S&P 500 Max Buffer ETF - April,Z,Cboe BZX,Y,N,
PMAR,Innovator U.S. Equity Power Buffer ETF - March,Z,Cboe BZX,Y,N,
PMAU,PGIM S&P 500 Max Buffer ETF - August,Z,Cboe BZX,Y,N,
PMAX,Powell Max Limited - Class A Ordinary Shares,Q,Nasdaq,N,N,N
PMAY,Innovator U.S. Equity Power Buffer ETF - May,Z,Cboe BZX,Y,N,
PMBS,PIMCO Mortgage-Backed Securities Active Exchange-Traded Fund,Q,Nasdaq,Y,N,N
PMCB,"PharmaCyte  Biotech, Inc. - Common Stock",Q,Nasdaq,N,N,D
PMDE,PGIM S&P 500 Max Buffer ETF - December,Z,Cboe BZX,Y,N,
PMEC,Primech Holdings Ltd. - Ordinary Shares,Q,Nasdaq,N,N,D
PMFB,PGIM S&P 500 Max Buffer ETF - February,Z,Cboe BZX,Y,N,
PMI,"Picard Medical, Inc. Common Stock",A,NYSE American,N,N,
PMIO,PGIM Municipal Income Opportunities ETF,P,NYSE Arca,Y,N,
PMJA,PGIM S&P 500 Max Buffer ETF - January,Z,Cboe BZX,Y,N,
PMJL,PGIM S&P 500 Max Buffer ETF - July,Z,Cboe BZX,Y,N,
PMJN,PGIM S&P 500 Max Buffer ETF - June,Z,Cboe BZX,Y,N,
PML,Pimco Municipal Income Fund II Common Shares of Beneficial Interest,N,NYSE,N,N,
PMM,Putnam Managed Municipal Income Trust Common Stock,N,NYSE,N,N,
PMMF,iShares Prime Money Market ETF,N,NYSE,Y,N,
PMMR,PGIM S&P 500 Max Buffer ETF - March,Z,Cboe BZX,Y,N,
PMMY,PGIM S&P 500 Max Buffer ETF - May,Z,Cboe BZX,Y,N,
PMN,ProMIS Neurosciences Inc. - Common Shares,Q,Nasdaq,N,N,N
PMNV,PGIM S&P 500 Max Buffer ETF - November,Z,Cboe BZX,Y,N,
PMO,Putnam Municipal Opportunities Trust Common Stock,N,NYSE,N,N,
PMOC,PGIM S&P 500 Max Buffer ETF - October,Z,Cboe BZX,Y,N,
PMSE,PGIM S&P 500 Max Buffer ETF - September,Z,Cboe BZX,Y,N,
PMT,PennyMac Mortgage Investment Trust Common Shares of Beneficial Interest,N,NYSE,N,N,
PMT$A,PennyMac Mortgage Investment Trust 8.125% Series A Fixed-to-Floating Rate Cumulative Redeemable Preferred Shares of Beneficial Interest,N,NYSE,N,N,
PMT$B,PennyMac Mortgage Investment Trust 8.00% Series B Fixed-to-Floating Rate Cumulative Redeemable Preferred Shares of Beneficial Interest,N,NYSE,N,N,
PMT$C,PennyMac Mortgage Investment Trust 6.75% Series C Cumulative Redeemable Preferred Shares of Beneficial Interest,N,NYSE,N,N,
PMTR,Perimeter Acquisition Corp. I - Class A Ordinary Shares,Q,Nasdaq,N,N,N
PMTRU,Perimeter Acquisition Corp. I - Unit,Q,Nasdaq,N,N,N
PMTRW,Perimeter Acquisition Corp. I - Warrant,Q,Nasdaq,N,N,N
PMTS,CPI Card Group Inc. - Common Stock,Q,Nasdaq,N,N,N
PMTU,PennyMac Mortgage Investment Trust 8.50% Senior Notes due 2028,N,NYSE,N,N,
PMTV,PennyMac Mortgage Investment Trust 9.00% Senior Notes due 2030,N,NYSE,N,N,
PMTW,PennyMac Mortgage Investment Trust 9.00% Senior Notes due 2030,N,NYSE,N,N,
PMVP,"PMV Pharmaceuticals, Inc. - Common Stock",Q,Nasdaq,N,N,N
PN,PN Smart Energy Limited - Class A Ordinary Shares,Q,Nasdaq,N,N,N
PNBK,Patriot National Bancorp Inc. - Common Stock,Q,Nasdaq,N,N,N
PNC,"PNC Financial Services Group, Inc. (The) Common Stock",N,NYSE,N,N,
PNFP,"Pinnacle Financial Partners, Inc. Common stock",N,NYSE,N,N,
PNFP$A,"Pinnacle Financial Partners, Inc. Fixed-to-Floating Rate Non-Cumulative Perpetual Preferred Stock, Series A",N,NYSE,N,N,
PNFP$B,"Pinnacle Financial Partners, Inc. Fixed-to-Floating Rate Non-Cumulative Perpetual Preferred Stock, Series B",N,NYSE,N,N,
PNFP$C,"Pinnacle Financial Partners, Inc. Fixed-to-Floating Rate Non-Cumulative Perpetual Preferred Stock, Series C",N,NYSE,N,N,
PNI,Pimco New York Municipal Income Fund II Common Shares of Beneficial Interest,N,NYSE,N,N,
PNNT,PennantPark Investment Corporation Common Stock,N,NYSE,N,N,
PNOV,Innovator U.S. Equity Power Buffer ETF - November,Z,Cboe BZX,Y,N,
PNQI,Invesco Nasdaq Internet ETF,Q,Nasdaq,Y,N,N
PNR,Pentair plc. Ordinary Share,N,NYSE,N,N,
PNRG,PrimeEnergy Resources Corporation - Common Stock,Q,Nasdaq,N,N,N
PNTG,"The Pennant Group, Inc. - Common Stock",Q,Nasdaq,N,N,N
PNW,Pinnacle West Capital Corporation Common Stock,N,NYSE,N,N,
POAS,Phaos Technology Holdings (Cayman) Limited Class A Ordinary Shares,A,NYSE American,N,N,
POCI,"Precision Optics Corporation, Inc. - Common stock",Q,Nasdaq,N,N,N
POCT,Innovator U.S. Equity Power Buffer ETF - October,Z,Cboe BZX,Y,N,
PODC,"PodcastOne, Inc. - Common Stock",Q,Nasdaq,N,N,N
PODD,Insulet Corporation - Common Stock,Q,Nasdaq,N,N,N
POEL,Defiance Daily Target 2X Long POET ETF,Z,Cboe BZX,Y,N,
POET,POET Technologies Inc. - Common Shares,Q,Nasdaq,N,N,N
POLA,"Polar Power, Inc. - Common Stock",Q,Nasdaq,N,N,D
POLE,Andretti Acquisition Corp. II - Class A Ordinary Shares,Q,Nasdaq,N,N,N
POLEU,Andretti Acquisition Corp. II - Unit,Q,Nasdaq,N,N,N
POLEW,Andretti Acquisition Corp. II - Warrant,Q,Nasdaq,N,N,N
POM,POMDOCTOR LIMITED - American Depositary Shares,Q,Nasdaq,N,N,N
PONO,"Pono Capital Four, Inc. - Class A Ordinary Shares",Q,Nasdaq,N,N,N
PONOR,"Pono Capital Four, Inc. - Rights",Q,Nasdaq,N,N,N
PONOU,"Pono Capital Four, Inc. - Units",Q,Nasdaq,N,N,N
PONX,Tradr 2X Long PONY Daily ETF,Z,Cboe BZX,Y,N,
PONY,Pony AI Inc. - American Depositary Shares,Q,Nasdaq,N,N,N
POOL,Pool Corporation - Common Stock,Q,Nasdaq,N,N,N
POR,Portland General Electric Co Common Stock,N,NYSE,N,N,
POST,"Post Holdings, Inc. Common Stock",N,NYSE,N,N,
POW,VistaShares Electrification Supercycle ETF,P,NYSE Arca,Y,N,
POWA,Invesco Bloomberg Pricing Power ETF,P,NYSE Arca,Y,N,
POWI,"Power Integrations, Inc. - Common Stock",Q,Nasdaq,N,N,N
POWL,"Powell Industries, Inc. - Common Stock",Q,Nasdaq,N,N,N
POWR,iShares U.S. Power Infrastructure ETF,P,NYSE Arca,Y,N,
POWW,Outdoor Holding Company - Common Stock,Q,Nasdaq,N,N,N
POWWP,Outdoor Holding Company - 8.75% Series A Cumulative Redeemable Perpetual Preferred Stock,Q,Nasdaq,N,N,N
PPA,Invesco Aerospace & Defense ETF,P,NYSE Arca,Y,N,
PPBT,Purple Biotech Ltd. - American Depositary Shares,Q,Nasdaq,N,N,N
PPC,Pilgrim's Pride Corporation - Common Stock,Q,Nasdaq,N,N,N
PPCB,"Propanc Biopharma, Inc. - Common Stock",Q,Nasdaq,N,N,N
PPG,"PPG Industries, Inc. Common Stock",N,NYSE,N,N,
PPH,VanEck Pharmaceutical ETF,Q,Nasdaq,Y,N,N
PPHC,"Public Policy Holding Company, Inc. - Common Stock",Q,Nasdaq,N,N,N
PPI,Astoria Real Assets ETF,Q,Nasdaq,Y,N,N
PPIH,"Perma-Pipe International Holdings, Inc. - Common Stock",Q,Nasdaq,N,N,N
PPL,PPL Corporation Common Stock,N,NYSE,N,N,
PPLC,PPL Corporation Corporate Units,N,NYSE,N,N,
PPLI,People Incorporated - Common Stock,Q,Nasdaq,N,N,N
PPLT,abrdn Physical Platinum Shares ETF,P,NYSE Arca,Y,N,
PPSI,"Pioneer Power Solutions, Inc. - Common Stock",Q,Nasdaq,N,N,N
PPT,Putnam Premier Income Trust Common Stock,N,NYSE,N,N,
PPTA,Perpetua Resources Corp. - Common Shares,Q,Nasdaq,N,N,N
PPTY,U.S. Diversified Real Estate ETF,P,NYSE Arca,Y,N,
PQAP,PGIM Nasdaq-100 Buffer 12 ETF - April,Q,Nasdaq,Y,N,N
PQDI,Principal Spectrum Preferred and Income ETF,P,NYSE Arca,Y,N,
PQJA,PGIM Nasdaq-100 Buffer 12 ETF - January,Q,Nasdaq,Y,N,N
PQJL,PGIM Nasdaq-100 Buffer 12 ETF - July,Q,Nasdaq,Y,N,N
PQNT,Pictet AI Enhanced International Equity ETF,P,NYSE Arca,Y,N,
PQOC,PGIM Nasdaq-100 Buffer 12 ETF - October,Q,Nasdaq,Y,N,N
PQUS,Pictet AI Enhanced US Equity ETF,P,NYSE Arca,Y,N,
PQV,PGIM S&P 500 Quarterly Buffer 5 ETF,Z,Cboe BZX,Y,N,
PQX,PGIM S&P 500 Quarterly Buffer 10 ETF,Z,Cboe BZX,Y,N,
PQXV,PGIM S&P 500 Quarterly Buffer 15 ETF,Z,Cboe BZX,Y,N,
PQXX,PGIM S&P 500 Quarterly Buffer 20 ETF,Z,Cboe BZX,Y,N,
PR,Permian Resources Corporation Class A Common Stock,N,NYSE,N,N,
PRAA,"PRA Group, Inc. - Common Stock",Q,Nasdaq,N,N,N
PRAB,State Street IG Public & Private ABS ETF,P,NYSE Arca,Y,N,
PRAE,PlanRock Alternative Growth ETF,P,NYSE Arca,Y,N,
PRAX,"Praxis Precision Medicines, Inc. - Common Stock",Q,Nasdaq,N,N,N
PRAY,FIS Christian Stock Fund,P,NYSE Arca,Y,N,
PRCH,"Porch Group, Inc. - Common Stock",Q,Nasdaq,N,N,N
PRCS,Parnassus Core Select ETF,N,NYSE,Y,N,
PRCT,PROCEPT BioRobotics Corporation - Common Stock,Q,Nasdaq,N,N,N
PRDO,Perdoceo Education Corporation - Common Stock,Q,Nasdaq,N,N,N
PRE,Prenetics Global Limited - Class A Ordinary Share,Q,Nasdaq,N,N,N
PREF,Principal Spectrum Preferred Securities Active ETF,P,NYSE Arca,Y,N,
PRENW,Prenetics Global Limited - Warrant,Q,Nasdaq,N,N,N
PRF,Invesco RAFI US 1000 ETF,P,NYSE Arca,Y,N,
PRFD,PIMCO Preferred and Capital Securities Active Exchange-Traded Fund,P,NYSE Arca,Y,N,
PRFX,PRF Technologies Ltd. - Ordinary Shares,Q,Nasdaq,N,N,N
PRFZ,Invesco RAFI US 1500 Small-Mid ETF,Q,Nasdaq,Y,N,N
PRG,"PROG Holdings, Inc. Common Stock",N,NYSE,N,N,
PRGO,Perrigo Company plc Ordinary Shares,N,NYSE,N,N,
PRGS,Progress Software Corporation - Common Stock,Q,Nasdaq,N,N,N
PRH,"Prudential Financial, Inc. 5.950% Junior Subordinated Notes due 2062",N,NYSE,N,N,
PRHI,"Presurance Holdings, Inc. - Common Stock",Q,Nasdaq,N,N,N
PRHIZ,"Presurance Holdings, Inc. - 9.75% Senior Unsecured Notes due 2028",Q,Nasdaq,N,N,N
PRI,"Primerica, Inc. Common Stock",N,NYSE,N,N,
PRIF$D,"Priority Income Fund, Inc. 7.00% Series D Term Preferred Stock due 2029",N,NYSE,N,N,
PRIF$K,"Priority Income Fund, Inc. 7.000% Series K Cumulative Preferred Stock",N,NYSE,N,N,
PRIF$L,"Priority Income Fund, Inc. 6.375% Series L Term Preferred Stock Due 2029",N,NYSE,N,N,
PRIM,Primoris Services Corporation Common Stock,N,NYSE,N,N,
PRIV,State Street IG Public & Private Credit ETF,P,NYSE Arca,Y,N,
PRIZ,Zacks Preferred Income ETF,P,NYSE Arca,Y,N,
PRK,Park National Corporation Common Stock,A,NYSE American,N,N,
PRKS,United Parks & Resorts Inc. Common Stock,N,NYSE,N,N,
PRLB,"Proto Labs, Inc. Common stock",N,NYSE,N,N,
PRLD,Prelude Therapeutics Incorporated - Common Stock,Q,Nasdaq,N,N,N
PRM,"Perimeter Solutions, SA Common Stock",N,NYSE,N,N,
PRMB,Primo Brands Corporation Class A Common Stock,N,NYSE,N,N,
PRME,"Prime Medicine, Inc. - Common Stock",Q,Nasdaq,N,N,N
PRMR,PeakShares RMR Prime Equity ETF,Q,Nasdaq,Y,N,N
PRN,Invesco Dorsey Wright Industrials Momentum ETF,Q,Nasdaq,Y,N,N
PRNT,3D Printing (The) ETF,Z,Cboe BZX,Y,N,
PROF,Profound Medical Corp. - common stock,Q,Nasdaq,N,N,N
PROK,ProKidney Corp. - Class A Ordinary Shares,Q,Nasdaq,N,N,N
PROP,Prairie Operating Co. - Common Stock,Q,Nasdaq,N,N,D
PROV,"Provident Financial Holdings, Inc. - Common Stock",Q,Nasdaq,N,N,N
PRPL,"Purple Innovation, Inc. - Common Stock",Q,Nasdaq,N,N,D
PRPO,"Precipio, Inc. - Common Stock",Q,Nasdaq,N,N,N
PRQR,ProQR Therapeutics N.V. - Ordinary Shares,Q,Nasdaq,N,N,N
PRS,"Prudential Financial, Inc. 5.625% Junior Subordinated Notes due 2058",N,NYSE,N,N,
PRSD,State Street Short Duration IG Public & Private Credit ETF,P,NYSE Arca,Y,N,
PRSO,Peraso Inc. - Common Stock,Q,Nasdaq,N,N,N
PRSU,"Pursuit Attractions and Hospitality, Inc. Common Stock",N,NYSE,N,N,
PRT,PermRock Royalty Trust Units of Beneficial Interest,N,NYSE,N,N,
PRTA,Prothena Corporation plc - Ordinary Shares,Q,Nasdaq,N,N,N
PRTH,"Priority Technology Holdings, Inc. - Common Stock",Q,Nasdaq,N,N,N
PRTO,RCN Pareto Strategic Allocation ETF,P,NYSE Arca,Y,N,
PRTS,"CarParts.com, Inc. - Common Stock",Q,Nasdaq,N,N,N
PRU,"Prudential Financial, Inc. Common Stock",N,NYSE,N,N,
PRVA,"Privia Health Group, Inc. - Common Stock",Q,Nasdaq,N,N,N
PRVS,Parnassus Value Select ETF,N,NYSE,Y,N,
PRVT,Tema Alternative Asset Managers ETF,Z,Cboe BZX,Y,N,
PRXG,Praxis Impact Large Cap Growth ETF,P,NYSE Arca,Y,N,
PRXI,Praxis Impact International ETF,P,NYSE Arca,Y,N,
PRXV,Praxis Impact Large Cap Value ETF,P,NYSE Arca,Y,N,
PRZO,ParaZero Technologies Ltd. - Ordinary Shares,Q,Nasdaq,N,N,D
PS,Pershing Square Inc. Common Stock,N,NYSE,N,N,
PSA,Public Storage Common Stock,N,NYSE,N,N,
PSA$F,"Public Storage Depositary Shares Each Representing 1/1,000 of a 5.15% Cumulative Preferred Share of Beneficial Interest, Series F, par value $0.01 per share",N,NYSE,N,N,
PSA$G,"Public Storage Depositary Shares, Each Representing 1/1,000 of a 5.05% Cumulative Preferred Share of Beneficial Interest, Series G",N,NYSE,N,N,
PSA$H,"Public Storage Depositary Shares Each Representing 1/1,000 of a  5.60% Cumulative Preferred  Share of Beneficial Interest, Series H",N,NYSE,N,N,
PSA$I,"Public Storage Depositary Shares Each Representing 1/1,000 of a 4.875% Cumulative Preferred Share of Beneficial Interest, Series I, par value $0.01 per share",N,NYSE,N,N,
PSA$J,"Public Storage Depositary Shares Each Representing 1/1,000 of a 4.700% Cumulative Preferred Share of Beneficial Interest, Series J, par value $0.01 per share",N,NYSE,N,N,
PSA$K,"Public Storage Depositary Shares Each Representing 1/1,000 of a 4.75% Cumulative Preferred Share of Beneficial Interest, Series K",N,NYSE,N,N,
PSA$L,"Public Storage Depositary Shares Each Representing 1/1,000 of a 4.625% Cumulative Preferred Share of Beneficial Interest, Series L, par value $0.01 per share",N,NYSE,N,N,
PSA$M,"Public Storage Depositary Shares Each Representing 1/1,000 of a 4.125% Cumulative Preferred Share of Beneficial Interest, Series M",N,NYSE,N,N,
PSA$N,"Public Storage Depositary Shares Each Representing 1/1,000 of a 3.875% Cumulative Preferred Share of Beneficial Interest, Series N",N,NYSE,N,N,
PSA$O,"Public Storage Depositary Shares Each Representing 1/1,000 of a 3.900% Cumulative Preferred Share of Beneficial Interest, Series O",N,NYSE,N,N,
PSA$P,"Public Storage Depositary Shares Each Representing 1/1,000 of a 4.000% Cumulative Preferred Share of Bene cial Interest, Series P",N,NYSE,N,N,
PSA$Q,"Public Storage Depositary Shares Each Representing 1/1,000 of a 3.950% Cumulative Preferred Share of Beneficial Interest, Series Q, par value $0.01 per share",N,NYSE,N,N,
PSA$R,"Public Storage Depositary Shares Each Representing 1/1,000 of a 4.00% Cumulative Preferred Share of Bene cial Interest, Series R",N,NYSE,N,N,
PSA$S,"Public Storage Depositary Shares Each Representing 1/1,000 of a 4.100% Cumulative Preferred Share of Beneficial Interest, Series S",N,NYSE,N,N,
PSAI,Pacer S&P 500 3AI Top 100 ETF,Z,Cboe BZX,Y,N,
PSBD,Palmer Square Capital BDC Inc. Common Stock,N,NYSE,N,N,
PSC,Principal U.S. Small-Cap ETF,Q,Nasdaq,Y,N,N
PSCC,Invesco S&P SmallCap Consumer Staples ETF,Q,Nasdaq,Y,N,N
PSCD,Invesco S&P SmallCap Consumer Discretionary ETF,Q,Nasdaq,Y,N,N
PSCE,Invesco S&P SmallCap Energy ETF,Q,Nasdaq,Y,N,N
PSCF,Invesco S&P SmallCap Financials ETF,Q,Nasdaq,Y,N,N
PSCH,Invesco S&P SmallCap Health Care ETF,Q,Nasdaq,Y,N,N
PSCI,Invesco S&P SmallCap Industrials ETF,Q,Nasdaq,Y,N,N
PSCJ,Pacer Swan SOS Conservative (July) ETF,Z,Cboe BZX,Y,N,
PSCM,Invesco S&P SmallCap Materials ETF,Q,Nasdaq,Y,N,N
PSCQ,Pacer Swan SOS Conservative (October) ETF,Z,Cboe BZX,Y,N,
PSCT,Invesco S&P SmallCap Information Technology ETF,Q,Nasdaq,Y,N,N
PSCU,Invesco S&P SmallCap Utilities & Communication Services ETF,Q,Nasdaq,Y,N,N
PSCW,Pacer Swan SOS Conservative (April) ETF,Z,Cboe BZX,Y,N,
PSCX,Pacer Swan SOS Conservative (January) ETF,Z,Cboe BZX,Y,N,
PSDM,PGIM Short Duration Multi-Sector Bond ETF,Z,Cboe BZX,Y,N,
PSEC,Prospect Capital Corporation - Closed End Fund,Q,Nasdaq,N,N,N
PSEC$A,Prospect Capital Corporation 5.35% Series A Fixed Rate Cumulative Perpetual Preferred Stock,N,NYSE,N,N,
PSEP,Innovator U.S. Equity Power Buffer ETF - September,Z,Cboe BZX,Y,N,
PSET,Principal Quality ETF,Q,Nasdaq,Y,N,N
PSF,"Cohen & Steers Select Preferred and Income Fund, Inc. Common Stock",N,NYSE,N,N,
PSFD,Pacer Swan SOS Flex (January) ETF,Z,Cboe BZX,Y,N,
PSFE,Paysafe Limited Common Shares,N,NYSE,N,N,
PSFF,Pacer Swan SOS Fund of Funds ETF,Z,Cboe BZX,Y,N,
PSFJ,Pacer Swan SOS Flex (July) ETF,Z,Cboe BZX,Y,N,
PSFM,Pacer Swan SOS Flex (April) ETF,Z,Cboe BZX,Y,N,
PSFO,Pacer Swan SOS Flex (October) ETF,Z,Cboe BZX,Y,N,
PSH,PGIM Short Duration High Yield ETF,Z,Cboe BZX,Y,N,
PSHG,Performance Shipping Inc. - Common Shares,Q,Nasdaq,N,N,N
PSI,Invesco Semiconductors ETF,P,NYSE Arca,Y,N,
PSIG,PS International Group Ltd. - Ordinary Shares,Q,Nasdaq,N,N,N
PSIL,AdvisorShares Psychedelics ETF,P,NYSE Arca,Y,N,
PSIX,"Power Solutions International, Inc. - Common Stock",Q,Nasdaq,N,N,N
PSK,State Street SPDR ICE Preferred Securities ETF,P,NYSE Arca,Y,N,
PSKY,Paramount Skydance Corporation - Class B Common Stock,Q,Nasdaq,N,N,N
PSL,Invesco Dorsey Wright Consumer Staples Momentum ETF,Q,Nasdaq,Y,N,N
PSLV,Sprott Physical Silver Trust ETV,P,NYSE Arca,Y,N,
PSMD,Pacer Swan SOS Moderate (January) ETF,Z,Cboe BZX,Y,N,
PSMJ,Pacer Swan SOS Moderate (July) ETF,Z,Cboe BZX,Y,N,
PSMO,Pacer Swan SOS Moderate (October) ETF,Z,Cboe BZX,Y,N,
PSMR,Pacer Swan SOS Moderate (April) ETF,Z,Cboe BZX,Y,N,
PSMT,"PriceSmart, Inc. - Common Stock",Q,Nasdaq,N,N,N
PSN,Parsons Corporation Common Stock,N,NYSE,N,N,
PSNL,"Personalis, Inc. - Common Stock",Q,Nasdaq,N,N,N
PSNY,Polestar Automotive Holding UK Limited - Class A ADS,Q,Nasdaq,N,N,N
PSNYW,Polestar Automotive Holding UK Limited - Class C-1 ADS (ADW),Q,Nasdaq,N,N,N
PSO,"Pearson, Plc Common Stock",N,NYSE,N,N,
PSP,Invesco Global Listed Private Equity ETF,P,NYSE Arca,Y,N,
PSQ,ProShares Short QQQ,P,NYSE Arca,Y,N,
PSQA,Palmer Square CLO Senior Debt ETF,P,NYSE Arca,Y,N,
PSQH,"PSQ Holdings, Inc. Class A Common Stock",N,NYSE,N,N,
PSQH.W,"PSQ Holdings, Inc. Warrants, each exercisable for one share of Class A common stock at an exercise price of $11.50 per share",N,NYSE,N,N,
PSQO,Palmer Square Credit Opportunities ETF,P,NYSE Arca,Y,N,
PSR,Invesco Active U.S. Real Estate Fund,P,NYSE Arca,Y,N,
PST,ProShares UltraShort Lehman 7-10 Year Treasury,P,NYSE Arca,Y,N,
PSTL,"Postal Realty Trust, Inc. Class A Common Stock",N,NYSE,N,N,
PSTP,Innovator Power Buffer Step-Up Strategy ETF,P,NYSE Arca,Y,N,
PSTR,PeakShares Sector Rotation ETF,Q,Nasdaq,Y,N,N
PSTV,"PLUS THERAPEUTICS, Inc. - Common Stock",Q,Nasdaq,N,N,N
PSUS,"Pershing Square USA, Ltd. Common Shares",N,NYSE,N,N,
PSWD,Xtrackers Cybersecurity Select Equity ETF,Q,Nasdaq,Y,N,N
PSX,Phillips 66 Common Stock,N,NYSE,N,N,
PTA,Cohen & Steers Tax-Advantaged Preferred Securities and Income Fund Common Shares of Beneficial Interest,N,NYSE,N,N,
PTAC,Patriot Acquisition Corp. - Class A Ordinary Shares,Q,Nasdaq,N,N,N
PTACU,Patriot Acquisition Corp. - Units,Q,Nasdaq,N,N,N
PTACW,Patriot Acquisition Corp. - Warrants,Q,Nasdaq,N,N,N
PTBD,Pacer Trendpilot US Bond ETF,P,NYSE Arca,Y,N,
PTC,PTC Inc. - Common Stock,Q,Nasdaq,N,N,N
PTCT,"PTC Therapeutics, Inc. - Common Stock",Q,Nasdaq,N,N,N
PTEN,"Patterson-UTI Energy, Inc. - Common Stock",Q,Nasdaq,N,N,N
PTEU,Pacer TrendpilotTM European Index ETF,Z,Cboe BZX,Y,N,
PTF,Invesco Dorsey Wright Technology Momentum ETF,Q,Nasdaq,Y,N,N
PTGX,"Protagonist Therapeutics, Inc. - Common Stock",Q,Nasdaq,N,N,N
PTH,Invesco Dorsey Wright Healthcare Momentum ETF,Q,Nasdaq,Y,N,N
PTHS,Pelthos Therapeutics Inc. Common Stock,A,NYSE American,N,N,
PTIN,Pacer Trendpilot International ETF,P,NYSE Arca,Y,N,
PTIR,GraniteShares 2x Long PLTR Daily ETF,Q,Nasdaq,Y,N,N
PTL,Inspire 500 ETF,P,NYSE Arca,Y,N,
PTLC,Pacer Trendpilot US Large Cap ETF,Z,Cboe BZX,Y,N,
PTLE,PTL LTD - Class A Ordinary Shares,Q,Nasdaq,N,N,N
PTLO,Portillo's Inc. - Class A Common Stock,Q,Nasdaq,N,N,N
PTMC,Pacer Trendpilot US Mid Cap ETF,Z,Cboe BZX,Y,N,
PTN,"Palatin Technologies, Inc. - Common Stock",Q,Nasdaq,N,N,N
PTNM,Pitanium Limited - Class A Ordinary Shares,Q,Nasdaq,N,N,N
PTNQ,Pacer Trendpilot 100 ETF,Q,Nasdaq,Y,N,N
PTNT,Corgi IP Licensing & Royalties ETF,Z,Cboe BZX,Y,N,
PTON,"Peloton Interactive, Inc. - Common Stock",Q,Nasdaq,N,N,N
PTOR,Praetorian Acquisition Corp. - Class A Ordinary Shares,Q,Nasdaq,N,N,N
PTORU,Praetorian Acquisition Corp. - Units,Q,Nasdaq,N,N,N
PTORW,Praetorian Acquisition Corp. - Warrant,Q,Nasdaq,N,N,N
PTRB,PGIM Total Return Bond ETF,P,NYSE Arca,Y,N,
PTRN,Pattern Group Inc. - Series A Common Stock,Q,Nasdaq,N,N,N
PTY,Pimco Corporate & Income Opportunity Fund,N,NYSE,N,N,
PUBM,"PubMatic, Inc. - Class A Common Stock",Q,Nasdaq,N,N,N
PUI,Invesco Dorsey Wright Utilities Momentum ETF,Q,Nasdaq,Y,N,N
PUK,Prudential Public Limited Company Common Stock,N,NYSE,N,N,
PUL,GraniteShares 2x Long P Daily ETF,Q,Nasdaq,Y,N,N
PULM,"Pulmatrix, Inc. - Common Stock",Q,Nasdaq,N,N,N
PULS,PGIM Ultra Short Bond ETF,P,NYSE Arca,Y,N,
PUMP,ProPetro Holding Corp. Common Stock,N,NYSE,N,N,
PUR,Defiance Daily Target 2X Long PURR ETF,Q,Nasdaq,Y,N,N
PURR,Hyperliquid Strategies Inc - Common Stock,Q,Nasdaq,N,N,N
PUSA,Aureus Greenway Holdings Inc. - Common Stock,Q,Nasdaq,N,N,N
PUSH,PGIM Ultra Short Municipal Bond ETF,P,NYSE Arca,Y,N,
PVAL,Putnam Focused Large Cap Value ETF,P,NYSE Arca,Y,N,
PVEX,TrueShares ConVex Protect ETF,Z,Cboe BZX,Y,N,
PVH,PVH Corp. Common Stock,N,NYSE,N,N,
PVI,Invesco Floating Rate Municipal Income ETF,P,NYSE Arca,Y,N,
PVL,Permianville Royalty Trust Units of Beneficial Interest,N,NYSE,N,N,
PVLA,"Palvella Therapeutics, Inc. - Common Stock",Q,Nasdaq,N,N,N
PW,Power REIT (MD) Common Stock,A,NYSE American,N,N,
PW$A,Power REIT 7.75% Series A Cumulative Perpetual Preferred Stock,A,NYSE American,N,N,
PWB,Invesco Large Cap Growth ETF,P,NYSE Arca,Y,N,
PWER,Nomura Energy Transition ETF,P,NYSE Arca,Y,N,
PWP,Perella Weinberg Partners - Class A Common Stock,Q,Nasdaq,N,N,N
PWR,"Quanta Services, Inc. Common Stock",N,NYSE,N,N,
PWRD,TCW Transform Systems ETF,Q,Nasdaq,Y,N,N
PWRL,Powerlaw Corp. - Common Stock,Q,Nasdaq,N,N,N
PWRZ,TrueShares Eagle Global Renewable Energy Income ETF,Z,Cboe BZX,Y,N,
PWS,Pacer WealthShield ETF,Z,Cboe BZX,Y,N,
PWV,Invesco Large Cap Value ETF,P,NYSE Arca,Y,N,
PWZ,Invesco California AMT-Free Municipal Bond Portfolio,P,NYSE Arca,Y,N,
PXE,Invesco Energy Exploration & Production ETF,P,NYSE Arca,Y,N,
PXED,"Phoenix Education Partners, Inc. Common Stock",N,NYSE,N,N,
PXF,Invesco RAFI Developed Markets ex-U.S. ETF,P,NYSE Arca,Y,N,
PXH,Invesco RAFI Emerging Markets ETF,P,NYSE Arca,Y,N,
PXI,Invesco Dorsey Wright Energy Momentum ETF,Q,Nasdaq,Y,N,N
PXJ,Invesco Oil & Gas Services ETF,P,NYSE Arca,Y,N,
PXLW,"Pixelworks, Inc. - Common Stock",Q,Nasdaq,N,N,N
PXS,Pyxis Tankers Inc. - Common Stock,Q,Nasdaq,N,N,N
PY,Principal Value ETF,Q,Nasdaq,Y,N,N
PYLD,PIMCO Multisector Bond Active Exchange-Traded Fund,P,NYSE Arca,Y,N,
PYPD,PolyPid Ltd. - Ordinary Shares,Q,Nasdaq,N,N,N
PYPG,Leverage Shares 2X Long PYPL Daily ETF,Q,Nasdaq,Y,N,N
PYPL,"PayPal Holdings, Inc. - Common Stock",Q,Nasdaq,N,N,N
PYPU,Direxion Daily PYPL Bull 2X ETF,P,NYSE Arca,Y,N,
PYPY,YieldMax PYPL Option Income Strategy ETF,P,NYSE Arca,Y,N,
PYT,PPlus Tr GSC-2 Tr Ctf Fltg Rate,N,NYSE,N,N,
PYXS,"Pyxis Oncology, Inc. - Common Stock",Q,Nasdaq,N,N,N
PYZ,Invesco Dorsey Wright Basic Materials Momentum ETF,Q,Nasdaq,Y,N,N
PZA,Invesco National AMT-Free Municipal Bond ETFo,P,NYSE Arca,Y,N,
PZG,Paramount Gold Nevada Corp. Common Stock,A,NYSE American,N,N,
PZIV,Pzena International Value ETF,P,NYSE Arca,Y,N,
PZLV,Pzena U.S. Large Cap Value ETF,P,NYSE Arca,Y,N,
PZT,Invesco New York AMT-Free Municipal Bond ETF,P,NYSE Arca,Y,N,
PZZA,"Papa John's International, Inc. - Common Stock",Q,Nasdaq,N,N,N
Q,"Qnity Electronics, Inc. Common Stock",N,NYSE,N,N,
QABA,First Trust NASDAQ ABA Community Bank Index Fund,Q,Nasdaq,Y,N,N
QADR,QDRO Acquisition Corp. - Class A Ordinary Shares,Q,Nasdaq,N,N,N
QADRU,QDRO Acquisition Corp. - Units,Q,Nasdaq,N,N,N
QADRW,QDRO Acquisition Corp. - Warrant,Q,Nasdaq,N,N,N
QAI,NYLI Hedge Multi-Strategy Tracker ETF,P,NYSE Arca,Y,N,
QALT,SEI DBi Multi-Strategy Alternative ETF,Q,Nasdaq,Y,N,N
QARP,Xtrackers Russell 1000 US Quality at a Reasonable Price ETF ETF,P,NYSE Arca,Y,N,
QAT,iShares MSCI Qatar ETF,Q,Nasdaq,Y,N,N
QB,ProShares Nasdaq-100 Dynamic Buffer ETF,Q,Nasdaq,Y,N,N
QBER,TrueShares Quarterly Bear Hedge ETF,Z,Cboe BZX,Y,N,
QBF,Innovator Uncapped Bitcoin 20 Floor ETF - Quarterly,Z,Cboe BZX,Y,N,
QBIF,AllianzIM International Equity Buffer15 ETF,Z,Cboe BZX,Y,N,
QBIG,Invesco Top QQQ ETF,Q,Nasdaq,Y,N,N
QBIV,AllianzIM International Equity Buffer5 ETF,Z,Cboe BZX,Y,N,
QBKF,AllianzIM U.S. Small Cap Buffer15 ETF,Z,Cboe BZX,Y,N,
QBKV,AllianzIM U.S. Small Cap Buffer5 ETF,Z,Cboe BZX,Y,N,
QBQF,AllianzIM Growth-100 Buffer15 ETF,Z,Cboe BZX,Y,N,
QBQV,AllianzIM Growth-100 Buffer5 ETF,Z,Cboe BZX,Y,N,
QBSF,AllianzIM U.S. Equity Buffer15 ETF,Z,Cboe BZX,Y,N,
QBSV,AllianzIM U.S Equity Buffer5 ETF,Z,Cboe BZX,Y,N,
QBTS,D-Wave Quantum Inc. Common Shares,N,NYSE,N,N,
QBTX,Tradr 2X Long QBTS Daily ETF,Z,Cboe BZX,Y,N,
QBTZ,Defiance Daily Target 2x Short QBTS ETF,Q,Nasdaq,Y,N,N
QBUF,Innovator Nasdaq-100 10 Buffer ETF Quarterly,Q,Nasdaq,Y,N,N
QBUL,TrueShares Quarterly Bull Hedge ETF,Z,Cboe BZX,Y,N,
QBY,GraniteShares YieldBoost QBTS ETF,Q,Nasdaq,Y,N,N
QCAP,FT Vest Nasdaq-100 Conservative Buffer ETF - April,Z,Cboe BZX,Y,N,
QCJA,FT Vest Nasdaq-100 Conservative Buffer ETF - January,Z,Cboe BZX,Y,N,
QCJL,FT Vest Nasdaq-100 Conservative Buffer ETF - July,Z,Cboe BZX,Y,N,
QCLN,First Trust NASDAQ Clean Edge Green Energy Index Fund,Q,Nasdaq,Y,N,N
QCLR,Global X NASDAQ 100 Collar 95-110 ETF,Q,Nasdaq,Y,N,N
QCLS,"Q/C Technologies, Inc. - Common Stock",Q,Nasdaq,N,N,N
QCMD,Direxion Daily QCOM Bear 1X ETF,Q,Nasdaq,Y,N,N
QCML,GraniteShares 2x Long QCOM Daily ETF,Q,Nasdaq,Y,N,N
QCMU,Direxion Daily QCOM Bull 2X ETF,Q,Nasdaq,Y,N,N
QCOC,FT Vest Nasdaq-100 Conservative Buffer ETF - October,Z,Cboe BZX,Y,N,
QCOM,QUALCOMM Incorporated - Common Stock,Q,Nasdaq,N,N,N
QCRH,"QCR Holdings, Inc. - Common Stock",Q,Nasdaq,N,N,N
QDEC,FT Vest Nasdaq-100 Buffer ETF - December,Z,Cboe BZX,Y,N,
QDEF,FlexShares Quality Dividend Defensive Index Fund,P,NYSE Arca,Y,N,
QDEL,QuidelOrtho Corporation - Common Stock,Q,Nasdaq,N,N,N
QDF,FlexShares Quality Dividend Index Fund,P,NYSE Arca,Y,N,
QDIV,Global X S&P 500 Quality Dividend ETF,P,NYSE Arca,Y,N,
QDPL,Pacer Metaurus US Large Cap Dividend Multiplier 400 ETF,P,NYSE Arca,Y,N,
QDTE,Roundhill Innovation-100 0DTE Covered Call Strategy ETF,Z,Cboe BZX,Y,N,
QDTY,YieldMax Nasdaq 100 0DTE Covered Call Strategy ETF,Q,Nasdaq,Y,N,N
QDVO,Amplify CWP Growth & Income ETF,P,NYSE Arca,Y,N,
QEFA,State Street SPDR MSCI EAFE StrategicFactors ETF,P,NYSE Arca,Y,N,
QEMM,State Street SPDR MSCI Emerging Markets StrategicFactors ETF,P,NYSE Arca,Y,N,
QETA,Quetta Acquisition Corporation - Common Stock,Q,Nasdaq,N,N,D
QETAR,Quetta Acquisition Corporation - Right,Q,Nasdaq,N,N,N
QETAU,Quetta Acquisition Corporation - Unit,Q,Nasdaq,N,N,N
QETH,Invesco Galaxy Ethereum ETF,Z,Cboe BZX,Y,N,
QEW,Invesco QQQ Equal Weight ETF,Q,Nasdaq,Y,N,N
QFF,Qualivian Focus Fund ETF,Q,Nasdaq,Y,N,N
QFHD,Pacer S&P 500 Quality FCF High Dividend ETF,Z,Cboe BZX,Y,N,
QFIN,"Qfin Holdings, Inc.  - American Depositary Shares",Q,Nasdaq,N,N,N
QFLR,Innovator Nasdaq-100 Managed Floor ETF,P,NYSE Arca,Y,N,
QFRD,Pacer S&P 500 Quality FCF R&D Leaders,Z,Cboe BZX,Y,N,
QGEN,Qiagen N.V. Common Shares,N,NYSE,N,N,
QGRD,Horizon Nasdaq-100 Defined Risk ETF,Q,Nasdaq,Y,N,N
QGRO,American Century U.S. Quality Growth ETF,P,NYSE Arca,Y,N,
QGRW,WisdomTree U.S. Quality Growth Fund,P,NYSE Arca,Y,N,
QH,Quhuo Limited - American Depository Shares,Q,Nasdaq,N,N,N
QHY,WisdomTree U.S. High Yield Corporate Bond Fund,Z,Cboe BZX,Y,N,
QID,ProShares UltraShort QQQ,P,NYSE Arca,Y,N,
QIDX,Indexperts Quality Earnings Focused ETF,P,NYSE Arca,Y,N,
QIG,WisdomTree U.S. Corporate Bond Fund,Z,Cboe BZX,Y,N,
QINT,American Century Quality Diversified International ETF,P,NYSE Arca,Y,N,
QIS,Simplify Multi-QIS Alternative ETF,P,NYSE Arca,Y,N,
QJL,Corgi Growth & Technology 10% Structured Buffer ETF - July Series,Z,Cboe BZX,Y,N,
QJN,Corgi Growth & Technology 10% Structured Buffer ETF - June Series,Z,Cboe BZX,Y,N,
QJUN,FT Vest Nasdaq-100 Buffer ETF - June,Z,Cboe BZX,Y,N,
QLC,FlexShares US Quality Large Cap Index Fund,Z,Cboe BZX,Y,N,
QLD,ProShares Ultra QQQ,P,NYSE Arca,Y,N,
QLDY,Defiance Nasdaq 100 LightningSpread Income ETF,Q,Nasdaq,Y,N,N
QLEP,Quantum Leap Acquisition Corp Class A Ordinary Shares,N,NYSE,N,N,
QLEP.W,"Quantum Leap Acquisition Corp Warrants, each whole warrant exercisable for one Class A Ordinary Share at an exercise price of $11.50 per share",N,NYSE,N,N,
QLTA,iShares Aaa A Rated Corporate Bond ETF,P,NYSE Arca,Y,N,
QLTI,GMO International Quality ETF,P,NYSE Arca,Y,N,
QLTY,GMO U.S. Quality ETF,P,NYSE Arca,Y,N,
QLV,FlexShares US Quality Low Volatility Index Fund,P,NYSE Arca,Y,N,
QLVD,FlexShares Developed Markets ex-US Quality Low Volatility Index Fund,P,NYSE Arca,Y,N,
QLVE,FlexShares Emerging Markets  Quality Low Volatility Index Fund,P,NYSE Arca,Y,N,
QLYS,"Qualys, Inc. - Common Stock",Q,Nasdaq,N,N,N
QMAG,FT Vest Nasdaq-100 Moderate Buffer ETF - August,Z,Cboe BZX,Y,N,
QMAR,FT Vest Nasdaq-100 Buffer ETF - March,Z,Cboe BZX,Y,N,
QMCO,Quantum Corporation - Common Stock,Q,Nasdaq,N,N,N
QMFE,FT Vest Nasdaq-100 Moderate Buffer ETF - February,Z,Cboe BZX,Y,N,
QMID,WisdomTree U.S. MidCap Quality Growth Fund,Q,Nasdaq,Y,N,N
QMMM,QMMM Holdings Limited - Class A Ordinary Shares,Q,Nasdaq,N,N,H
QMMY,FT Vest Nasdaq-100 Moderate Buffer ETF - May,Z,Cboe BZX,Y,N,
QMNV,FT Vest Nasdaq-100 Moderate Buffer ETF - November,Z,Cboe BZX,Y,N,
QMOM,Alpha Architect U.S. Quantitative Momentum ETF,Q,Nasdaq,Y,N,N
QMY,Corgi Growth & Technology 10% Structured Buffer ETF - May Series,Z,Cboe BZX,Y,N,
QNC,Quantum eMotion Corp. Common Shares,A,NYSE American,N,N,
QNCX,"Quince Therapeutics, Inc. - Common Stock",Q,Nasdaq,N,N,N
QNDX,State Street SPDR Portfolio Nasdaq 100 ETF,Q,Nasdaq,Y,N,N
QNRX,"Quoin Pharmaceuticals, Ltd. - American Depositary Shares",Q,Nasdaq,N,N,N
QNST,"QuinStreet, Inc. - Common Stock",Q,Nasdaq,N,N,N
QNT,Quantinuum Inc. - Class A Common Stock,Q,Nasdaq,N,N,N
QNTM,Quantum Biopharma Ltd. - Class B Subordinate Voting Shares,Q,Nasdaq,N,N,N
QNTU,Tradr 2X Long QNT Daily ETF,Z,Cboe BZX,Y,N,
QNXT,iShares Nasdaq-100 ex Top 30 ETF,Q,Nasdaq,Y,N,N
QOWZ,Invesco Nasdaq Free Cash Flow Achievers ETF,Q,Nasdaq,Y,N,N
QPUX,Defiance 2X Daily Long Pure Quantum ETF,Q,Nasdaq,Y,N,N
QPX,AdvisorShares Q Dynamic Growth ETF,P,NYSE Arca,Y,N,
QQA,Invesco QQQ Income Advantage ETF,Q,Nasdaq,Y,N,N
QQDN,ProShares UltraShort QQQ Mega,Q,Nasdaq,Y,N,N
QQEW,First Trust Nasdaq-100 Select Equal Weight ETF,Q,Nasdaq,Y,N,N
QQH,HCM Defender 100 Index ETF,P,NYSE Arca,Y,N,
QQHG,Invesco QQQ Hedged Advantage ETF,Q,Nasdaq,Y,N,N
QQJL,Corgi Growth & Technology 15% Structured Buffer ETF - July Series,Z,Cboe BZX,Y,N,
QQJN,Corgi Growth & Technology 15% Structured Buffer ETF - June Series,Z,Cboe BZX,Y,N,
QQLV,Invesco QQQ Low Volatility ETF,Q,Nasdaq,Y,N,N
QQMG,Invesco ESG NASDAQ 100 ETF,Q,Nasdaq,Y,N,N
QQMY,Corgi Growth & Technology 15% Structured Buffer ETF - May Series,Z,Cboe BZX,Y,N,
QQQ,"Invesco QQQ Trust, Series 1",Q,Nasdaq,Y,N,N
QQQA,ProShares Nasdaq-100 Dorsey Wright Momentum ETF,Q,Nasdaq,Y,N,N
QQQD,Direxion Daily Magnificent 7 Bear 1X ETF,P,NYSE Arca,Y,N,
QQQE,Direxion NASDAQ-100 Equal Weighted Index ETF,Q,Nasdaq,Y,N,N
QQQG,Pacer Nasdaq 100 Top 50 Cash Cows Growth Leaders ETF,Q,Nasdaq,Y,N,N
QQQH,NEOS Nasdaq-100 Hedged Equity Income ETF,Q,Nasdaq,Y,N,N
QQQI,NEOS Nasdaq 100 High Income ETF,Q,Nasdaq,Y,N,N
QQQJ,Invesco NASDAQ Next Gen 100 ETF,Q,Nasdaq,Y,N,N
QQQM,Invesco NASDAQ 100 ETF,Q,Nasdaq,Y,N,N
QQQP,Tradr 2X Long Innovation 100 Quarterly ETF,Q,Nasdaq,Y,N,N
QQQS,Invesco NASDAQ Future Gen 200 ETF,Q,Nasdaq,Y,N,N
QQQT,Defiance Nasdaq 100 Income Target ETF,Q,Nasdaq,Y,N,N
QQQU,Direxion Daily Magnificent 7 Bull 2X ETF,P,NYSE Arca,Y,N,
QQQX,Nuveen NASDAQ 100 Dynamic Overwrite Fund - Closed End Fund,Q,Nasdaq,N,N,N
QQQY,Defiance Nasdaq 100 Weekly Distribution ETF,Q,Nasdaq,Y,N,N
QQUP,ProShares Ultra QQQ Mega,Q,Nasdaq,Y,N,N
QQWZ,Pacer Cash COWZ 100-Nasdaq 100 Rotator ETF,Q,Nasdaq,Y,N,N
QQXL,ProShares Ultra QQQ Top 30,Q,Nasdaq,Y,N,N
QQXT,First Trust NASDAQ-100 Ex-Technology Sector Index Fund,Q,Nasdaq,Y,N,N
QRED,QuasarEdge Acquisition Corporation Ordinary Shares,N,NYSE,N,N,
QRED.R,QuasarEdge Acquisition Corporation Rights to receive one-fourth (1/4) of one Ordinary Share,N,NYSE,N,N,
QRED.U,"QuasarEdge Acquisition Corporation Units, each consisting of one Ordinary Share and one right entitling the holder to receive one-fourth (1/4) of one Ordinary Share",N,NYSE,N,N,
QRFT,QRAFT AI-Enhanced U.S. Large Cap ETF,P,NYSE Arca,Y,N,
QRHC,Quest Resource Holding Corporation - Common Stock,Q,Nasdaq,N,N,N
QRMI,Global X NASDAQ 100 Risk Managed Income ETF,Q,Nasdaq,Y,N,N
QRVO,"Qorvo, Inc. - Common Stock",Q,Nasdaq,N,N,N
QS,QuantumScape Corporation - Common Stock,Q,Nasdaq,N,N,N
QSEA,Quartzsea Acquisition Corporation - Ordinary Shares,Q,Nasdaq,N,N,N
QSEAR,Quartzsea Acquisition Corporation - Rights,Q,Nasdaq,N,N,N
QSEAU,Quartzsea Acquisition Corporation - Units,Q,Nasdaq,N,N,N
QSI,Quantum-Si Incorporated - Class A Common Stock,Q,Nasdaq,N,N,N
QSIG,WisdomTree U.S. Short Term Corporate Bond Fund,Z,Cboe BZX,Y,N,
QSIX,Pacer Metaurus Nasdaq 100 Dividend Multiplier 600 ETF,Q,Nasdaq,Y,N,N
QSML,WisdomTree U.S. SmallCap Quality Growth Fund,Q,Nasdaq,Y,N,N
QSOL,Invesco Galaxy Solana ETF,Z,Cboe BZX,Y,N,
QSPT,FT Vest Nasdaq-100 Buffer ETF - September,Z,Cboe BZX,Y,N,
QSR,Restaurant Brands International Inc. Common Shares,N,NYSE,N,N,
QSU,Defiance Daily Target 2X Long QS ETF,P,NYSE Arca,Y,N,
QTAC,Q3 All-Season Tactical Advantage ETF,Z,Cboe BZX,Y,N,
QTAP,Innovator Growth Accelerated Plus ETF - April,Z,Cboe BZX,Y,N,
QTEC,First Trust NASDAQ-100-Technology Sector Index Fund,Q,Nasdaq,Y,N,N
QTEX,QTREX Quantum Ltd. - Ordinary Shares,Q,Nasdaq,N,N,N
QTEXW,QTREX Quantum Ltd. - Warrant,Q,Nasdaq,N,N,N
QTI,"QT Imaging Holdings, Inc. - Common Stock",Q,Nasdaq,N,N,N
QTJA,Innovator Growth Accelerated Plus ETF - January,Z,Cboe BZX,Y,N,
QTJL,Innovator Growth Accelerated Plus ETF - July,Z,Cboe BZX,Y,N,
QTOC,Innovator Growth Accelerated Plus ETF - October,Z,Cboe BZX,Y,N,
QTOP,iShares Nasdaq Top 30 Stocks ETF,Q,Nasdaq,Y,N,N
QTPI,North Square RCIM Tax-Advantaged Preferred and Income Securities ETF,P,NYSE Arca,Y,N,
QTR,Global X NASDAQ 100 Tail Risk ETF,Q,Nasdaq,Y,N,N
QTRX,Quanterix Corporation - Common Stock,Q,Nasdaq,N,N,N
QTTB,Q32 Bio Inc. - Common Stock,Q,Nasdaq,N,N,N
QTUM,Defiance Quantum ETF,Q,Nasdaq,Y,N,N
QTUP,Defiance Long Pure Quantum ETF,Z,Cboe BZX,Y,N,
QTWO,"Q2 Holdings, Inc. Common Stock",N,NYSE,N,N,
QUA,Corgi QBTS 2x Daily ETF,Z,Cboe BZX,Y,N,
QUAD,"Quad Graphics, Inc Class A Common Stock",N,NYSE,N,N,
QUAL,iShares MSCI USA Quality Factor ETF,Z,Cboe BZX,Y,N,
QUBT,Quantum Computing Inc. - Common Stock,Q,Nasdaq,N,N,N
QUBX,Tradr 2X Long QUBT Daily ETF,Z,Cboe BZX,Y,N,
QUCY,Quantum Cyber N.V. - Ordinary Shares,Q,Nasdaq,N,N,N
QUIK,QuickLogic Corporation - Common Stock,Q,Nasdaq,N,N,N
QUIZ,Zacks Quality International ETF,P,NYSE Arca,Y,N,
QULL,ETRACS 2x Leveraged MSCI US Quality Factor TR ETN,P,NYSE Arca,Y,N,
QUMS,Quantumsphere Acquisition Corp. - Ordinary Shares,Q,Nasdaq,N,N,N
QUMSR,Quantumsphere Acquisition Corp. - Rights,Q,Nasdaq,N,N,N
QUMSU,Quantumsphere Acquisition Corp. - Units,Q,Nasdaq,N,N,N
QURE,uniQure N.V. - Ordinary Shares,Q,Nasdaq,N,N,N
QUS,State Street SPDR MSCI USA StrategicFactors ETF,P,NYSE Arca,Y,N,
QUSA,VistaShares Target 15 USA Quality Income ETF,P,NYSE Arca,Y,N,
QVAL,Alpha Architect U.S. Quantitative Value ETF,Q,Nasdaq,Y,N,N
QVML,Invesco S&P 500 QVM Multi-factor ETF,P,NYSE Arca,Y,N,
QVMM,Invesco S&P MidCap 400 QVM Multi-factor ETF,P,NYSE Arca,Y,N,
QVMS,Invesco S&P SmallCap 600 QVM Multi-factor ETF,P,NYSE Arca,Y,N,
QVMT,Invesco S&P 500 Concentrated QVM ETF,P,NYSE Arca,Y,N,
QVOL,Infrastructure Capital Nasdaq Option Income ETF,Q,Nasdaq,Y,N,N
QVOY,Q3 Active Rotation ETF,Z,Cboe BZX,Y,N,
QWLD,State Street SPDR MSCI World StrategicFactors ETF,P,NYSE Arca,Y,N,
QXL,Quantum X Labs Inc. - Common Stock,Q,Nasdaq,N,N,N
QXO,"QXO, Inc. Common Stock",N,NYSE,N,N,
QXO$B,"QXO, Inc.  Depositary Shares, each representing a 1/20th interest in a share of 5.50% Series B Mandatory Convertible Preferred Stock",N,NYSE,N,N,
QXQ,SGI Enhanced Nasdaq-100 ETF,Q,Nasdaq,Y,N,N
QYLD,Global X NASDAQ 100 Covered Call ETF,Q,Nasdaq,Y,N,N
QYLG,Global X Nasdaq 100 Covered Call & Growth ETF,Q,Nasdaq,Y,N,N
R,"Ryder System, Inc. Common Stock",N,NYSE,N,N,
RA,Brookfield Real Assets Income Fund Inc. Common Stock,N,NYSE,N,N,
RAA,SMI 3Fourteen REAL Asset Allocation ETF,Q,Nasdaq,Y,N,N
RAAA,Reckoner Yield Enhanced AAA CLO ETF,P,NYSE Arca,Y,N,
RAAR,Reckoner Yield Enhanced AAA CLO Reinvesting ETF,P,NYSE Arca,Y,N,
RAAX,VanEck Real Assets ETF,P,NYSE Arca,Y,N,
RAAY,Reckoner Yield Enhanced AAA CLO Annual ETF,P,NYSE Arca,Y,N,
RAC,Rithm Acquisition Corp. Class A Ordinary Shares,N,NYSE,N,N,
RAC.U,Rithm Acquisition Corp. Units (each consists of one Class A Ordinary Share and one-third of one redeemable Warrant),N,NYSE,N,N,
RAC.W,"Rithm Acquisition Corp. Redeemable warrants, each whole warrant exercisable for one Class A ordinary share at an exercise price of $11.50",N,NYSE,N,N,
RACC,Research Alliance Corporation III - Class A Ordinary Shares,Q,Nasdaq,N,N,N
RACD,Research Alliance Corporation IV - Class A Ordinary Shares,Q,Nasdaq,N,N,N
RACE,Ferrari N.V. Common Shares,N,NYSE,N,N,
RACK,VanEck Data Center Supply Chain ETF,Z,Cboe BZX,Y,N,
RADX,Radiopharm Theranostics Limited - American Depositary Shares,Q,Nasdaq,N,N,N
RAFE,PIMCO RAFI ESG U.S. ETF,P,NYSE Arca,Y,N,
RAIL,"Freightcar America, Inc. - Common Stock",Q,Nasdaq,N,N,N
RAIN,"Rain Enhancement Technologies Holdco, Inc. - Class A Common Stock",Q,Nasdaq,N,N,D
RAINW,"Rain Enhancement Technologies Holdco, Inc. - Warrants",Q,Nasdaq,N,N,D
RAL,Ralliant Corporation Common Stock,N,NYSE,N,N,
RAM,Roundhill T-REX 2X Long DRAM Daily Target ETF,Z,Cboe BZX,Y,N,
RAMP,"LiveRamp Holdings, Inc. Common Stock",N,NYSE,N,N,
RAND,Rand Capital Corporation - Closed End Fund,Q,Nasdaq,N,N,N
RANG,Range Capital Acquisition Corp. - Ordinary Shares,Q,Nasdaq,N,N,N
RANGR,Range Capital Acquisition Corp. - Rights,Q,Nasdaq,N,N,N
RANGU,Range Capital Acquisition Corp. - Units,Q,Nasdaq,N,N,N
RANI,"Rani Therapeutics Holdings, Inc. - Class A Common Stock",Q,Nasdaq,N,N,D
RANK,Defiance KSM TipRanks Analyst ETF,P,NYSE Arca,Y,N,
RAPP,"Rapport Therapeutics, Inc. - Common Stock",Q,Nasdaq,N,N,N
RARE,Ultragenyx Pharmaceutical Inc. - Common Stock,Q,Nasdaq,N,N,N
RAUS,RACWI US ETF,Q,Nasdaq,Y,N,N
RAVE,"Rave Restaurant Group, Inc. - Common Stock",Q,Nasdaq,N,N,N
RAVI,FlexShares Ultra-Short Income Fund,P,NYSE Arca,Y,N,
RAY,Raytech Holding Limited - Ordinary Shares,Q,Nasdaq,N,N,N
RAYA,Erayak Power Solution Group Inc. - Class A Ordinary Shares,Q,Nasdaq,N,N,N
RAYJ,Rayliant SMDAM Japan Equity ETF,P,NYSE Arca,Y,N,
RB,ProShares Russell 2000 Dynamic Buffer ETF,Z,Cboe BZX,Y,N,
RBA,"RB Global, Inc. Common Stock",N,NYSE,N,N,
RBB,RBB Bancorp - Common Stock,Q,Nasdaq,N,N,N
RBBN,Ribbon Communications Inc.  - Common Stock,Q,Nasdaq,N,N,N
RBC,RBC Bearings Incorporated Common Stock,N,NYSE,N,N,
RBCAA,"Republic Bancorp, Inc. - Class A Common Stock",Q,Nasdaq,N,N,N
RBIL,F/m Ultrashort Treasury Inflation-Protected Security (TIPS) ETF,Q,Nasdaq,Y,N,N
RBKB,"Rhinebeck Bancorp, Inc. - Common Stock",Q,Nasdaq,N,N,N
RBLD,First Trust Alerian US NextGen Infrastructure ETF,P,NYSE Arca,Y,N,
RBLU,T-REX 2X Long RBLX Daily Target ETF,Z,Cboe BZX,Y,N,
RBLX,Roblox Corporation Class A Common Stock,N,NYSE,N,N,
RBLY,YieldMax RBLX Option Income Strategy ETF,P,NYSE Arca,Y,N,
RBNE,Robin Energy Ltd. - Common Stock,Q,Nasdaq,N,N,N
RBRK,"Rubrik, Inc. Class A Common Stock",N,NYSE,N,N,
RBUF,Innovator U.S. Small Cap 10 Buffer ETF - Quarterly,Z,Cboe BZX,Y,N,
RC,Ready Capital Corporation Common Stock,N,NYSE,N,N,
RC$C,Ready Capital Corporation 6.25% Series C Cumulative Convertible Preferred Stock,N,NYSE,N,N,
RC$E,Ready Capital Corporation 6.50% Series E Cumulative Redeemable Preferred Stock,N,NYSE,N,N,
RCAT,"Red Cat Holdings, Inc. - Common Stock",Q,Nasdaq,N,N,N
RCAX,Defiance Daily Target 2x Long RCAT ETF,Q,Nasdaq,Y,N,N
RCD,Ready Capital Corporation 9.00% Senior Notes due 2029,N,NYSE,N,N,
RCEL,"Avita Medical, Inc. - Common Stock",Q,Nasdaq,N,N,N
RCG,"RENN Fund, Inc Common Stock",A,NYSE American,N,N,
RCGE,RockCreek Global Equality ETF,Q,Nasdaq,Y,N,N
RCI,"Rogers Communication, Inc. Common Stock",N,NYSE,N,N,
RCKT,"Rocket Pharmaceuticals, Inc. - Common Stock",Q,Nasdaq,N,N,N
RCKTW,"Rocket Pharmaceuticals, Inc. - Warrant",Q,Nasdaq,N,N,N
RCKY,"Rocky Brands, Inc. - Common Stock",Q,Nasdaq,N,N,N
RCL,Royal Caribbean Cruises Ltd. Common Stock,N,NYSE,N,N,
RCLO,Reckoner BBB-B CLO ETF,P,NYSE Arca,Y,N,
RCLR,Reckoner BBB-B CLO Reinvesting ETF,P,NYSE Arca,Y,N,
RCLY,Reckoner BBB-B CLO Annual ETF,P,NYSE Arca,Y,N,
RCMT,"RCM Technologies, Inc. - Common Stock",Q,Nasdaq,N,N,N
RCON,"Recon Technology, Ltd. - Class A Ordinary Shares",Q,Nasdaq,N,N,D
RCS,"PIMCO Strategic Income Fund, Inc.",N,NYSE,N,N,
RCT,RedCloud Holdings plc - Ordinary Shares,Q,Nasdaq,N,N,D
RCTR,First Trust Bloomberg Nuclear Power ETF,P,NYSE Arca,Y,N,
RCUS,"Arcus Biosciences, Inc. Common Stock",N,NYSE,N,N,
RDAC,Rising Dragon Acquisition Corp. - Ordinary Shares,Q,Nasdaq,N,N,N
RDACR,Rising Dragon Acquisition Corp. - Rights,Q,Nasdaq,N,N,N
RDACU,Rising Dragon Acquisition Corp. - Unit,Q,Nasdaq,N,N,N
RDAG,Republic Digital Acquisition Company - Class A Ordinary Shares,Q,Nasdaq,N,N,N
RDAGU,Republic Digital Acquisition Company - Unit,Q,Nasdaq,N,N,N
RDAGW,Republic Digital Acquisition Company - Warrants,Q,Nasdaq,N,N,N
RDCM,Radcom Ltd. - Ordinary Shares,Q,Nasdaq,N,N,N
RDDC,Corgi RDDT 2x Daily ETF,Z,Cboe BZX,Y,N,
RDDT,"Reddit, Inc. Class A Common Stock",N,NYSE,N,N,
RDFI,Rareview Dynamic Fixed Income ETF,Z,Cboe BZX,Y,N,
RDGT,"Ridgetech, Inc. - Ordinary Shares",Q,Nasdaq,N,N,N
RDHL,Redhill Biopharma Ltd. - American Depositary Shares,Q,Nasdaq,N,N,D
RDI,Reading International Inc - Class A Non-voting Common Stock,Q,Nasdaq,N,N,N
RDIB,Reading International Inc - Class B Voting Common Stock,Q,Nasdaq,N,N,N
RDIV,Invesco S&P Ultra Dividend Revenue ETF,P,NYSE Arca,Y,N,
RDN,Radian Group Inc. Common Stock,N,NYSE,N,N,
RDNT,"RadNet, Inc. - Common Stock",Q,Nasdaq,N,N,N
RDNW,"RideNow Group, Inc. - Class B Common Stock",Q,Nasdaq,N,N,N
RDOG,ALPS REIT Dividend Dogs ETF,P,NYSE Arca,Y,N,
RDTE,Roundhill Russell 2000 0DTE Covered Call Strategy ETF,Z,Cboe BZX,Y,N,
RDTL,GraniteShares 2x Long RDDT Daily ETF,Q,Nasdaq,Y,N,N
RDTY,YieldMax R2000 0DTE Covered Strategy ETF,Q,Nasdaq,Y,N,N
RDVI,FT Vest Rising Dividend Achievers Target Income ETF,Z,Cboe BZX,Y,N,
RDVT,"Red Violet, Inc. - Common Stock ",Q,Nasdaq,N,N,N
RDVY,First Trust Rising Dividend Achievers ETF,Q,Nasdaq,Y,N,N
RDW,Redwire Corporation Common Stock,N,NYSE,N,N,
RDWR,Radware Ltd. - Ordinary Shares,Q,Nasdaq,N,N,N
RDWU,T-REX 2X Long RDW Daily Target ETF,Z,Cboe BZX,Y,N,
RDY,Dr. Reddy's Laboratories Ltd Common Stock,N,NYSE,N,N,
RDYY,YieldMax RDDT Option Income Strategy ETF,P,NYSE Arca,Y,N,
RDZN,"Roadzen, Inc. - Ordinary Shares",Q,Nasdaq,N,N,N
RDZNW,"Roadzen, Inc. - Warrants",Q,Nasdaq,N,N,N
REA,"Rare Earths Americas, Inc. Common Stock",A,NYSE American,N,N,
REAI,Intelligent Real Estate ETF,Q,Nasdaq,Y,N,N
REAL,"The RealReal, Inc. - Common Stock",Q,Nasdaq,N,N,N
REAX,"The Real Brokerage, Inc. - Common Shares",Q,Nasdaq,N,N,N
REBN,"Reborn Coffee, Inc. - Common Stock",Q,Nasdaq,N,N,N
RECI,Columbia Research Enhanced Core Premium Income ETF,P,NYSE Arca,Y,N,
RECS,Columbia Research Enhanced Core ETF,P,NYSE Arca,Y,N,
RECT,Rectitude Holdings Ltd - Ordinary Shares,Q,Nasdaq,N,N,N
REED,"Reed's, Inc. Common Stock",A,NYSE American,N,N,
REET,iShares Global REIT ETF,P,NYSE Arca,Y,N,
REFA,Columbia Research Enhanced International Equity ETF,P,NYSE Arca,Y,N,
REFI,"Chicago Atlantic Real Estate Finance, Inc. - Common Stock",Q,Nasdaq,N,N,N
REFR,Research Frontiers Incorporated - Common Stock,Q,Nasdaq,N,N,D
REG,Regency Centers Corporation - Common Stock,Q,Nasdaq,N,N,N
REGCO,Regency Centers Corporation - 5.875% Series B Cumulative Redeemable Preferred Stock,Q,Nasdaq,N,N,N
REGCP,Regency Centers Corporation - 6.25% Series A Cumulative Redeemable Preferred Stock,Q,Nasdaq,N,N,N
REGL,ProShares S&P MidCap 400 Dividend Aristocrats ETF,Z,Cboe BZX,Y,N,
REGN,"Regeneron Pharmaceuticals, Inc. - Common Stock",Q,Nasdaq,N,N,N
REGS,Columbia Large Cap Growth ETF,P,NYSE Arca,Y,N,
REI,"Ring Energy, Inc. Common Stock",A,NYSE American,N,N,
REIT,ALPS Active REIT ETF,Q,Nasdaq,Y,N,N
REK,ProShares Short Real Estate,P,NYSE Arca,Y,N,
REKR,"Rekor Systems, Inc. - Common Stock",Q,Nasdaq,N,N,D
RELL,"Richardson Electronics, Ltd. - Common Stock",Q,Nasdaq,N,N,N
RELX,RELX PLC PLC American Depositary Shares (Each representing One Ordinary Share),N,NYSE,N,N,
RELY,"Remitly Global, Inc. - Common stock",Q,Nasdaq,N,N,N
REM,iShares Mortgage Real Estate ETF,Z,Cboe BZX,Y,N,
REMC,Columbia Research Enhanced Mid Cap ETF,P,NYSE Arca,Y,N,
REMG,Russell Investments Emerging Markets Equity ETF,Q,Nasdaq,Y,N,N
REMX,VanEck Rare Earth and Strategic Metals ETF,P,NYSE Arca,Y,N,
RENT,"Rent the Runway, Inc. - Class A Common Stock",Q,Nasdaq,N,N,N
RENX,RenX Enterprises Corp. - Common Stock,Q,Nasdaq,N,N,N
REPL,"Replimune Group, Inc. - Common Stock",Q,Nasdaq,N,N,N
REPX,"Riley Exploration Permian, Inc. Common Stock",A,NYSE American,N,N,
RERE,ATRenew Inc. American Depositary Shares (every three of which representing two Class A ordinary shares),N,NYSE,N,N,
RES,"RPC, Inc. Common Stock",N,NYSE,N,N,
RESM,Columbia Research Enhanced Small Cap ETF,P,NYSE Arca,Y,N,
RETL,Direxion Daily Retail Bull 3X ETF,P,NYSE Arca,Y,N,
RETO,"ReTo Eco-Solutions, Inc. - Class A Shares",Q,Nasdaq,N,N,N
REVB,"Revelation Biosciences, Inc. - Common Stock",Q,Nasdaq,N,N,N
REVBW,"Revelation Biosciences, Inc. - Warrant",Q,Nasdaq,N,N,N
REVS,Columbia Research Enhanced Value ETF,P,NYSE Arca,Y,N,
REW,ProShares UltraShort Technology,P,NYSE Arca,Y,N,
REX,REX American Resources Corporation,N,NYSE,N,N,
REXC,Sprott Rare Earths Ex-China ETF,Q,Nasdaq,Y,N,N
REXR,"Rexford Industrial Realty, Inc. Common Stock",N,NYSE,N,N,
REXR$B,"Rexford Industrial Realty, Inc. 5.875% Series B Cumulative Redeemable Preferred Stock",N,NYSE,N,N,
REXR$C,"Rexford Industrial Realty, Inc. 5.625% Series C Cumulative Redeemable Preferred Stock, par value $0.01 per share",N,NYSE,N,N,
REYN,Reynolds Consumer Products Inc. - Common Stock,Q,Nasdaq,N,N,N
REZ,iShares Residential and Multisector Real Estate ETF,P,NYSE Arca,Y,N,
REZI,"Resideo Technologies, Inc. Common Stock ",N,NYSE,N,N,
RF,Regions Financial Corporation Common Stock,N,NYSE,N,N,
RF$C,"Regions Financial Corporation Depositary Shares, each Representing a 1/40th Interest in a  Share of 5.700% Fixed-to-Floating Rate Non-Cumulative  Perpetual Preferred Stock, Series C",N,NYSE,N,N,
RF$E,"Regions Financial Corporation Depositary Shares, Each Representing a 1/40th Interest in a Share of 4.45% Non-Cumulative Perpetual Preferred Stock, Series E",N,NYSE,N,N,
RF$F,"Regions Financial Corporation Depositary Shares Each Representing a 1/40th Interest in a Share of Non-Cumulative Perpetual Preferred Stock, Series F",N,NYSE,N,N,
RFAI,RF Acquisition Corp II - Ordinary Shares,Q,Nasdaq,N,N,N
RFAIR,RF Acquisition Corp II - Right,Q,Nasdaq,N,N,N
RFAIU,RF Acquisition Corp II - Unit,Q,Nasdaq,N,N,N
RFAM,RF Acquisition Corp III - Ordinary Shares,Q,Nasdaq,N,N,N
RFAMR,RF Acquisition Corp III - Rights,Q,Nasdaq,N,N,N
RFAMU,RF Acquisition Corp III - Units,Q,Nasdaq,N,N,N
RFCI,ALPS Dynamic Core Income ETF,P,NYSE Arca,Y,N,
RFDA,ALPS Dynamic US Dividend Advantage ETF,P,NYSE Arca,Y,N,
RFDI,First Trust RiverFront Dynamic Developed International ETF,Q,Nasdaq,Y,N,N
RFEM,First Trust RiverFront Dynamic Emerging Markets ETF,Q,Nasdaq,Y,N,N
RFFC,ALPS Active Equity Opportunity ETF,P,NYSE Arca,Y,N,
RFG,Invesco S&P MidCap 400 Pure Growth ETF,P,NYSE Arca,Y,N,
RFI,"Cohen & Steers Total Return Realty Fund, Inc. Common Stock",N,NYSE,N,N,
RFIL,"RF Industries, Ltd. - Common Stock",Q,Nasdaq,N,N,N
RFIX,Simplify Bond Bull ETF,P,NYSE Arca,Y,N,
RFL,"Rafael Holdings, Inc. Class B Common Stock",N,NYSE,N,N,
RFLR,Innovator U.S. Small Cap Managed Floor ETF,P,NYSE Arca,Y,N,
RFM,"RiverNorth Flexible Municipal Income Fund, Inc. Common Stock",N,NYSE,N,N,
RFMZ,"RiverNorth Flexible Municipal Income Fund II, Inc. Common Stock",N,NYSE,N,N,
RFV,Invesco S&P MidCap 400 Pure Value ETF,P,NYSE Arca,Y,N,
RGA,"Reinsurance Group of America, Incorporated Common Stock",N,NYSE,N,N,
RGC,Regencell Bioscience Holdings Limited - Ordinary Shares,Q,Nasdaq,N,N,N
RGCO,RGC Resources Inc. - Common Stock,Q,Nasdaq,N,N,N
RGEF,Rockefeller Global Equity ETF,P,NYSE Arca,Y,N,
RGEN,Repligen Corporation - Common Stock,Q,Nasdaq,N,N,N
RGLD,"Royal Gold, Inc. - Common Stock",Q,Nasdaq,N,N,N
RGLO,Russell Investments Global Equity ETF,Q,Nasdaq,Y,N,N
RGNT,Regentis Biomaterials Ltd. Ordinary Shares,A,NYSE American,N,N,
RGNX,REGENXBIO Inc. - Common Stock,Q,Nasdaq,N,N,N
RGP,"Resources Connection, Inc. - Common Stock",Q,Nasdaq,N,N,N
RGR,"Sturm, Ruger & Company, Inc. Common Stock",N,NYSE,N,N,
RGS,Regis Corporation - Common Stock,Q,Nasdaq,N,N,N
RGT,"Royce Global Trust, Inc. Common Stock",N,NYSE,N,N,
RGTC,Corgi RGTI 2x Daily ETF,Z,Cboe BZX,Y,N,
RGTI,"Rigetti Computing, Inc.  - Common stock",Q,Nasdaq,N,N,N
RGTIW,"Rigetti Computing, Inc.  - Redeemable warrants, each whole warrant exercisable for one Class A ordinary share at an exercise price of $11.50",Q,Nasdaq,N,N,N
RGTU,Tradr 2X Long RGTI Daily ETF,Z,Cboe BZX,Y,N,
RGTX,Defiance Daily Target 2X Long RGTI ETF,Q,Nasdaq,Y,N,N
RGTZ,Defiance Daily Target 2x Short RGTI ETF,Q,Nasdaq,Y,N,N
RGYY,GraniteShares YieldBoost RGTI ETF,Q,Nasdaq,Y,N,N
RH,RH Common Stock,N,NYSE,N,N,
RHI,Robert Half Inc. Common Stock,N,NYSE,N,N,
RHLD,Resolute Holdings Management Common Stock ,N,NYSE,N,N,
RHP,"Ryman Hospitality Properties, Inc. (REIT)",N,NYSE,N,N,
RHRX,RH Tactical Rotation ETF,P,NYSE Arca,Y,N,
RHTX,RH Tactical Outlook ETF,P,NYSE Arca,Y,N,
RIBB,Ribbon Acquisition Corp - Class A Ordinary Shares,Q,Nasdaq,N,N,N
RIBBR,Ribbon Acquisition Corp - Rights,Q,Nasdaq,N,N,N
RIBBU,Ribbon Acquisition Corp - Unit,Q,Nasdaq,N,N,N
RICK,"RCI Hospitality Holdings, Inc. - Common Stock",Q,Nasdaq,N,N,N
RIET,Hoya Capital High Dividend Yield ETF,P,NYSE Arca,Y,N,
RIFR,Russell Investments Global Infrastructure ETF,Q,Nasdaq,Y,N,N
RIG,Transocean Ltd (Switzerland) Common Stock,N,NYSE,N,N,
RIGL,"Rigel Pharmaceuticals, Inc. - Common Stock",Q,Nasdaq,N,N,N
RIGS,ALPS Strategic Income Fund,P,NYSE Arca,Y,N,
RILA,Indexperts Gorilla Aggressive Growth ETF,P,NYSE Arca,Y,N,
RILY,"BRC Group Holdings, Inc. - Common Stock",Q,Nasdaq,N,N,N
RILYG,"BRC Group Holdings, Inc. - 5.00% Senior Notes due 2026",Q,Nasdaq,N,N,N
RILYL,"BRC Group Holdings, Inc. - Depositary Shares, each representing a 1/1000th fractional interest in a share of Series B Cumulative Perpetual Preferred Stock",Q,Nasdaq,N,N,N
RILYN,"BRC Group Holdings, Inc. - 6.50% Senior Notes Due 2026",Q,Nasdaq,N,N,N
RILYP,"BRC Group Holdings, Inc. - Depositary Shares, each representing a 1/1000th fractional interest in a share of Series A Cumulative Perpetual Preferred Stock",Q,Nasdaq,N,N,N
RILYT,"BRC Group Holdings, Inc. - 6.00% Senior Notes Due 2028",Q,Nasdaq,N,N,N
RILYZ,"BRC Group Holdings, Inc. - 5.25% Senior Notes due 2028",Q,Nasdaq,N,N,N
RIME,"Algorhythm Holdings, Inc. - Common Stock",Q,Nasdaq,N,N,D
RINF,ProShares Inflation Expectations ETF,P,NYSE Arca,Y,N,
RING,iShares MSCI Global Gold Miners ETF,Q,Nasdaq,Y,N,N
RINT,Russell Investments International Developed Equity ETF,Q,Nasdaq,Y,N,N
RIO,Rio Tinto Plc Common Stock,N,NYSE,N,N,
RIOT,"Riot Platforms, Inc. - Common Stock",Q,Nasdaq,N,N,N
RIOX,Defiance Daily Target 2X Long RIOT ETF,P,NYSE Arca,Y,N,
RISE,Pictet Emerging Markets Rising Economies ETF,P,NYSE Arca,Y,N,
RISN,Inspire Capital Appreciation ETF,P,NYSE Arca,Y,N,
RISR,FolioBeyond Alternative Income and Interest Rate Hedge ETF,P,NYSE Arca,Y,N,
RITA,ETFB Green SRI REITs ETF,P,NYSE Arca,Y,N,
RITM,Rithm Capital Corp. Common Stock,N,NYSE,N,N,
RITM$A,Rithm Capital Corp. 7.50% Series A Fixed-to-Floating Rate Cumulative Redeemable Preferred Stock,N,NYSE,N,N,
RITM$B,Rithm Capital Corp. 7.125% Series B Fixed-to-Floating Rate Cumulative Redeemable Preferred Stock,N,NYSE,N,N,
RITM$C,Rithm Capital Corp. 6.375% Series C Fixed-to-Floating Rate Cumulative Redeemable Preferred Stock,N,NYSE,N,N,
RITM$D,Rithm Capital Corp. 7.00% Fixed-Rate Reset Series D Cumulative Redeemable Preferred Stock,N,NYSE,N,N,
RITM$E,Rithm Capital Corp. 8.75% Series E Fixed-Rate Cumulative Redeemable Preferred Stock,N,NYSE,N,N,
RITM$F,Rithm Capital Corp. 8.750% Series F Fixed-Rate Reset Cumulative Redeemable Preferred Stock,N,NYSE,N,N,
RITR,Reitar Logtech Holdings Limited - Ordinary shares,Q,Nasdaq,N,N,D
RIV,"RiverNorth Opportunities Fund, Inc. Common Stock",N,NYSE,N,N,
RIV$A,"RiverNorth Opportunities Fund, Inc. 6.00% Series A Perpetual Preferred Stock",N,NYSE,N,N,
RIVC,Corgi RIVN 2x Daily ETF,Z,Cboe BZX,Y,N,
RIVN,"Rivian Automotive, Inc. - Class A Common Stock",Q,Nasdaq,N,N,N
RIZE,Principal Inflation Protection ETF,Z,Cboe BZX,Y,N,
RJDI,RJ Eagle GCM Dividend Select Income ETF,P,NYSE Arca,Y,N,
RJET,Republic Airways Holdings Inc. - Common Stock,Q,Nasdaq,N,N,N
RJF,"Raymond James Financial, Inc. Common Stock",N,NYSE,N,N,
RJMI,RJ Eagle Municipal Income ETF,P,NYSE Arca,Y,N,
RJVI,RJ Eagle Vertical Income ETF,P,NYSE Arca,Y,N,
RKDA,"Arcadia Biosciences, Inc. - Common Stock",Q,Nasdaq,N,N,N
RKLB,Rocket Lab Corporation - Common Stock,Q,Nasdaq,N,N,N
RKLX,Defiance Daily Target 2X Long RKLB ETF,Q,Nasdaq,Y,N,N
RKLZ,Defiance Daily Target 2x Short RKLB ETF,Q,Nasdaq,Y,N,N
RKNG,Defiance Retail Kings ETF,Q,Nasdaq,Y,N,N
RKSG,Ruk Strategic Growth ETF,P,NYSE Arca,Y,N,
RKT,"Rocket Companies, Inc. Class A Common Stock",N,NYSE,N,N,
RKTL,Defiance Daily Target 2X Long RKT ETF,Z,Cboe BZX,Y,N,
RKTO,Rocket One Inc. - Common Stock,Q,Nasdaq,N,N,N
RKX,Corgi RKLB 2x Daily ETF,Z,Cboe BZX,Y,N,
RL,Ralph Lauren Corporation Common Stock,N,NYSE,N,N,
RLAY,"Relay Therapeutics, Inc. - Common Stock",Q,Nasdaq,N,N,N
RLGT,"Radiant Logistics, Inc. Common Stock",A,NYSE American,N,N,
RLI,RLI Corp. Common Stock (DE),N,NYSE,N,N,
RLJ,RLJ Lodging Trust Common Shares of Beneficial Interest $0.01 par value,N,NYSE,N,N,
RLJ$A,RLJ Lodging Trust $1.95 Series A Cumulative Convertible  Preferred Shares,N,NYSE,N,N,
RLMD,"Relmada Therapeutics, Inc. - Common Stock",Q,Nasdaq,N,N,N
RLTY,Cohen & Steers Real Estate Opportunities and Income Fund Common Shares of Beneficial Interest,N,NYSE,N,N,
RLX,"RLX Technology Inc. American Depositary Shares, each representing the right to receive one (1) Class A ordinary share",N,NYSE,N,N,
RLY,State Street Multi-Asset Real Return ETF,P,NYSE Arca,Y,N,
RLYB,Rallybio Corporation - Common Stock,Q,Nasdaq,N,N,N
RM,Regional Management Corp. Common Stock,N,NYSE,N,N,
RMAX,"RE/MAX Holdings, Inc. Class A Common Stock",N,NYSE,N,N,
RMBC,Corgi RMBS 2x Daily ETF,Z,Cboe BZX,Y,N,
RMBI,"Richmond Mutual Bancorporation, Inc. - Common Stock",Q,Nasdaq,N,N,N
RMBS,"Rambus, Inc. - Common Stock",Q,Nasdaq,N,N,N
RMBX,Tradr 2X Long RMBS Daily ETF,Z,Cboe BZX,Y,N,
RMCA,Rockefeller California Municipal Bond ETF,P,NYSE Arca,Y,N,
RMCF,"Rocky Mountain Chocolate Factory, Inc. - Common Stock",Q,Nasdaq,N,N,N
RMCO,Royalty Management Holding Corporation - Class A Common Stock,Q,Nasdaq,N,N,N
RMCOW,Royalty Management Holding Corporation - Warrant,Q,Nasdaq,N,N,N
RMD,ResMed Inc. Common Stock,N,NYSE,N,N,
RMHY,Global X Adaptive Risk Managed Yield ETF,P,NYSE Arca,Y,N,
RMI,"RiverNorth Opportunistic Municipal Income Fund, Inc. Common Stock",N,NYSE,N,N,
RMIF,LHA Risk-Managed Income ETF,Z,Cboe BZX,Y,N,
RMIX,"Suncrete, Inc. - Class A Common Stock",Q,Nasdaq,N,N,N
RMM,"RiverNorth Managed Duration Municipal Income Fund, Inc. Common Stock",N,NYSE,N,N,
RMME,Rareview Government Money Market ETF,Z,Cboe BZX,Y,N,
RMMZ,"RiverNorth Managed Duration Municipal Income Fund II, Inc. Common Stock",N,NYSE,N,N,
RMNI,"Rimini Street, Inc. - Common Stock",Q,Nasdaq,N,N,N
RMNY,Rockefeller New York Municipal Bond ETF,P,NYSE Arca,Y,N,
RMOP,Rockefeller Opportunistic Municipal Bond ETF,P,NYSE Arca,Y,N,
RMR,The RMR Group Inc. - Class A Common Stock,Q,Nasdaq,N,N,N
RMRC,ARMOR Core Risk-Managed ETF,P,NYSE Arca,Y,N,
RMSG,Real Messenger Corporation - Ordinary Shares,Q,Nasdaq,N,N,D
RMSGW,Real Messenger Corporation - Warrants,Q,Nasdaq,N,N,D
RMT,"Royce Micro-Cap Trust, Inc. Common Stock",N,NYSE,N,N,
RMTI,"Rockwell Medical, Inc. - Common Stock",Q,Nasdaq,N,N,D
RNA,"Atrium Therapeutics, Inc. - Common Stock",Q,Nasdaq,N,N,N
RNAC,"Cartesian Therapeutics, Inc. - Common Stock",Q,Nasdaq,N,N,N
RNAZ,"TransCode Therapeutics, Inc. - Common Stock",Q,Nasdaq,N,N,D
RND,First Trust Bloomberg R&D Leaders ETF,P,NYSE Arca,Y,N,
RNEM,Emerging Markets Equity Select ETF,Q,Nasdaq,Y,N,N
RNG,"RingCentral, Inc. Class A Common Stock",N,NYSE,N,N,
RNGR,"Ranger Energy Services, Inc. Class A Common Stock",N,NYSE,N,N,
RNGT,Range Capital Acquisition Corp II - Class A Ordinary Shares,Q,Nasdaq,N,N,N
RNGTU,Range Capital Acquisition Corp II - Units,Q,Nasdaq,N,N,N
RNGTW,Range Capital Acquisition Corp II - Warrants,Q,Nasdaq,N,N,N
RNIN,Bushido Capital US SMID Cap Equity ETF,Q,Nasdaq,Y,N,N
RNMN,RiverNorth Market Neutral ETF,Z,Cboe BZX,Y,N,
RNP,"Cohen & Steers REIT and Preferred and Income Fund, Inc. Common Shares",N,NYSE,N,N,
RNR,RenaissanceRe Holdings Ltd. Common Stock,N,NYSE,N,N,
RNR$F,"RenaissanceRe Holdings Ltd. Depositary Shares, each Representing a 1/1,000th Interest in a 5.750% Series F Preference Share",N,NYSE,N,N,
RNR$G,"RenaissanceRe Holdings Ltd. Depositary Shares, each representing a 1/1,000th interest in a share of 4.20% Series G Preference Shares",N,NYSE,N,N,
RNRG,Global X Renewable Energy Producers ETF,Q,Nasdaq,Y,N,N
RNST,Renasant Corporation Common Stock,N,NYSE,N,N,
RNTX,"Rein Therapeutics, Inc. - Common Stock",Q,Nasdaq,N,N,N
RNTY,YieldMax Target 12 Real Estate Option Income ETF,P,NYSE Arca,Y,N,
RNW,ReNew Energy Global plc - Class A Shares,Q,Nasdaq,N,N,N
RNWWW,ReNew Energy Global plc - Warrant,Q,Nasdaq,N,N,N
RNXT,"RenovoRx, Inc. - Common Stock",Q,Nasdaq,N,N,D
ROAD,"Construction Partners, Inc. - Common Stock",Q,Nasdaq,N,N,N
ROAM,Hartford Multifactor Emerging Markets ETF,P,NYSE Arca,Y,N,
ROBN,T-Rex 2X Long HOOD Daily Target ETF,Z,Cboe BZX,Y,N,
ROBO,ROBO Global Robotics and Automation Index ETF,P,NYSE Arca,Y,N,
ROBT,First Trust Nasdaq Artificial Intelligence and Robotics ETF,Q,Nasdaq,Y,N,N
ROC,Rank One Computing Corporation - Common stock,Q,Nasdaq,N,N,N
ROCK,"Gibraltar Industries, Inc. - Common Stock",Q,Nasdaq,N,N,N
ROCQ,JPMorgan Nasdaq Equity Premium Yield ETF,Q,Nasdaq,Y,N,N
ROCY,JPMorgan Equity Premium Yield ETF,Q,Nasdaq,Y,N,N
RODM,Hartford Multifactor Developed Markets (ex-US) ETF,P,NYSE Arca,Y,N,
ROE,Astoria US Equal Weight Quality Kings ETF,Q,Nasdaq,Y,N,N
ROG,Rogers Corporation Common Stock,N,NYSE,N,N,
ROIV,Roivant Sciences Ltd. - Common Shares,Q,Nasdaq,N,N,N
ROK,"Rockwell Automation, Inc. Common Stock",N,NYSE,N,N,
ROKT,State Street SPDR S&P Kensho Final Frontiers ETF,P,NYSE Arca,Y,N,
ROKU,"Roku, Inc. - Class A Common Stock",Q,Nasdaq,N,N,N
ROL,"Rollins, Inc. Common Stock",N,NYSE,N,N,
ROLR,"High Roller Technologies, Inc. Common Stock",A,NYSE American,N,N,
ROM,ProShares Ultra Technology,P,NYSE Arca,Y,N,
ROMA,Roma Green Finance Limited - Class A Ordinary Shares,Q,Nasdaq,N,N,N
ROMO,Strategy Shares Newfound/ReSolve Robust Momentum ETF,Z,Cboe BZX,Y,N,
RONB,Baron First Principles ETF,N,NYSE,Y,N,
ROOT,"Root, Inc. - Common Stock",Q,Nasdaq,N,N,N
ROP,"Roper Technologies, Inc. - Common Stock",Q,Nasdaq,N,N,N
ROPE,Coastal Compass 100 ETF,P,NYSE Arca,Y,N,
ROSC,Hartford Multifactor Small Cap ETF,P,NYSE Arca,Y,N,
ROST,"Ross Stores, Inc. - Common Stock",Q,Nasdaq,N,N,N
ROUS,Hartford Multifactor U.S. Equity ETF,P,NYSE Arca,Y,N,
RPAR,RPAR Risk Parity ETF,P,NYSE Arca,Y,N,
RPAY,Repay Holdings Corporation - Class A Common Stock,Q,Nasdaq,N,N,N
RPC,"Ridgepost Capital, Inc. Class A Common Stock",N,NYSE,N,N,
RPD,"Rapid7, Inc. - Common Stock",Q,Nasdaq,N,N,N
RPG,Invesco S&P 500 Pure Growth ETF,P,NYSE Arca,Y,N,
RPGL,Republic Power Group Limited - Class A Ordinary Shares,Q,Nasdaq,N,N,N
RPID,"Rapid Micro Biosystems, Inc. - Class A Common Stock",Q,Nasdaq,N,N,N
RPM,RPM International Inc. Common Stock,N,NYSE,N,N,
RPRX,Royalty Pharma plc - Class A Ordinary Shares,Q,Nasdaq,N,N,N
RPT,Rithm Property Trust Inc. Common stock,N,NYSE,N,N,
RPT$C,Rithm Property Trust Inc. 9.875% Series C Fixed-to-Floating Rate Cumulative Redeemable Preferred Stock,N,NYSE,N,N,
RPV,Invesco S&P 500 Pure Value ETF,P,NYSE Arca,Y,N,
RQI,Cohen & Steers Quality Income Realty Fund Inc Common Shares,N,NYSE,N,N,
RQI.R,"Cohen & Steers Quality Income Realty Fund Inc. Rights (expiring July 15, 2026) Rights",N,NYSE,N,N,
RR,Richtech Robotics Inc. - Class B Common Stock,Q,Nasdaq,N,N,E
RRBI,"Red River Bancshares, Inc. - Common Stock",Q,Nasdaq,N,N,N
RRC,Range Resources Corporation Common Stock,N,NYSE,N,N,
RREV,RRE Ventures Acquisition Corp. - Class A Ordinary Shares,Q,Nasdaq,N,N,N
RREVU,RRE Ventures Acquisition Corp. - Units,Q,Nasdaq,N,N,N
RREVW,RRE Ventures Acquisition Corp. - Warrants,Q,Nasdaq,N,N,N
RRGB,"Red Robin Gourmet Burgers, Inc. - Common Stock",Q,Nasdaq,N,N,N
RRR,"Red Rock Resorts, Inc. - Class A Common Stock",Q,Nasdaq,N,N,N
RRX,Regal Rexnord Corporation Common Stock,N,NYSE,N,N,
RS,"Reliance, Inc. Common Stock",N,NYSE,N,N,
RSBA,Return Stacked Bonds & Merger Arbitrage ETF,Z,Cboe BZX,Y,N,
RSBT,Return Stacked Bonds & Managed Futures ETF,Z,Cboe BZX,Y,N,
RSBY,Return Stacked Bonds & Futures Yield ETF,Z,Cboe BZX,Y,N,
RSDE,FT Vest U.S. Equity Equal Weight Buffer ETF - December,P,NYSE Arca,Y,N,
RSEE,Rareview Systematic Equity ETF,Z,Cboe BZX,Y,N,
RSF,RiverNorth Capital and Income Fund Common Stock,N,NYSE,N,N,
RSG,"Republic Services, Inc. Common Stock",N,NYSE,N,N,
RSI,"Rush Street Interactive, Inc. Class A Common Stock",N,NYSE,N,N,
RSIT,Return Stacked International Stocks & Managed Futures ETF,Z,Cboe BZX,Y,N,
RSJN,FT Vest U.S. Equity Equal Weight Buffer ETF - June,P,NYSE Arca,Y,N,
RSKD,Riskified Ltd. Class A Ordinary Shares,N,NYSE,N,N,
RSMC,Rockefeller U.S. Small-Mid Cap ETF,P,NYSE Arca,Y,N,
RSMR,FT Vest U.S. Equity Equal Weight Buffer ETF - March,P,NYSE Arca,Y,N,
RSMV,Relative Strength Managed Volatility Strategy ETF,P,NYSE Arca,Y,N,
RSP,Invesco S&P 500 Equal Weight ETF,P,NYSE Arca,Y,N,
RSPA,Invesco S&P 500 Equal Weight Income Advantage ETF,P,NYSE Arca,Y,N,
RSPC,Invesco S&P 500 Equal Weight Communication Services ETF,P,NYSE Arca,Y,N,
RSPD,Invesco S&P 500 Equal Weight Consumer Discretionary ETF,P,NYSE Arca,Y,N,
RSPE,Invesco ESG S&P 500 Equal Weight ETF,P,NYSE Arca,Y,N,
RSPF,Invesco S&P 500 Equal Weight Financial ETF,P,NYSE Arca,Y,N,
RSPG,Invesco S&P 500 Equal Weight Energy ETF,P,NYSE Arca,Y,N,
RSPH,Invesco S&P 500 Equal Weight Health Care ETF,P,NYSE Arca,Y,N,
RSPM,Invesco S&P 500 Equal Weight Materials ETF,P,NYSE Arca,Y,N,
RSPN,Invesco S&P 500 Equal Weight Industrials Portfolio,P,NYSE Arca,Y,N,
RSPR,Invesco S&P 500 Equal Weight Real Estate ETF,P,NYSE Arca,Y,N,
RSPS,Invesco S&P 500 Equal Weight Consumer Staples ETF,P,NYSE Arca,Y,N,
RSPT,Invesco S&P 500 Equal Weight Technology ETF,P,NYSE Arca,Y,N,
RSPU,Invesco S&P 500 Equal Weight Utilities ETF,P,NYSE Arca,Y,N,
RSSB,Return Stacked Global Stocks & Bonds ETF,Z,Cboe BZX,Y,N,
RSSE,FT Vest U.S. Equity Equal Weight Buffer ETF  September,P,NYSE Arca,Y,N,
RSSL,Global X Russell 2000 ETF,P,NYSE Arca,Y,N,
RSSS,"Research Solutions, Inc - Common Stock",Q,Nasdaq,N,N,N
RSST,Return Stacked U.S. Stocks & Managed Futures ETF,Z,Cboe BZX,Y,N,
RSSX,Return Stacked U.S. Stocks & Gold/Bitcoin ETF,Z,Cboe BZX,Y,N,
RSSY,Return Stacked U.S. Stocks & Futures Yield ETF,Z,Cboe BZX,Y,N,
RSVR,"Reservoir Media, Inc.. - Common Stock",Q,Nasdaq,N,N,N
RSVRW,"Reservoir Media, Inc.. - Warrant",Q,Nasdaq,N,N,N
RTAC,Renatus Tactical Acquisition Corp I - Class A Ordinary Shares,Q,Nasdaq,N,N,D
RTACU,Renatus Tactical Acquisition Corp I - Unit,Q,Nasdaq,N,N,D
RTACW,Renatus Tactical Acquisition Corp I - Warrant,Q,Nasdaq,N,N,D
RTAI,Rareview Tax Advantaged Income ETF,Z,Cboe BZX,Y,N,
RTB,"RTB Digital, Inc. - Common Stock",Q,Nasdaq,N,N,N
RTH,VanEck Retail ETF,Q,Nasdaq,Y,N,N
RTO,Rentokil Initial plc American Depositary Shares (each representing five (5) Ordinary Shares),N,NYSE,N,N,
RTRE,Rareview Total Return Bond ETF,Z,Cboe BZX,Y,N,
RTX,RTX Corporation Common Stock,N,NYSE,N,N,
RTXG,Leverage Shares 2X Long RTX Daily ETF,Q,Nasdaq,Y,N,N
RTYY,GraniteShares YieldBoost RIOT ETF,Q,Nasdaq,Y,N,N
RUBI,Rubico Inc. - Common Stock,Q,Nasdaq,N,N,N
RULE,Adaptive Core ETF,Z,Cboe BZX,Y,N,
RUM,RUM Group Inc. - Class A Common Stock,Q,Nasdaq,N,N,N
RUMBW,RUM Group Inc. - Warrant,Q,Nasdaq,N,N,N
RUN,Sunrun Inc. - Common Stock,Q,Nasdaq,N,N,N
RUNN,Running Oak Efficient Growth ETF,Q,Nasdaq,Y,N,N
RUSC,Russell Investments U.S. Small Cap Equity ETF,Q,Nasdaq,Y,N,N
RUSHA,"Rush Enterprises, Inc. - Class A Common Stock",Q,Nasdaq,N,N,N
RUSHB,"Rush Enterprises, Inc. - Class B Common Stock",Q,Nasdaq,N,N,N
RVER,Trenchless Fund ETF,P,NYSE Arca,Y,N,
RVI,Robinhood Ventures Fund I Common Shares of Beneficial Interest,N,NYSE,N,N,
RVLV,"Revolve Group, Inc. Class A Common Stock",N,NYSE,N,N,
RVMD,"Revolution Medicines, Inc. - Common Stock",Q,Nasdaq,N,N,N
RVMDW,"Revolution Medicines, Inc. - Warrant",Q,Nasdaq,N,N,N
RVNL,GraniteShares 2x Long RIVN Daily ETF,Q,Nasdaq,Y,N,N
RVNU,Xtrackers Municipal Infrastructure Revenue Bond ETF,P,NYSE Arca,Y,N,
RVP,"Retractable Technologies, Inc. Common Stock",A,NYSE American,N,N,
RVSB,Riverview Bancorp Inc - Common Stock,Q,Nasdaq,N,N,N
RVSN,Rail Vision Ltd. - Ordinary Shares,Q,Nasdaq,N,N,N
RVSNW,Rail Vision Ltd. - Warrant,Q,Nasdaq,N,N,N
RVT,"Royce Small-Cap Trust, Inc. Common Stock",N,NYSE,N,N,
RVTY,"Revvity, Inc. Common Stock",N,NYSE,N,N,
RW,Rainwater Equity ETF,P,NYSE Arca,Y,N,
RWAY,Runway Growth Finance Corp. - Common Stock,Q,Nasdaq,N,N,N
RWAYI,Runway Growth Finance Corp. - 7.25% Notes due 2031,Q,Nasdaq,N,N,N
RWAYL,Runway Growth Finance Corp. - 7.50% Notes due 2027,Q,Nasdaq,N,N,N
RWEM,Rayliant Wilshire NxtGen Emerging Markets Equity ETF,P,NYSE Arca,Y,N,
RWIN,Rayliant NxtGen Multifactor International Equity ETF,Q,Nasdaq,Y,N,N
RWJ,Invesco S&P SmallCap 600 Revenue ETF,P,NYSE Arca,Y,N,
RWK,Invesco S&P MidCap 400 Revenue ETF,P,NYSE Arca,Y,N,
RWL,Invesco S&P 500 Revenue ETF,P,NYSE Arca,Y,N,
RWLC,Rayliant Wilshire NxtGen US Large Cap Equity ETF,P,NYSE Arca,Y,N,
RWM,ProShares Short Russell2000,P,NYSE Arca,Y,N,
RWO,State Street SPDR Dow Jones Global Real Estate ETF,P,NYSE Arca,Y,N,
RWR,State Street SPDR Dow Jones REIT ETF,P,NYSE Arca,Y,N,
RWT,"Redwood Trust, Inc. Common Stock",N,NYSE,N,N,
RWT$A,"Redwood Trust, Inc. 10.00% Series A Fixed-Rate Reset Cumulative Redeemable Preferred Stock",N,NYSE,N,N,
RWTN,"Redwood Trust, Inc. 9.125% Senior Notes Due 2029",N,NYSE,N,N,
RWTO,"Redwood Trust, Inc. 9.00% Senior Notes Due 2029",N,NYSE,N,N,
RWTP,"Redwood Trust, Inc. 9.125% Senior Notes Due 2030",N,NYSE,N,N,
RWTQ,"Redwood Trust, Inc. 9.500% Senior Notes Due 2030",N,NYSE,N,N,
RWTS,"Redwood Trust, Inc. 9.75% Senior Notes Due 2031",N,NYSE,N,N,
RWX,State Street SPDR Dow Jones International Real Estate ETF,P,NYSE Arca,Y,N,
RXD,ProShares UltraShort Health Care,P,NYSE Arca,Y,N,
RXI,iShares Global Consumer Discretionary ETF,P,NYSE Arca,Y,N,
RXL,ProShares Ultra Health Care,P,NYSE Arca,Y,N,
RXO,"RXO, Inc. Common Stock",N,NYSE,N,N,
RXRX,"Recursion Pharmaceuticals, Inc. - Class A Common Stock",Q,Nasdaq,N,N,N
RXST,"RxSight, Inc. - Common Stock",Q,Nasdaq,N,N,N
RXT,"Rackspace Technology, Inc. - Common Stock",Q,Nasdaq,N,N,N
RY,Royal Bank Of Canada Common Stock,N,NYSE,N,N,
RYAAY,"Ryanair Holdings plc - American Depositary Shares, each representing five Ordinary Shares",Q,Nasdaq,N,N,N
RYAM,Rayonier Advanced Materials Inc. Common Stock,N,NYSE,N,N,
RYAN,"Ryan Specialty Holdings, Inc. Class A Common Stock",N,NYSE,N,N,
RYDE,Ryde Group Ltd. Class A Ordinary Shares,A,NYSE American,N,N,
RYET,Ruanyun Edai Technology Inc. - Ordinary shares,Q,Nasdaq,N,N,N
RYLD,Global X Russell 2000 Covered Call ETF,P,NYSE Arca,Y,N,
RYLG,Global X Russell 2000 Covered Call & Growth ETF,P,NYSE Arca,Y,N,
RYM,"RYTHM, Inc. - Common Stock",Q,Nasdaq,N,N,N
RYN,Rayonier Inc. REIT Common Stock,N,NYSE,N,N,
RYOJ,"rYojbaba Co., Ltd. - Common Shares",Q,Nasdaq,N,N,N
RYTM,"Rhythm Pharmaceuticals, Inc. - Common Stock",Q,Nasdaq,N,N,N
RYZ,Ryerson Holding Corporation Common Stock,N,NYSE,N,N,
RZC,"Reinsurance Group of America, Incorporated 7.125% Fixed-Rate Reset Subordinated Debentures due 2052",N,NYSE,N,N,
RZG,Invesco S&P SmallCap 600 Pure Growth ETF,P,NYSE Arca,Y,N,
RZLT,"Rezolute, Inc. - Common Stock (NV)",Q,Nasdaq,N,N,N
RZLV,Rezolve AI PLC - Ordinary Shares,Q,Nasdaq,N,N,N
RZLVW,Rezolve AI PLC - Warrants,Q,Nasdaq,N,N,N
RZV,Invesco S&P SmallCap 600 Pure Value ETF,P,NYSE Arca,Y,N,
S,"SentinelOne, Inc. Class A Common Stock",N,NYSE,N,N,
SA,"Seabridge Gold, Inc. Common Shares New",N,NYSE,N,N,
SAA,ProShares Ultra SmallCap600,P,NYSE Arca,Y,N,
SAAQ,Space Asset Acquisition Corp. - Class A Ordinary Shares,Q,Nasdaq,N,N,N
SAAQU,Space Asset Acquisition Corp. - Units,Q,Nasdaq,N,N,N
SAAQW,Space Asset Acquisition Corp. - Warrants,Q,Nasdaq,N,N,N
SABA,Saba Capital Income & Opportunities Fund II Shares of Beneficial Interest,N,NYSE,N,N,
SABR,Sabre Corporation - Common Stock,Q,Nasdaq,N,N,N
SABS,"SAB Biotherapeutics, Inc. - Common Stock",Q,Nasdaq,N,N,N
SABSW,"SAB Biotherapeutics, Inc. - Warrant",Q,Nasdaq,N,N,N
SAC,Safeguard Acquisition Corp. Class A Ordinary Shares,N,NYSE,N,N,
SAC.U,"Safeguard Acquisition Corp. Units, each consisting of one Class A ordinary share and one-half of one redeemable warrant",N,NYSE,N,N,
SAC.W,"Safeguard Acquisition Corp. Warrants, each whole warrant exercisable for one Class A ordinary share at an exercise price of $11.50 per share",N,NYSE,N,N,
SACH,Sachem Capital Corp. Common Shares,A,NYSE American,N,N,
SACH$A,Sachem Capital Corp. 7.75% Series A Cumulative Redeemable Preferred Stock,A,NYSE American,N,N,
SAEF,Schwab Ariel Opportunities ETF,P,NYSE Arca,Y,N,
SAFE,Safehold Inc. New Common Stock ,N,NYSE,N,N,
SAFT,"Safety Insurance Group, Inc. - Common Stock",Q,Nasdaq,N,N,N
SAFX,"XCF Global, Inc. - Class A Common Stock",Q,Nasdaq,N,N,D
SAGP,Strategas Global Policy Opportunities ETF,P,NYSE Arca,Y,N,
SAGT,SAGTEC GLOBAL LIMITED - Class A Ordinary shares,Q,Nasdaq,N,N,N
SAGU,Shreya Acquisition Group Class A Ordinary Shares,N,NYSE,N,N,
SAGU.R,"Shreya Acquisition Group Rights, each entitling the holder to receive one-fourth of one Class A Ordinary Share",N,NYSE,N,N,
SAGU.U,"Shreya Acquisition Group Units, each consisting of one Class A Ordinary Share, one redeemable warrant and one right entitling the holder to one-fourth of one Class A Ordinary Share",N,NYSE,N,N,
SAGU.W,"Shreya Acquisition Group Redeemable warrants, entitling the holder to purchase one Class A Ordinary Share at $11.50 per share",N,NYSE,N,N,
SAH,"Sonic Automotive, Inc. Common Stock",N,NYSE,N,N,
SAIA,"Saia, Inc. - Common Stock",Q,Nasdaq,N,N,N
SAIC,Science Applications International Corporation - Common Stock,Q,Nasdaq,N,N,N
SAIH,SAIHEAT Limited - Class A Ordinary Shares,Q,Nasdaq,N,N,N
SAIHW,SAIHEAT Limited - Warrant,Q,Nasdaq,N,N,N
SAIL,"SailPoint, Inc. - Common Stock",Q,Nasdaq,N,N,N
SAJ,Saratoga Investment Corp 8.00% Notes due 2027,N,NYSE,N,N,
SAM,"Boston Beer Company, Inc. (The) Common Stock",N,NYSE,N,N,
SAMG,Silvercrest Asset Management Group Inc. - Common Stock,Q,Nasdaq,N,N,N
SAMM,Strategas Macro Momentum ETF,P,NYSE Arca,Y,N,
SAMO.U,"Samos Energy Acquisition Corporation Units, each consisting of one Class A Ordinary Share and one-half of one Warrant",N,NYSE,N,N,
SAMT,Strategas Macro Thematic Opportunities ETF,P,NYSE Arca,Y,N,
SAN,"Banco Santander, S.A. Sponsored ADR (Spain)",N,NYSE,N,N,
SANA,"Sana Biotechnology, Inc. - Common Stock",Q,Nasdaq,N,N,N
SANG,Sangoma Technologies Corporation - Common Shares,Q,Nasdaq,N,N,N
SANM,Sanmina Corporation - Common Stock,Q,Nasdaq,N,N,N
SAP,SAP  SE ADS,N,NYSE,N,N,
SAPH,SAP SE ADRhedged,P,NYSE Arca,Y,N,
SAR,Saratoga Investment Corp New,N,NYSE,N,N,
SARK,Tradr 1X Short Innovation Daily ETF,Q,Nasdaq,Y,N,N
SARO,"StandardAero, Inc. Common Stock",N,NYSE,N,N,
SASS,M.D. Sass Concentrated Value ETF,P,NYSE Arca,Y,N,
SAT,Saratoga Investment Corp 6.00% Notes due 2027,N,NYSE,N,N,
SATA,"Strive, Inc. - Variable Rate Series A Perpetual Preferred Stock",Q,Nasdaq,N,N,N
SATL,Satellogic Inc. - Class A Common Stock,Q,Nasdaq,N,N,N
SATLW,Satellogic Inc. - Warrant,Q,Nasdaq,N,N,N
SATO,Invesco Alerian Galaxy Crypto Economy ETF,Z,Cboe BZX,Y,N,
SAUG,FT Vest U.S. Small Cap Moderate Buffer ETF - August,Z,Cboe BZX,Y,N,
SAV,Saratoga Investment Corp 7.50% Notes due 2031,N,NYSE,N,N,
SAWG,AAM Sawgrass US Large Cap Quality Growth ETF,P,NYSE Arca,Y,N,
SAWS,AAM Sawgrass US Small Cap Quality Growth ETF,P,NYSE Arca,Y,N,
SAY,Saratoga Investment Corp 8.125% Notes due 2027,N,NYSE,N,N,
SAZ,Saratoga Investment Corp 8.50% Notes due 2028,N,NYSE,N,N,
SB,"Safe Bulkers, Inc Common Stock ($0.001 par value)",N,NYSE,N,N,
SB$C,"Safe Bulkers, Inc Cumulative Redeemable Perpetual Preferred Series C (Marshall Islands)",N,NYSE,N,N,
SB$D,"Safe Bulkers, Inc Perpetual Preferred Series D (Marshall Islands)",N,NYSE,N,N,
SBAC,SBA Communications Corporation - Class A Common Stock,Q,Nasdaq,N,N,N
SBAR,Simplify Barrier Income ETF,P,NYSE Arca,Y,N,
SBB,ProShares Short SmallCap600,P,NYSE Arca,Y,N,
SBC,SBC Medical Group Holdings Incorporated - Common Stock,Q,Nasdaq,N,N,N
SBCF,Seacoast Banking Corporation of Florida - Common Stock,Q,Nasdaq,N,N,N
SBCWW,SBC Medical Group Holdings Incorporated - Warrants,Q,Nasdaq,N,N,N
SBET,"Sharplink, Inc. - Common Stock",Q,Nasdaq,N,N,N
SBEV,"Splash Beverage Group, Inc. (NV) Common Stock",A,NYSE American,N,N,
SBFG,"SB Financial Group, Inc. - Common Stock",Q,Nasdaq,N,N,N
SBFM,Sunshine Biopharma Inc. - Common stock,Q,Nasdaq,N,N,N
SBFMW,Sunshine Biopharma Inc. - Warrant,Q,Nasdaq,N,N,N
SBGI,"Sinclair, Inc. - Class A Common Stock",Q,Nasdaq,N,N,N
SBH,"Sally Beauty Holdings, Inc. (Name to be changed from Sally Holdings, Inc.) Common Stock",N,NYSE,N,N,
SBI,Western Asset Intermediate Muni Fund Inc Common Stock,N,NYSE,N,N,
SBIL,Simplify Government Money Market ETF,P,NYSE Arca,Y,N,
SBIO,ALPS Medical Breakthroughs ETF,P,NYSE Arca,Y,N,
SBIT,ProShares UltraShort Bitcoin ETF,P,NYSE Arca,Y,N,
SBLK,Star Bulk Carriers Corp. - Common Shares,Q,Nasdaq,N,N,N
SBMT,Silver Bow Mining Corp. Common Shares,A,NYSE American,N,N,
SBND,Columbia Short Duration Bond ETF,P,NYSE Arca,Y,N,
SBR,Sabine Royalty Trust Common Stock,N,NYSE,N,N,
SBRA,"Sabra Health Care REIT, Inc. - Common Stock",Q,Nasdaq,N,N,N
SBS,Companhia de saneamento Basico Do Estado De Sao Paulo - Sabesp American Depositary Shares (Each repstg 250 Common Shares),N,NYSE,N,N,
SBSI,"Southside Bancshares, Inc. Common Stock",N,NYSE,N,N,
SBSW,D/B/A Sibanye-Stillwater Limited ADS,N,NYSE,N,N,
SBTU,T-REX 2X Long SBET Daily Target ETF,Z,Cboe BZX,Y,N,
SBU,Leverage Shares 2X Long SBUX Daily ETF,Q,Nasdaq,Y,N,N
SBUX,Starbucks Corporation - Common Stock,Q,Nasdaq,N,N,N
SBXD,SilverBox Corp IV Class A Ordinary Shares,N,NYSE,N,N,
SBXD.U,"SilverBox Corp IV Units, each consisting of one Class A ordinary share and one-third of one redeemable warrant",N,NYSE,N,N,
SBXD.W,"SilverBox Corp IV Redeemable warrants, each whole warrant exercisable for one Class A Ordinary Share at an exercise price of $11.50",N,NYSE,N,N,
SBXE,SilverBox Corp V Class A Ordinary Shares,N,NYSE,N,N,
SBXE.U,"SilverBox Corp V Units, each consisting of one Class A Ordinary Share and one-third of one redeemable warrant",N,NYSE,N,N,
SBXE.W,"SilverBox Corp V Redeemable warrants, each whole warrant exercisable for one Class A Ordinary Share at an exercise price of $11.50",N,NYSE,N,N,
SCA,GraniteShares Autocallable SMCI ETF,Q,Nasdaq,Y,N,N
SCAG,Scage Future - American Depositary Shares,Q,Nasdaq,N,N,D
SCAGW,Scage Future - Warrants,Q,Nasdaq,N,N,N
SCAP,Infrastructure Capital Small Cap Income ETF,P,NYSE Arca,Y,N,
SCC,ProShares UltraShort Consumer Discretionary,P,NYSE Arca,Y,N,
SCCD,Sachem Capital Corp. 6.00% Notes due 2026,A,NYSE American,N,N,
SCCE,Sachem Capital Corp. 6.00% Notes due 2027,A,NYSE American,N,N,
SCCF,Sachem Capital Corp. 7.125% Notes due 2027,A,NYSE American,N,N,
SCCG,Sachem Capital Corp. 8.00% Notes due 2027,A,NYSE American,N,N,
SCCO,Southern Copper Corporation Common Stock,N,NYSE,N,N,
SCCR,Schwab Core Bond ETF,P,NYSE Arca,Y,N,
SCD,LMP Capital and Income Fund Inc. Common Stock,N,NYSE,N,N,
SCDL,ETRACS 2x Leveraged US Dividend Factor TR ETN,P,NYSE Arca,Y,N,
SCDS,JPMorgan Fundamental Data Science Small Core ETF,Q,Nasdaq,Y,N,N
SCDV,Bahl & Gaynor Small Cap Dividend ETF,P,NYSE Arca,Y,N,
SCE$G,SCE Trust II Trust Preferred Securities,N,NYSE,N,N,
SCE$L,SCE TRUST VI,N,NYSE,N,N,
SCE$M,SCE Trust VII 7.50% Trust Preference Securities,N,NYSE,N,N,
SCE$N,SCE Trust VIII 6.95% Trust Preference Securities,N,NYSE,N,N,
SCEC,Sterling Capital Enhanced Core Bond ETF,Z,Cboe BZX,Y,N,
SCEP,Sterling Capital Hedged Equity Premium Income ETF,Z,Cboe BZX,Y,N,
SCHA,Schwab U.S. Small-Cap ETF,P,NYSE Arca,Y,N,
SCHB,Schwab U.S. Broad Market ETF,P,NYSE Arca,Y,N,
SCHC,Schwab International Small-Cap Equity ETF,P,NYSE Arca,Y,N,
SCHD,Schwab US Dividend Equity ETF,P,NYSE Arca,Y,N,
SCHE,Schwab Emerging Markets Equity ETF,P,NYSE Arca,Y,N,
SCHF,Schwab International Equity ETF,P,NYSE Arca,Y,N,
SCHG,Schwab U.S. Large-Cap Growth ETF,P,NYSE Arca,Y,N,
SCHH,Schwab U.S. REIT ETF,P,NYSE Arca,Y,N,
SCHI,Schwab 5-10 Year Corporate Bond ETF,P,NYSE Arca,Y,N,
SCHJ,Schwab 1-5 Year Corporate Bond ETF,P,NYSE Arca,Y,N,
SCHK,Schwab 1000 Index ETF,P,NYSE Arca,Y,N,
SCHL,Scholastic Corporation - Common Stock,Q,Nasdaq,N,N,N
SCHM,Schwab U.S. Mid Cap ETF,P,NYSE Arca,Y,N,
SCHO,Schwab Short-Term U.S. Treasury ETF,P,NYSE Arca,Y,N,
SCHP,Schwab U.S. TIPS ETF,P,NYSE Arca,Y,N,
SCHQ,Schwab Long-Term U.S. Treasury ETF,P,NYSE Arca,Y,N,
SCHR,Schwab Intermediate-Term U.S. Treasury ETF,P,NYSE Arca,Y,N,
SCHV,Schwab U.S. Large-Cap Value ETF,P,NYSE Arca,Y,N,
SCHW,Charles Schwab Corporation (The) Common Stock,N,NYSE,N,N,
SCHW$D,"The Charles Schwab Corporation Depositary Shares each representing 1/40th interest in a share of 5.95% Non-Cumulative Perpetual Preferred Stock, Series D",N,NYSE,N,N,
SCHW$J,"The Charles Schwab Corporation Depositary Shares, Each Representing a 1/40th Interest in a Share of 4.450% Non-Cumulative Perpetual Preferred Stock, Series J",N,NYSE,N,N,
SCHX,Schwab U.S. Large-Cap ETF,P,NYSE Arca,Y,N,
SCHY,Schwab International Dividend Equity ETF,P,NYSE Arca,Y,N,
SCHZ,Schwab US Aggregate Bond ETF,P,NYSE Arca,Y,N,
SCI,Service Corporation International Common Stock,N,NYSE,N,N,
SCII,SC II Acquisition Corp. - Class A ordinary share,Q,Nasdaq,N,N,N
SCIIR,SC II Acquisition Corp. - Rights,Q,Nasdaq,N,N,N
SCIIU,SC II Acquisition Corp. - Units,Q,Nasdaq,N,N,N
SCIO,First Trust Structured Credit Income Opportunities ETF,P,NYSE Arca,Y,N,
SCJ,iShares MSCI Japan Sm Cap,P,NYSE Arca,Y,N,
SCJL,Corgi U.S. Small-Cap 15% Structured Buffer ETF - July Series,Z,Cboe BZX,Y,N,
SCJN,Corgi U.S. Small-Cap 15% Structured Buffer ETF - June Series,Z,Cboe BZX,Y,N,
SCKT,"Socket Mobile, Inc. - Common Stock",Q,Nasdaq,N,N,D
SCL,Stepan Company Common Stock,N,NYSE,N,N,
SCLX,Scilex Holding Company - Common Stock,Q,Nasdaq,N,N,N
SCLXW,Scilex Holding Company - Warrant,Q,Nasdaq,N,N,N
SCLZ,Swan Enhanced Dividend Income ETF,Z,Cboe BZX,Y,N,
SCM,Stellus Capital Investment Corporation Common Stock,N,NYSE,N,N,
SCMB,Schwab Municipal Bond ETF,P,NYSE Arca,Y,N,
SCMC,Sterling Capital Multi-Strategy Income ETF,Z,Cboe BZX,Y,N,
SCMY,Corgi U.S. Small-Cap 15% Structured Buffer ETF - May Series,Z,Cboe BZX,Y,N,
SCNI,Scinai Immunotherapeutics Ltd. - American Depositary Shares,Q,Nasdaq,N,N,D
SCNM,Sterling Capital National Municipal Bond ETF,Z,Cboe BZX,Y,N,
SCNX,"Scienture Holdings, Inc. - Common Stock",Q,Nasdaq,N,N,D
SCO,ProShares UltraShort Bloomberg Crude Oil,P,NYSE Arca,Y,N,
SCOP,Sprott Physical Copper Trust Units,P,NYSE Arca,Y,N,
SCOR,"comScore, Inc. - Common Stock",Q,Nasdaq,N,N,N
SCOW,Pacer S&P SmallCap 600 Quality FCF Aristocrats ETF,Z,Cboe BZX,Y,N,
SCPQ,Social Commerce Partners Corporation - Class A Ordinary Shares,Q,Nasdaq,N,N,N
SCPQU,Social Commerce Partners Corporation - Unit,Q,Nasdaq,N,N,N
SCPQW,Social Commerce Partners Corporation - Warrant,Q,Nasdaq,N,N,N
SCSB,Sterling Capital Short Duration Bond ETF,Z,Cboe BZX,Y,N,
SCSC,"ScanSource, Inc. - Common Stock",Q,Nasdaq,N,N,N
SCUB,Sterling Capital Ultra Short Bond ETF,Z,Cboe BZX,Y,N,
SCUS,Schwab Ultra-Short Income ETF,P,NYSE Arca,Y,N,
SCWO,374Water Inc. - common stock,Q,Nasdaq,N,N,N
SCYB,Schwab High Yield Bond ETF,P,NYSE Arca,Y,N,
SCYX,"SCYNEXIS, Inc. - Common Stock",Q,Nasdaq,N,N,N
SCZ,iShares MSCI EAFE Small-Cap ETF,Q,Nasdaq,Y,N,N
SCZM,Santacruz Silver Mining Ltd. - Common Shares,Q,Nasdaq,N,N,N
SD,"SandRidge Energy, Inc. Common Stock",N,NYSE,N,N,
SDA,SunCar Technology Group Inc. - Ordinary Shares,Q,Nasdaq,N,N,N
SDAWW,SunCar Technology Group Inc. - Warrant,Q,Nasdaq,N,N,N
SDCI,USCF SummerHaven Dynamic Commodity Strategy No K-1 Fund,P,NYSE Arca,Y,N,
SDCP,Virtus Newfleet Short Duration Core Plus Bond ETF,P,NYSE Arca,Y,N,
SDD,ProShares UltraShort SmallCap600,P,NYSE Arca,Y,N,
SDEM,Global X MSCI SuperDividend Emerging Markets ETF,P,NYSE Arca,Y,N,
SDEV,Stablecoin Development Corporation Common Stock,A,NYSE American,N,N,
SDFI,AB Short Duration Income ETF,P,NYSE Arca,Y,N,
SDG,iShares MSCI Global Sustainable Development Goals ETF,Q,Nasdaq,Y,N,N
SDGR,"Schrodinger, Inc. - Common Stock",Q,Nasdaq,N,N,N
SDHC,Smith Douglas Homes Corp. Class A Common Stock,N,NYSE,N,N,
SDHI,Siddhi Acquisition Corp - Class A Common stock,Q,Nasdaq,N,N,N
SDHIR,Siddhi Acquisition Corp - Right,Q,Nasdaq,N,N,N
SDHIU,Siddhi Acquisition Corp - Unit,Q,Nasdaq,N,N,N
SDHY,PGIM Short Duration High Yield Opportunities Fund Common Shares,N,NYSE,N,N,
SDIV,Global X SuperDividend ETF,P,NYSE Arca,Y,N,
SDMF,Simplify DBi CTA Managed Futures Index ETF,P,NYSE Arca,Y,N,
SDOG,ALPS Sector Dividend Dogs ETF,P,NYSE Arca,Y,N,
SDOT,Sadot Group Inc. - Common Stock,Q,Nasdaq,N,N,D
SDOW,UltraPro Short Dow30,P,NYSE Arca,Y,N,
SDP,ProShares UltraShort Utilities,P,NYSE Arca,Y,N,
SDRL,Seadrill Limited Common Shares,N,NYSE,N,N,
SDS,ProShares UltraShort S&P500,P,NYSE Arca,Y,N,
SDSI,American Century Short Duration Strategic Income ETF,Q,Nasdaq,Y,N,N
SDST,Stardust Power Inc. - Common Stock,Q,Nasdaq,N,N,D
SDSTW,Stardust Power Inc. - Warrant,Q,Nasdaq,N,N,D
SDTY,YieldMax S&P 500 0DTE Covered Call Strategy ETF,Q,Nasdaq,Y,N,N
SDVD,FT Vest SMID Rising Dividend Achievers Target Income ETF,Z,Cboe BZX,Y,N,
SDVY,First Trust SMID Cap Rising Dividend Achievers ETF,Q,Nasdaq,Y,N,N
SDY,State Street SPDR S&P Dividend ETF,P,NYSE Arca,Y,N,
SE,"Sea Limited American Depositary Shares, each representing one Class A Ordinary Share",N,NYSE,N,N,
SEA,U.S. Global Sea to Sky Cargo ETF,P,NYSE Arca,Y,N,
SEAL$A,Seapeak LLC 9.00% Series A Cumulative Redeemable Perpetual Preferred Units,N,NYSE,N,N,
SEAL$B,Seapeak LLC 8.50% Series B Fixed-to-Floating Rate Cumulative Redeemable Perpetual Preferred Units,N,NYSE,N,N,
SEAT,Vivid Seats Inc. - Class A common stock,Q,Nasdaq,N,N,N
SEATW,Vivid Seats Inc. - Warrant,Q,Nasdaq,N,N,N
SEB,Seaboard Corporation Common Stock,A,NYSE American,N,N,
SECR,NYLI MacKay Securitized Income ETF,P,NYSE Arca,Y,N,
SECT,Main Sector Rotation ETF,Z,Cboe BZX,Y,N,
SECU,iShares Securitized Income Active ETF,Z,Cboe BZX,Y,N,
SECZ,Securitize Corp. Common Stock,N,NYSE,N,N,
SEDG,"SolarEdge Technologies, Inc. - Common Stock",Q,Nasdaq,N,N,N
SEED,Origin Agritech Limited - Ordinary Shares,Q,Nasdaq,N,N,N
SEEM,SEI Select Emerging Markets Equity ETF,Q,Nasdaq,Y,N,N
SEER,"Seer, Inc. - Class A Common Stock",Q,Nasdaq,N,N,N
SEF,ProShares Short Financials,P,NYSE Arca,Y,N,
SEG,Seaport Entertainment Group Inc. Common Stock,N,NYSE,N,N,
SEGG,Sports Entertainment Gaming Global Corporation  - Common Stock,Q,Nasdaq,N,N,E
SEI,"Solaris Energy Infrastructure, Inc. Class A Common Stock",N,NYSE,N,N,
SEIC,SEI Investments Company - Common Stock,Q,Nasdaq,N,N,N
SEIE,SEI Select International Equity ETF,Q,Nasdaq,Y,N,N
SEIM,SEI Enhanced U.S. Large Cap Momentum Factor ETF,Z,Cboe BZX,Y,N,
SEIQ,SEI Enhanced U.S. Large Cap Quality Factor ETF,Z,Cboe BZX,Y,N,
SEIS,SEI Select Small Cap ETF,Q,Nasdaq,Y,N,N
SEIV,SEI Enhanced U.S. Large Cap Value Factor ETF,Z,Cboe BZX,Y,N,
SEIX,Virtus Seix Senior Loan ETF,P,NYSE Arca,Y,N,
SELF,"Global Self Storage, Inc. - Common Stock",Q,Nasdaq,N,N,N
SELV,SEI Enhanced Low Volatility U.S. Large Cap ETF,Z,Cboe BZX,Y,N,
SEMG,Suncoast Select Growth ETF,P,NYSE Arca,Y,N,
SEMI,Columbia Select Technology ETF,P,NYSE Arca,Y,N,
SEMY,GraniteShares YieldBOOST Semiconductor ETF,Q,Nasdaq,Y,N,N
SENEA,Seneca Foods Corp. - Class A Common Stock,Q,Nasdaq,N,N,N
SENEB,Seneca Foods Corp. - Class B Common Stock,Q,Nasdaq,N,N,N
SENS,"Senseonics Holdings, Inc. - Common Stock",Q,Nasdaq,N,N,N
SEPI,Shelton Equity Premium Income ETF,P,NYSE Arca,Y,N,
SEPM,FT Vest U.S. Equity Max Buffer ETF - September,Z,Cboe BZX,Y,N,
SEPN,"Septerna, Inc. - Common Stock",Q,Nasdaq,N,N,N
SEPP,PGIM S&P 500 Buffer 12 ETF - September,Z,Cboe BZX,Y,N,
SEPT,AllianzIM U.S. Large Cap Buffer10 Sep ETF,Z,Cboe BZX,Y,N,
SEPU,AllianzIM U.S. Equity Buffer15 Uncapped Sep ETF,Z,Cboe BZX,Y,N,
SEPW,AllianzIM U.S. Large Cap Buffer20 Sep ETF,Z,Cboe BZX,Y,N,
SEPZ,TrueShares Structured Outcome (September) ETF,Z,Cboe BZX,Y,N,
SER,"Serina Therapeutics, Inc. Common Stock",A,NYSE American,N,N,
SERA,"Sera Prognostics, Inc. - Class A Common Stock",Q,Nasdaq,N,N,N
SERV,Serve Robotics Inc. - Common Stock,Q,Nasdaq,N,N,N
SES,SES AI Corporation Class A Common Stock,N,NYSE,N,N,
SES.W,"SES AI Corporation Warrants, each whole warrant exercisable for one share of Class A Common Stock at an exercise price of $11.50 per share",N,NYSE,N,N,
SETH,ProShares Short Ether ETF,P,NYSE Arca,Y,N,
SETM,Sprott Critical Materials ETF,Q,Nasdaq,Y,N,N
SEUS,SEI QiM U.S. Equity Factor Allocation Active ETF,Q,Nasdaq,Y,N,N
SEV,Aptera Motors Corp. - Class B Common Stock,Q,Nasdaq,N,N,N
SEVN,Seven Hills Realty Trust  - Common Stock,Q,Nasdaq,N,N,N
SEZL,Sezzle Inc. - Common Stock,Q,Nasdaq,N,N,N
SF,Stifel Financial Corporation Common Stock,N,NYSE,N,N,
SF$B,"Stifel Financial Corporation Depositary Shares, Each Representing 1/1,000th  Interest in a Share of 6.25% Non-Cumulative  Preferred Stock, Series B",N,NYSE,N,N,
SF$C,"Stifel Financial Corporation Depositary Shares, Each Representing 1/1,000th Interest in a Share of 6.125% Non Cumulative Preferred Stock, Series C",N,NYSE,N,N,
SF$D,"Stifel Financial Corporation Depositary Shares, Each Representing 1/1,000th Interest in a Share of 4.50% Non-Cumulative Preferred Stock, Series D",N,NYSE,N,N,
SFB,Stifel Financial Corporation 5.20% Senior Notes due 2047,N,NYSE,N,N,
SFBC,"Sound Financial Bancorp, Inc. - Common Stock",Q,Nasdaq,N,N,N
SFBS,"ServisFirst Bancshares, Inc. Common Stock",N,NYSE,N,N,
SFD,"Smithfield Foods, Inc. - Common Stock",Q,Nasdaq,N,N,N
SFEB,FT Vest U.S. Small Cap Moderate Buffer ETF - February,Z,Cboe BZX,Y,N,
SFGV,Sequoia Global Value ETF,P,NYSE Arca,Y,N,
SFHG,Samfine Creation Holdings Group Limited - Class A Ordinary Share,Q,Nasdaq,N,N,N
SFIX,"Stitch Fix, Inc. - Class A Common Stock",Q,Nasdaq,N,N,N
SFL,SFL Corporation Ltd,N,NYSE,N,N,
SFLO,VictoryShares Small Cap Free Cash Flow ETF,Q,Nasdaq,Y,N,N
SFLR,Innovator Equity Managed Floor ETF,P,NYSE Arca,Y,N,
SFM,"Sprouts Farmers Market, Inc. - Common Stock",Q,Nasdaq,N,N,N
SFNC,Simmons First National Corporation - Common Stock,Q,Nasdaq,N,N,N
SFST,"Southern First Bancshares, Inc. - Common Stock",Q,Nasdaq,N,N,N
SFTX,Horizon International Managed Risk ETF,P,NYSE Arca,Y,N,
SFTY,Horizon Managed Risk ETF,Z,Cboe BZX,Y,N,
SFWL,Shengfeng Development Limited - Class A Ordinary Shares,Q,Nasdaq,N,N,N
SFY,SoFi Select 500 ETF,P,NYSE Arca,Y,N,
SFYF,SoFi Social 50 ETF,P,NYSE Arca,Y,N,
SFYI,SoFi Social 50 Income ETF,P,NYSE Arca,Y,N,
SG,"Sweetgreen, Inc. Class A Common Stock",N,NYSE,N,N,
SGA,"Saga Communications, Inc. - Class A Common Stock",Q,Nasdaq,N,N,N
SGC,"Superior Group of Companies, Inc. - Common Stock",Q,Nasdaq,N,N,N
SGDJ,Sprott Junior Gold Miners ETF,P,NYSE Arca,Y,N,
SGDM,Sprott Gold Miners ETF,P,NYSE Arca,Y,N,
SGHC,Super Group (SGHC) Limited Ordinary Shares,N,NYSE,N,N,
SGHT,"Sight Sciences, Inc. - Common Stock",Q,Nasdaq,N,N,N
SGI,Somnigroup International Inc. Common Stock,N,NYSE,N,N,
SGLC,SGI U.S. Large Cap Core ETF,P,NYSE Arca,Y,N,
SGLY,Singularity Future Technology Ltd. - Common Stock,Q,Nasdaq,N,N,D
SGML,Sigma Lithium Corporation - common shares,Q,Nasdaq,N,N,N
SGMT,Sagimet Biosciences Inc. - Series A Common Stock,Q,Nasdaq,N,N,N
SGOL,abrdn Physical Gold Shares ETF,P,NYSE Arca,Y,N,
SGOV,iShares 0-3 Month Treasury Bond ETF,N,NYSE,Y,N,
SGP,"SpyGlass Pharma, Inc. - Common Stock",Q,Nasdaq,N,N,N
SGRP,"SPAR Group, Inc. - Common Stock",Q,Nasdaq,N,N,D
SGRT,SMART Earnings Growth 30 ETF,P,NYSE Arca,Y,N,
SGRW,Harbor Active Small Cap Growth ETF,P,NYSE Arca,Y,N,
SGRY,"Surgery Partners, Inc. - Common Stock",Q,Nasdaq,N,N,N
SGU,Star Group L.P. Common Stock,N,NYSE,N,N,
SGVA,F/m Accumulator Ultrashort Treasury Fund,Q,Nasdaq,Y,N,N
SGVT,Schwab Government Money Market ETF,P,NYSE Arca,Y,N,
SH,ProShares Short S&P500,P,NYSE Arca,Y,N,
SHAG,WisdomTree Yield Enhanced U.S. Short-Term Aggregate Bond Fund,Z,Cboe BZX,Y,N,
SHAK,"Shake Shack, Inc. Class A Common Stock",N,NYSE,N,N,
SHAZ,"SharonAI Holdings, Inc. - Class A Common Stock",Q,Nasdaq,N,N,N
SHBI,"Shore Bancshares, Inc. - Common Stock",Q,Nasdaq,N,N,N
SHC,Sotera Health Company - Common Stock,Q,Nasdaq,N,N,N
SHDG,Soundwatch Hedged Equity ETF,Z,Cboe BZX,Y,N,
SHE,State Street SPDR MSCI USA Gender Diversity ETF,P,NYSE Arca,Y,N,
SHEH,Shell plc ADRhedged,P,NYSE Arca,Y,N,
SHEL,Shell PLC American Depositary Shares (each representing two (2) Ordinary Shares) ,N,NYSE,N,N,
SHEN,Shenandoah Telecommunications Co - Common Stock,Q,Nasdaq,N,N,N
SHFS,"SHF Holdings, Inc. - Class A Common Stock",Q,Nasdaq,N,N,D
SHFSW,"SHF Holdings, Inc. - Warrants",Q,Nasdaq,N,N,N
SHG,Shinhan Financial Group Co Ltd American Depositary Shares,N,NYSE,N,N,
SHIM,Shimmick Corporation - Common Stock,Q,Nasdaq,N,N,N
SHIP,Seanergy Maritime Holdings Corp. - Common Stock,Q,Nasdaq,N,N,N
SHLD,Global X Defense Tech ETF,P,NYSE Arca,Y,N,
SHLS,"Shoals Technologies Group, Inc. - Class A Common Stock",Q,Nasdaq,N,N,N
SHM,State Street SPDR Nuveen ICE Short Term Municipal Bond ETF,P,NYSE Arca,Y,N,
SHMD,SCHMID Group N.V. - Class A Ordinary Shares,Q,Nasdaq,N,N,N
SHMDW,SCHMID Group N.V. - Warrants,Q,Nasdaq,N,N,N
SHNY,"MicroSectors Gold 3X Leveraged ETNs due January 29, 2043",P,NYSE Arca,Y,N,
SHO,"Sunstone Hotel Investors, Inc. Sunstone Hotel Investors, Inc. Common Shares",N,NYSE,N,N,
SHO$H,"Sunstone Hotel Investors, Inc. 6.125% Series H Cumulative Redeemable Preferred Stock",N,NYSE,N,N,
SHO$I,"Sunstone Hotel Investors, Inc. 5.70% Series I Cumulative Redeemable Preferred Stock",N,NYSE,N,N,
SHOC,Strive U.S. Semiconductor ETF,N,NYSE,Y,N,
SHOE,"Shoe Station Group, Inc. - Common Stock",Q,Nasdaq,N,N,N
SHOO,"Steven Madden, Ltd. - Common Stock",Q,Nasdaq,N,N,N
SHOP,Shopify Inc. - Class A Subordinate Voting Shares,Q,Nasdaq,N,N,N
SHOTU,RMG ML Sports Holdings - Unit,Q,Nasdaq,N,N,N
SHPH,"Shuttle Pharmaceuticals Holdings, Inc. - common stock",Q,Nasdaq,N,N,N
SHPP,Pacer Industrials and Logistics ETF,P,NYSE Arca,Y,N,
SHPU,Direxion Daily SHOP Bull 2X ETF,Q,Nasdaq,Y,N,N
SHRD,Arimathea Catholic Core Bond ETF,P,NYSE Arca,Y,N,
SHRT,Gotham Short Strategies ETF,P,NYSE Arca,Y,N,
SHRY,First Trust Bloomberg Shareholder Yield ETF,Q,Nasdaq,Y,N,N
SHUS,Stratified LargeCap Hedged ETF,P,NYSE Arca,Y,N,
SHV,iShares 0-1 Year Treasury Bond ETF,N,NYSE,Y,N,
SHW,Sherwin-Williams Company (The) Common Stock,N,NYSE,N,N,
SHY,iShares 1-3 Year Treasury Bond ETF,Q,Nasdaq,Y,N,N
SHYD,VanEck Short High Yield Muni ETF,Z,Cboe BZX,Y,N,
SHYG,iShares 0-5 Year High Yield Corporate Bond ETF,P,NYSE Arca,Y,N,
SHYL,Xtrackers Short Duration High Yield Bond ETF,P,NYSE Arca,Y,N,
SHYM,iShares Short Duration High Yield Muni Active ETF,Z,Cboe BZX,Y,N,
SI,"Shoulder Innovations, Inc. Common Stock",N,NYSE,N,N,
SIBN,"SI-BONE, Inc. - Common Stock",Q,Nasdaq,N,N,N
SID,Companhia Siderurgica Nacional S.A. Common Stock,N,NYSE,N,N,
SIDU,"Sidus Space, Inc. - Class A Common Stock",Q,Nasdaq,N,N,N
SIEB,Siebert Financial Corp. - Common Stock,Q,Nasdaq,N,N,N
SIF,"SIFCO Industries, Inc. Common Stock",A,NYSE American,N,N,
SIFI,Harbor Ares Systematic Multi-Sector Income ETF,P,NYSE Arca,Y,N,
SIFY,Sify Technologies Limited - American Depository Shares,Q,Nasdaq,N,N,N
SIG,Signet Jewelers Limited Common Shares,N,NYSE,N,N,
SIGA,SIGA Technologies Inc. - Common Stock,Q,Nasdaq,N,N,N
SIGI,"Selective Insurance Group, Inc. - Common Stock",Q,Nasdaq,N,N,N
SIGIP,"Selective Insurance Group, Inc. - Depositary Shares, each representing a 1/1,000th interest in a share of 4.60% Non-Cumulative Preferred Stock, Series B",Q,Nasdaq,N,N,N
SIHY,Harbor Ares Systematic High Yield ETF,P,NYSE Arca,Y,N,
SII,Sprott Inc. Common Shares,N,NYSE,N,N,
SIJ,ProShares UltraShort Industrials,P,NYSE Arca,Y,N,
SIL,Global X Silver Miners ETF,P,NYSE Arca,Y,N,
SILC,Silicom Ltd - Ordinary Shares,Q,Nasdaq,N,N,N
SILJ,Amplify Junior Silver Miners ETF,P,NYSE Arca,Y,N,
SILO,"Silo Pharma, Inc. - Common Stock",Q,Nasdaq,N,N,N
SIM,"Grupo Simec, S.A.B. de C.V. American Depositary Shares",A,NYSE American,N,N,
SIMA,SIM Acquisition Corp. I - Class A Ordinary Shares,Q,Nasdaq,N,N,N
SIMAU,SIM Acquisition Corp. I - Unit,Q,Nasdaq,N,N,N
SIMAW,SIM Acquisition Corp. I - Warrant,Q,Nasdaq,N,N,N
SIMO,"Silicon Motion Technology Corporation - American Depositary Shares, each representing four ordinary shares",Q,Nasdaq,N,N,N
SIMS,State Street SPDR S&P Kensho Intelligent Structures ETF,P,NYSE Arca,Y,N,
SIMX,Corgi SIMO 2x Daily ETF,Z,Cboe BZX,Y,N,
SIND,Sinda Ltd. Common Stock,N,NYSE,N,N,
SINT,"SiNtx Technologies, Inc. - Common Stock",Q,Nasdaq,N,N,D
SIO,Touchstone Strategic Income ETF,P,NYSE Arca,Y,N,
SION,"Sionna Therapeutics, Inc. - Common Stock",Q,Nasdaq,N,N,N
SIOO,VistaShares Target 15 S&P 100 Distribution ETF,P,NYSE Arca,Y,N,
SIRI,SiriusXM Holdings Inc. - Common Stock,Q,Nasdaq,N,N,N
SITC,SITE Centers Corp. Common Stock,N,NYSE,N,N,
SITE,"SiteOne Landscape Supply, Inc. Common Stock",N,NYSE,N,N,
SITM,SiTime Corporation - Common Stock,Q,Nasdaq,N,N,N
SIVR,abrdn Physical Silver Shares ETF,P,NYSE Arca,Y,N,
SIXA,ETC 6 Meridian Mega Cap Equity ETF,P,NYSE Arca,Y,N,
SIXD,AllianzIM U.S. Large Cap 6 Month Buffer10 Jun/Dec ETF,Z,Cboe BZX,Y,N,
SIXF,AllianzIM U.S. Large Cap 6 Month Buffer10 Feb/Aug ETF,Z,Cboe BZX,Y,N,
SIXH,ETC 6 Meridian Hedged Equity Index Option ETF,P,NYSE Arca,Y,N,
SIXJ,AllianzIM U.S. Large Cap 6 Month Buffer10 Jan/Jul ETF,Z,Cboe BZX,Y,N,
SIXL,ETC 6 Meridian Low Beta Equity ETF,P,NYSE Arca,Y,N,
SIXO,AllianzIM U.S. Large Cap 6 Month Buffer10 Apr/Oct ETF,Z,Cboe BZX,Y,N,
SIXP,AllianzIM U.S. Large Cap 6 Month Buffer10 Mar/Sep ETF,Z,Cboe BZX,Y,N,
SIXS,ETC 6 Meridian Small Cap Equity ETF,P,NYSE Arca,Y,N,
SIXZ,AllianzIM U.S. Large Cap 6 Month Buffer10 May/Nov ETF,Z,Cboe BZX,Y,N,
SIZE,iShares MSCI USA Size Factor ETF,P,NYSE Arca,Y,N,
SJ,Scienjoy Holding Corporation - Class A Ordinary Shares,Q,Nasdaq,N,N,N
SJB,ProShares Short High Yield,P,NYSE Arca,Y,N,
SJCP,SanJac Alpha Core Plus Bond ETF,Q,Nasdaq,Y,N,N
SJLD,SanJac Alpha Low Duration ETF,Q,Nasdaq,Y,N,N
SJM,The J.M. Smucker Company Common Stock,N,NYSE,N,N,
SJNK,State Street SPDR Bloomberg Short Term High Yield Bond ETF,P,NYSE Arca,Y,N,
SJT,San Juan Basin Royalty Trust Common Stock,N,NYSE,N,N,
SK,Corgi SK hynix 2x Daily ETF,Z,Cboe BZX,Y,N,
SKDD,GraniteShares 2x Short SK Hynix Daily ETF,Q,Nasdaq,Y,N,N
SKE,Skeena Resources Limited Common Shares,N,NYSE,N,N,
SKF,ProShares UltraShort Financials,P,NYSE Arca,Y,N,
SKHU,ProShares Ultra SK hynix,P,NYSE Arca,Y,N,
SKHX,Leverage Shares 2X Long SK Hynix Daily ETF,Z,Cboe BZX,Y,N,
SKHY,SK hynix Inc. - American Depositary Shares,Q,Nasdaq,N,N,N
SKHZ,Leverage Shares 1X Short SK Hynix Daily ETF,Z,Cboe BZX,Y,N,
SKIL,Skillsoft Corp. Class A Common Stock,N,NYSE,N,N,
SKIN,SkinHealth Systems Inc. - Class A Common Stock,Q,Nasdaq,N,N,D
SKK,SKK Holdings Limited - Class A Ordinary Shares,Q,Nasdaq,N,N,N
SKM,"SK Telecom Co., Ltd. Common Stock",N,NYSE,N,N,
SKOR,FlexShares Credit-Scored US Corporate Bond Index Fund,Q,Nasdaq,Y,N,N
SKRE,Tuttle Capital Daily 2X Inverse Regional Banks ETF,Q,Nasdaq,Y,N,N
SKT,Tanger Inc. Common Stock,N,NYSE,N,N,
SKUU,GraniteShares 2x Long SK Hynix Daily ETF,Q,Nasdaq,Y,N,N
SKWD,"Skyward Specialty Insurance Group, Inc. - Common Stock",Q,Nasdaq,N,N,N
SKY,"Champion Homes, Inc. Common Stock",N,NYSE,N,N,
SKYA,"SkyAI, Inc. - Common Stock",Q,Nasdaq,N,N,N
SKYAW,"SkyAI, Inc. - Warrant",Q,Nasdaq,N,N,N
SKYE,"Skye Bioscience, Inc. - Common Stock",Q,Nasdaq,N,N,D
SKYH,Sky Harbour Group Corporation Class A Common Stock,N,NYSE,N,N,
SKYH.W,"Sky Harbour Group Corporation Warrants, each whole warrant exercisable for one share of Class A common stock at an exercise price of $11.50 per share",N,NYSE,N,N,
SKYQ,Sky Quarry Inc. - Common Stock,Q,Nasdaq,N,N,N
SKYT,"SkyWater Technology, Inc. - Common Stock",Q,Nasdaq,N,N,N
SKYU,ProShares Ultra Cloud Computing,Q,Nasdaq,Y,N,N
SKYW,"SkyWest, Inc. - Common Stock",Q,Nasdaq,N,N,N
SKYX,SKYX Platforms Corp. - Common Stock,Q,Nasdaq,N,N,N
SKYY,First Trust Cloud Computing ETF,Q,Nasdaq,Y,N,N
SLAB,"Silicon Laboratories, Inc. - Common Stock",Q,Nasdaq,N,N,N
SLAI,SOLAI Limited American Depositary Shares (each representing seven hundred (700) Class A Ordinary Shares),N,NYSE,N,N,
SLB,SLB Limited Common Shares,N,NYSE,N,N,
SLBT,SL Science Holding Limited - Ordinary Shares,Q,Nasdaq,N,N,N
SLDB,Solid Biosciences Inc. - Common Stock,Q,Nasdaq,N,N,N
SLDE,"Slide Insurance Holdings, Inc. - Common Stock",Q,Nasdaq,N,N,N
SLDP,"Solid Power, Inc. - Class A Common Stock",Q,Nasdaq,N,N,N
SLDPW,"Solid Power, Inc. - Warrant",Q,Nasdaq,N,N,N
SLDR,Global X Short-Term Treasury Ladder ETF,P,NYSE Arca,Y,N,
SLE,"Super League Enterprise, Inc. - Common Stock",Q,Nasdaq,N,N,N
SLF,Sun Life Financial Inc. Common Stock,N,NYSE,N,N,
SLG,SL Green Realty Corp Common Stock,N,NYSE,N,N,
SLG$I,SL Green Realty Corporation Preferred Series I,N,NYSE,N,N,
SLGB,Smart Logistics Global Limited - Class A Ordinary Shares,Q,Nasdaq,N,N,D
SLGL,Sol-Gel Technologies Ltd. - Ordinary Shares,Q,Nasdaq,N,N,N
SLGN,Silgan Holdings Inc. Common Stock,N,NYSE,N,N,
SLI,Standard Lithium Ltd. Common Shares,A,NYSE American,N,N,
SLJY,Amplify SILJ Junior Silver Miners Covered Call ETF,P,NYSE Arca,Y,N,
SLM,SLM Corporation - Common Stock,Q,Nasdaq,N,N,N
SLMBP,"SLM Corporation - Floating Rate Non-Cumulative Preferred Stock, Series B",Q,Nasdaq,N,N,N
SLMT,Brera Holdings PLC - Class B Ordinary Shares,Q,Nasdaq,N,N,N
SLN,Silence Therapeutics Plc - American Depository Share,Q,Nasdaq,N,N,N
SLND,"Southland Holdings, Inc. Common Stock",A,NYSE American,N,N,
SLND.W,"Southland Holdings, Inc. Warrants",A,NYSE American,N,N,
SLNG,"Stabilis Solutions, Inc. - Common Stock",Q,Nasdaq,N,N,N
SLNH,"Soluna Holdings, Inc. - Common Stock",Q,Nasdaq,N,N,N
SLNHP,"Soluna Holdings, Inc. - 9.0% Series A Cumulative Perpetual Preferred Stock",Q,Nasdaq,N,N,N
SLNZ,TCW Senior Loan ETF,N,NYSE,Y,N,
SLON,ProShares Ultra Solana ETF,P,NYSE Arca,Y,N,
SLP,"Simulations Plus, Inc. - Common Stock",Q,Nasdaq,N,N,N
SLQD,iShares 0-5 Year Investment Grade Corporate Bond ETF,Q,Nasdaq,Y,N,N
SLQT,"SelectQuote, Inc. Common Stock",N,NYSE,N,N,
SLRC,SLR Investment Corp. - Closed End Fund,Q,Nasdaq,N,N,N
SLS,"SELLAS Life Sciences Group, Inc.  - Common Stock",Q,Nasdaq,N,N,N
SLSN,"Solesence, Inc. - Common stock",Q,Nasdaq,N,N,N
SLSR,Solaris Resources Inc. Common Shares,A,NYSE American,N,N,
SLTY,YieldMax Ultra Short Option Income Strategy ETF,P,NYSE Arca,Y,N,
SLV,iShares Silver Trust,P,NYSE Arca,Y,N,
SLVM,Sylvamo Corporation Common Stock,N,NYSE,N,N,
SLVO,"ETRACS Silver Shares Covered Call ETNs due April 21, 2033",Q,Nasdaq,Y,N,N
SLVP,iShares MSCI Global Silver and Metals Miners ETF,Z,Cboe BZX,Y,N,
SLVR,Sprott Silver Miners & Physical Silver ETF,Q,Nasdaq,Y,N,N
SLVX,Nicholas Silver Income ETF,P,NYSE Arca,Y,N,
SLVY,FT Vest Silver Strategy & Target Income ETF,Z,Cboe BZX,Y,N,
SLWS,Wisdom Short Duration Income ETF,P,NYSE Arca,Y,N,
SLX,VanEck Steel ETF,P,NYSE Arca,Y,N,
SLXN,Silexion Therapeutics Corp - Ordinary Shares,Q,Nasdaq,N,N,N
SLXNW,Silexion Therapeutics Corp - Warrant,Q,Nasdaq,N,N,N
SLYG,State Street SPDR S&P 600 Small Cap Growth ETF,P,NYSE Arca,Y,N,
SLYV,State Street SPDR S&P 600 Small Cap Value ETF,P,NYSE Arca,Y,N,
SM,SM Energy Company Common Stock,N,NYSE,N,N,
SMA,"SmartStop Self Storage REIT, Inc. Common Stock",N,NYSE,N,N,
SMAX,iShares Large Cap Max Buffer Sep ETF,Z,Cboe BZX,Y,N,
SMAY,FT Vest U.S. Small Cap Moderate Buffer ETF - May,Z,Cboe BZX,Y,N,
SMB,VanEck Short Muni ETF,Z,Cboe BZX,Y,N,
SMBC,"Southern Missouri Bancorp, Inc. - Common Stock",Q,Nasdaq,N,N,N
SMBK,"SmartFinancial, Inc. Common Stock",N,NYSE,N,N,
SMBS,Schwab Mortgage-Backed Securities ETF,P,NYSE Arca,Y,N,
SMC,Summit Midstream Corporation Common Stock,N,NYSE,N,N,
SMCC,Corgi SMCI 2x Daily ETF,Z,Cboe BZX,Y,N,
SMCF,Themes US Small Cap Cash Flow Champions ETF,Q,Nasdaq,Y,N,N
SMCI,"Super Micro Computer, Inc. - Common Stock",Q,Nasdaq,N,N,N
SMCIP,"Super Micro Computer, Inc. - Depositary Shares Each Representing a 1/20th Interest in a Share of 7% Series A Mandatory Convertible Preferred Stock",Q,Nasdaq,N,N,N
SMCL,GraniteShares 2x Long SMCI Daily ETF,Q,Nasdaq,Y,N,N
SMCO,Hilton Small-MidCap Opportunity ETF,Q,Nasdaq,Y,N,N
SMCP,SMART Mid Cap ETF,P,NYSE Arca,Y,N,
SMCX,Defiance Daily Target 2X Long SMCI ETF,Q,Nasdaq,Y,N,N
SMCY,YieldMax SMCI Option Income Strategy ETF,P,NYSE Arca,Y,N,
SMCZ,Defiance Daily Target 2X Short SMCI ETF,Q,Nasdaq,Y,N,N
SMDD,UltraPro Short MidCap400,P,NYSE Arca,Y,N,
SMDV,ProShares Russell 2000 Dividend Growers ETF,Z,Cboe BZX,Y,N,
SMDX,Intech S&P Small-Mid Cap Diversified Alpha ETF,P,NYSE Arca,Y,N,
SMFG,Sumitomo Mitsui Financial Group Inc Unsponsored American Depositary Shares (Japan),N,NYSE,N,N,
SMG,Scotts Miracle-Gro Company (The) Common Stock,N,NYSE,N,N,
SMH,VanEck Semiconductor ETF,Q,Nasdaq,Y,N,N
SMHB,ETRACS Monthly Pay 2x Leveraged Small Cap High Dividend ETN Series B,P,NYSE Arca,N,N,
SMHC,VanEck China Semiconductor ETF,Q,Nasdaq,Y,N,N
SMHI,SEACOR Marine Holdings Inc. Common Stock ,N,NYSE,N,N,
SMHX,VanEck Fabless Semiconductor ETF,Q,Nasdaq,Y,N,N
SMID,Smith-Midland Corporation - Common Stock,Q,Nasdaq,N,N,N
SMIG,Bahl & Gaynor Small/Mid Cap Income Growth ETF,P,NYSE Arca,Y,N,
SMIN,Ishares MSCI India Small Cap ETF,Z,Cboe BZX,Y,N,
SMIZ,Zacks Small/Mid Cap ETF,P,NYSE Arca,Y,N,
SMJF,SMJ International Holdings Inc. Class A Ordinary Shares,A,NYSE American,N,N,
SMLF,iShares U.S. Small-Cap Equity Factor ETF,P,NYSE Arca,Y,N,
SMLL,Harbor Active Small Cap ETF,P,NYSE Arca,Y,N,
SMLV,State Street SPDR US Small Cap Low Volatility Index ETF,P,NYSE Arca,Y,N,
SMMD,iShares Russell 2500 ETF,Z,Cboe BZX,Y,N,
SMMT,Summit Therapeutics Inc.  - Common Stock,Q,Nasdaq,N,N,N
SMMU,Short Term Municipal Bond Active Exchange-Traded Fund,P,NYSE Arca,Y,N,
SMMV,iShares MSCI USA Small-Cap Min Vol Factor ETF,Z,Cboe BZX,Y,N,
SMN,ProShares UltraShort Materials,P,NYSE Arca,Y,N,
SMOG,VanEck Low Carbon Energy ETF,P,NYSE Arca,Y,N,
SMOM,Symmetry Panoramic Sector Momentum ETF,Q,Nasdaq,Y,N,N
SMOT,VanEck Morningstar SMID Moat ETF,Z,Cboe BZX,Y,N,
SMOX,Horizon Small/Mid Cap Core Equity ETF,P,NYSE Arca,Y,N,
SMP,"Standard Motor Products, Inc. Common Stock",N,NYSE,N,N,
SMPL,The Simply Good Foods Company - Common Stock,Q,Nasdaq,N,N,N
SMR,NuScale Power Corporation Class A Common Stock,N,NYSE,N,N,
SMRF,"ALPS Nautilus SMR, Nuclear & Technology ETF",P,NYSE Arca,Y,N,
SMRI,Bushido Capital US Equity ETF,Q,Nasdaq,Y,N,N
SMRT,"SmartRent, Inc. Class A Common Stock",N,NYSE,N,N,
SMRX,Corgi SMR 2x Daily ETF,Z,Cboe BZX,Y,N,
SMSI,"Smith Micro Software, Inc. - Common Stock",Q,Nasdaq,N,N,N
SMST,Defiance Daily Target 2x Short MSTR ETF,Q,Nasdaq,Y,N,N
SMTC,Semtech Corporation - Common Stock,Q,Nasdaq,N,N,N
SMTG,Leverage Shares 2X Long SMTC Daily ETF,Z,Cboe BZX,Y,N,
SMTH,ALPS Smith Core Plus Bond ETF,P,NYSE Arca,Y,N,
SMTI,Sanara MedTech Inc. - Common Stock,Q,Nasdaq,N,N,N
SMTK,"SmartKem, Inc. - Common Stock",Q,Nasdaq,N,N,D
SMU,Tradr 2X Long SMR Daily ETF,Z,Cboe BZX,Y,N,
SMUP,T-REX 2X Long SMR Daily Target ETF,Z,Cboe BZX,Y,N,
SMWB,Similarweb Ltd. Ordinary Shares,N,NYSE,N,N,
SMX,SMX (Security Matters) Public Limited Company - Ordinary Shares,Q,Nasdaq,N,N,N
SMXT,Solarmax Technology Inc. - Common Stock,Q,Nasdaq,N,N,D
SMXWW,SMX (Security Matters) Public Limited Company - Warrant,Q,Nasdaq,N,N,N
SMYY,GraniteShares YieldBOOST SMCI ETF,Q,Nasdaq,Y,N,N
SMZ,Tradr 2X Short SMR Daily ETF,Z,Cboe BZX,Y,N,
SN,"SharkNinja, Inc. Ordinary Shares",N,NYSE,N,N,
SNA,Snap-On Incorporated Common Stock,N,NYSE,N,N,
SNAG,Leverage Shares 2x Long SNAP Daily ETF,Q,Nasdaq,Y,N,N
SNAL,"Snail, Inc. - Class A Common Stock",Q,Nasdaq,N,N,D
SNAP,Snap Inc. Class A Common Stock,N,NYSE,N,N,
SNAV,Mohr Sector Nav ETF,Z,Cboe BZX,Y,N,
SND,"Smart Sand, Inc. - Common Stock",Q,Nasdaq,N,N,N
SNDA,"Sonida Senior Living, Inc. Common Stock",N,NYSE,N,N,
SNDC,Corgi SNDK 2x Daily ETF,Z,Cboe BZX,Y,N,
SNDG,Leverage Shares 2X Long SNDK Daily ETF,Z,Cboe BZX,Y,N,
SNDK,Sandisk Corporation - Common Stock When-Issued,Q,Nasdaq,N,N,N
SNDL,SNDL Inc. - Common Shares,Q,Nasdaq,N,N,N
SNDQ,Tradr 2X Short SNDK Daily ETF,Z,Cboe BZX,Y,N,
SNDR,"Schneider National, Inc. Common Stock",N,NYSE,N,N,
SNDU,T-REX 2X Long SNDK Daily Target ETF,Z,Cboe BZX,Y,N,
SNDX,"Syndax Pharmaceuticals, Inc. - Common Stock",Q,Nasdaq,N,N,N
SNES,"SenesTech, Inc. - Common Stock",Q,Nasdaq,N,N,N
SNEX,StoneX Group Inc. - Common Stock,Q,Nasdaq,N,N,N
SNFCA,Security National Financial Corporation - Class A Common Stock,Q,Nasdaq,N,N,N
SNGX,"Soligenix, Inc. - Common Stock",Q,Nasdaq,N,N,D
SNK,GraniteShares 2x Short SpaceX Daily ETF,Z,Cboe BZX,Y,N,
SNN,"Smith & Nephew SNATS, Inc. Common Stock",N,NYSE,N,N,
SNOA,"Sonoma Pharmaceuticals, Inc. - Common Stock",Q,Nasdaq,N,N,N
SNOU,T-REX 2X Long SNOW Daily Target ETF,Z,Cboe BZX,Y,N,
SNOV,FT Vest U.S. Small Cap Moderate Buffer ETF - November,Z,Cboe BZX,Y,N,
SNOW,Snowflake Inc. Common Stock,N,NYSE,N,N,
SNOY,YieldMax SNOW Option Income Strategy ETF,P,NYSE Arca,Y,N,
SNPD,Xtrackers S&P Dividend Aristocrats Screened ETF,Z,Cboe BZX,Y,N,
SNPE,Xtrackers S&P 500 Scored & Screened ETF,P,NYSE Arca,Y,N,
SNPG,Xtrackers S&P 500 Growth Scored & Screened ETF,Z,Cboe BZX,Y,N,
SNPS,"Synopsys, Inc. - Common Stock",Q,Nasdaq,N,N,N
SNSR,Global X Internet of Things ETF,Q,Nasdaq,Y,N,N
SNT,Senstar Technologies Corporation - Common Shares,Q,Nasdaq,N,N,N
SNTG,Sentage Holdings Inc. - Class A Ordinary Shares,Q,Nasdaq,N,N,N
SNTH,MRP SynthEquity ETF,P,NYSE Arca,Y,N,
SNTI,"Senti Biosciences Holdings, Inc. - Common Stock",Q,Nasdaq,N,N,N
SNTQ,MRP SynthEquity Nasdaq 100 ETF,Z,Cboe BZX,Y,N,
SNWV,"SANUWAVE Health, Inc. - Common Stock",Q,Nasdaq,N,N,N
SNX,TD SYNNEX Corporation Common Stock,N,NYSE,N,N,
SNXX,Tradr 2X Long SNDK Daily ETF,Z,Cboe BZX,Y,N,
SNY,Sanofi - American Depositary Shares,Q,Nasdaq,N,N,N
SNYR,Synergy CHC Corp. - Common Stock,Q,Nasdaq,N,N,D
SO,Southern Company (The) Common Stock,N,NYSE,N,N,
SOAR,"Volato Group, Inc. Class A Common Stock",A,NYSE American,N,N,
SOBO,South Bow Corporation Common Shares,N,NYSE,N,N,
SOBR,"SOBR Safe, Inc. - Common Stock",Q,Nasdaq,N,N,D
SOC,Sable Offshore Corp. Common Stock,N,NYSE,N,N,
SOCA,Solarius Capital Acquisition Corp. - Class A Ordinary Share,Q,Nasdaq,N,N,N
SOCAU,Solarius Capital Acquisition Corp. - Units,Q,Nasdaq,N,N,N
SOCAW,Solarius Capital Acquisition Corp. - Warrant,Q,Nasdaq,N,N,N
SOCL,Global X Social Media ETF,Q,Nasdaq,Y,N,N
SOEZ,Franklin Solana ETF,P,NYSE Arca,Y,N,
SOFA,Direxion Daily SOFI Bull 2X ETF,Q,Nasdaq,Y,N,N
SOFC,Corgi SOFI 2x Daily ETF,Z,Cboe BZX,Y,N,
SOFI,"SoFi Technologies, Inc.  - Common Stock",Q,Nasdaq,N,N,N
SOFR,Amplify Samsung SOFR ETF,P,NYSE Arca,Y,N,
SOFX,Defiance Daily Target 2X Long SOFI ETF,Q,Nasdaq,Y,N,N
SOGP,Sound Group Inc. - American Depositary Shares,Q,Nasdaq,N,N,N
SOHU,Sohu.com Limited  - American Depositary Shares,Q,Nasdaq,N,N,N
SOJC,"Southern Company (The) Series 2017B 5.25% Junior Subordinated Notes due December 1, 2077",N,NYSE,N,N,
SOJD,"Southern Company (The) Series 2020A 4.95% Junior Subordinated Notes due January 30, 2080",N,NYSE,N,N,
SOJE,"Southern Company (The) Series 2020C 4.20% Junior Subordinated Notes due October 15, 2060",N,NYSE,N,N,
SOJF,"Southern Company (The) Series 2025A 6.50% Junior Subordinated Notes due March 15, 2085",N,NYSE,N,N,
SOLC,Canary Marinade Solana ETF,Q,Nasdaq,Y,N,N
SOLM,Amplify Solana 3% Monthly Option Income ETF,Z,Cboe BZX,Y,N,
SOLS,Solstice Advanced Materials Inc. - Common Stock,Q,Nasdaq,N,N,N
SOLT,2x Solana ETF,Q,Nasdaq,Y,N,N
SOLV,Solventum Corporation Common Stock,N,NYSE,N,N,
SOLZ,Solana ETF,Q,Nasdaq,Y,N,N
SOMN,Southern Company (The) 2025 Series A Corporate Units,N,NYSE,N,N,
SON,Sonoco Products Company Common Stock,N,NYSE,N,N,
SONM,"DNA X, Inc. - Common Stock",Q,Nasdaq,N,N,D
SONO,"Sonos, Inc. - Common Stock",Q,Nasdaq,N,N,N
SONY,Sony Group Corporation American Depositary Shares ,N,NYSE,N,N,
SOPH,SOPHiA GENETICS SA - Ordinary Shares,Q,Nasdaq,N,N,N
SOR,"Source Capital, Inc. Cmn Shs of BI",N,NYSE,N,N,
SORA,AsiaStrategy - Ordinary Shares,Q,Nasdaq,N,N,N
SORN,Soren Acquisition Corp. - Class A Ordinary Shares,Q,Nasdaq,N,N,N
SORNU,Soren Acquisition Corp. - Unit,Q,Nasdaq,N,N,N
SORNW,Soren Acquisition Corp. - Warrant,Q,Nasdaq,N,N,N
SOS,SOS Limited Class A Ordinary Shares,N,NYSE,N,N,
SOTK,Sono-Tek Corporation - Common Stock,Q,Nasdaq,N,N,N
SOUL,Soulpower Acquisition Corporation Class A Ordinary Shares,N,NYSE,N,N,
SOUL.R,"Soulpower Acquisition Corporation Rights, each right entitling the holder to receive one-tenth (1/10) of one Class A Ordinary Share",N,NYSE,N,N,
SOUL.U,"Soulpower Acquisition Corporation Units, each consisting of one Class A ordinary share and one right",N,NYSE,N,N,
SOUN,"SoundHound AI, Inc. - Class A Common Stock",Q,Nasdaq,N,N,N
SOUNW,"SoundHound AI, Inc. - Warrant",Q,Nasdaq,N,N,N
SOUX,Defiance Daily Target 2X Long SOUN ETF,Q,Nasdaq,Y,N,N
SOVF,Sovereign's Capital Flourish Fund,P,NYSE Arca,Y,N,
SOWG,Sow Good Inc. - Common Stock,Q,Nasdaq,N,N,N
SOXL,Direxion Daily Semiconductor Bull 3X ETF,P,NYSE Arca,Y,N,
SOXQ,Invesco PHLX Semiconductor ETF,Q,Nasdaq,Y,N,N
SOXS,Direxion Daily Semiconductor Bear 3X ETF,P,NYSE Arca,Y,N,
SOXX,iShares PHLX SOX Semiconductor Sector Index Fund,Q,Nasdaq,Y,N,N
SOXY,YieldMax Target 12 Semiconductor Option Income ETF,P,NYSE Arca,Y,N,
SOYB,Teucrium Soybean Fund ETV,P,NYSE Arca,Y,N,
SPAB,State Street SPDR Portfolio Aggregate Bond ETF,P,NYSE Arca,Y,N,
SPAI,Safe Pro Group Inc. - Common Stock,Q,Nasdaq,N,N,N
SPAL,GraniteShares 2x Long SpaceX Daily ETF,Z,Cboe BZX,Y,N,
SPAM,Themes Cybersecurity ETF,Q,Nasdaq,Y,N,N
SPAQ,Horizon Kinetics SPAC Active ETF,Q,Nasdaq,Y,N,N
SPAX,T-REX 2X Long SPCX Daily Target ETF,P,NYSE Arca,Y,N,
SPB,"Spectrum Brands Holdings, Inc. Common Stock",N,NYSE,N,N,
SPBC,Simplify US Equity PLUS Bitcoin Strategy ETF,Q,Nasdaq,Y,N,N
SPBO,State Street SPDR Portfolio Corporate Bond ETF,P,NYSE Arca,Y,N,
SPBU,AllianzIM Buffer15 Uncapped Allocation ETF,Z,Cboe BZX,Y,N,
SPBW,AllianzIM Buffer20 Allocation ETF,Z,Cboe BZX,Y,N,
SPBX,AllianzIM 6 Month Buffer10 Allocation ETF,Z,Cboe BZX,Y,N,
SPCB,"SuperCom, Ltd. - Ordinary Shares",Q,Nasdaq,N,N,N
SPCE,"Virgin Galactic Holdings, Inc. Common Stock",N,NYSE,N,N,
SPCF,ProShares Ultra SpaceX,P,NYSE Arca,Y,N,
SPCG,Tradr 2X Short SpaceX Daily ETF,Z,Cboe BZX,Y,N,
SPCH,Leverage Shares 2X Long SPCX Daily ETF,Z,Cboe BZX,Y,N,
SPCI,Tuttle Capital Space Industry Income Blast ETF,Z,Cboe BZX,Y,N,
SPCK,SPAC and New Issue ETF,Q,Nasdaq,Y,N,N
SPCL,Defiance Pure Space Daily 2X Strategy ETF,Z,Cboe BZX,Y,N,
SPCM,Tradr 2X Long SpaceX Daily ETF,Z,Cboe BZX,Y,N,
SPCQ,Defiance Daily Target 2X Short SPCX ETF,Z,Cboe BZX,Y,N,
SPCT,Liberty One Spectrum ETF,Q,Nasdaq,Y,N,N
SPCU,Defiance Daily Target 2X Long SPCX ETF,Z,Cboe BZX,Y,N,
SPCX,Space Exploration Technologies Corp. - Class A Common Stock,Q,Nasdaq,N,N,N
SPD,Simplify US Equity PLUS Downside Convexity ETF,P,NYSE Arca,Y,N,
SPDF,Defender Risk Adaptive 500 ETF,Z,Cboe BZX,Y,N,
SPDG,State Street SPDR Portfolio S&P Sector Neutral Dividend ETF,P,NYSE Arca,Y,N,
SPDN,Direxion Daily S&P 500 Bear 1X ETF,P,NYSE Arca,Y,N,
SPDV,AAM S&P 500 High Dividend Value ETF,P,NYSE Arca,Y,N,
SPDW,State Street SPDR Portfolio Developed World ex-US ETF,P,NYSE Arca,Y,N,
SPE,"Special Opportunities Fund, Inc Common Stock",N,NYSE,N,N,
SPE$C,"Special Opportunities Fund Inc. 2.75% Convertible Preferred Stock, Series C",N,NYSE,N,N,
SPEG,Silver Pegasus Acquisition Corp - Class A Ordinary Shares,Q,Nasdaq,N,N,N
SPEGR,Silver Pegasus Acquisition Corp - Rights,Q,Nasdaq,N,N,N
SPEGU,Silver Pegasus Acquisition Corp - Unit,Q,Nasdaq,N,N,N
SPEM,State Street SPDR Portfolio Emerging Markets ETF,P,NYSE Arca,Y,N,
SPEU,State Street SPDR Portfolio Europe ETF,P,NYSE Arca,Y,N,
SPFF,Global X SuperIncome Preferred ETF,P,NYSE Arca,Y,N,
SPFI,"South Plains Financial, Inc. - Common Stock",Q,Nasdaq,N,N,N
SPG,"Simon Property Group, Inc. Common Stock",N,NYSE,N,N,
SPG$J,"Simon Property Group, Inc. Simon Property Group 8 3/8% Series J Cumulative Redeemable Preferred Stock",N,NYSE,N,N,
SPGI,S&P Global Inc. Common Stock,N,NYSE,N,N,
SPGM,State Street SPDR Portfolio MSCI Global Stock Market ETF,P,NYSE Arca,Y,N,
SPGP,Invesco S&P 500 GARP ETF,P,NYSE Arca,Y,N,
SPH,"Suburban Propane Partners, L.P. Common Stock",N,NYSE,N,N,
SPHB,Invesco S&P 500 High Beta ETF,P,NYSE Arca,Y,N,
SPHD,Invesco S&P 500 High Dividend Low Volatility ETF,P,NYSE Arca,Y,N,
SPHL,Springview Holdings Ltd - Ordinary shares,Q,Nasdaq,N,N,N
SPHQ,Invesco S&P 500 Quality ETF,P,NYSE Arca,Y,N,
SPHR,Sphere Entertainment Co. Class A Common Stock,N,NYSE,N,N,
SPHY,State Street SPDR Portfolio High Yield Bond ETF,P,NYSE Arca,Y,N,
SPIB,State Street SPDR Portfolio Intermediate Term Corporate Bond ETF,P,NYSE Arca,Y,N,
SPIN,State Street US Equity Premium Income ETF,Z,Cboe BZX,Y,N,
SPIP,State Street SPDR Portfolio TIPS ETF,P,NYSE Arca,Y,N,
SPIR,"Spire Global, Inc. Class A Common Stock",N,NYSE,N,N,
SPIT,F/m Emerald Special Situations ETF,Q,Nasdaq,Y,N,N
SPKL,Spark I Acquisition Corp. - Class A Ordinary Share,Q,Nasdaq,N,N,D
SPKLU,Spark I Acquisition Corp. - Unit,Q,Nasdaq,N,N,N
SPKLW,Spark I Acquisition Corp. - Warrant,Q,Nasdaq,N,N,N
SPLB,State Street SPDR Portfolio Long Term Corporate Bond ETF,P,NYSE Arca,Y,N,
SPLS,PIMCO US Stocks PLUS Active Bond Exchange-Traded Fund,Z,Cboe BZX,Y,N,
SPLV,Invesco S&P 500 Low Volatility ETF,P,NYSE Arca,Y,N,
SPMA,"Sound Point Meridian Capital, Inc. 8.00% Series A Preferred Shares Due 2029",N,NYSE,N,N,
SPMB,State Street SPDR Portfolio Mortgage Backed Bond ETF,P,NYSE Arca,Y,N,
SPMC,"Sound Point Meridian Capital, Inc. Common Stock",N,NYSE,N,N,
SPMD,State Street SPDR Portfolio S&P 400 Mid Cap ETF,P,NYSE Arca,Y,N,
SPME,"Sound Point Meridian Capital, Inc. 7.875% Series B Preferred Shares due 2030",N,NYSE,N,N,
SPMO,Invesco S&P 500 Momentum ETF,P,NYSE Arca,Y,N,
SPNT,SiriusPoint Ltd. Common Shares,N,NYSE,N,N,
SPOG,Leverage Shares 2X Long SPOT Daily ETF,Q,Nasdaq,Y,N,N
SPOK,"Spok Holdings, Inc. - Common Stock",Q,Nasdaq,N,N,N
SPOT,Spotify Technology S.A. Ordinary Shares,N,NYSE,N,N,
SPPL,SIMPPLE LTD. - Ordinary Shares,Q,Nasdaq,N,N,N
SPPP,Sprott Physical Platinum and Palladium Trust,P,NYSE Arca,Y,N,
SPRB,"Spruce Biosciences, Inc. - Common Stock",Q,Nasdaq,N,N,N
SPRC,SciSparc Ltd. - Ordinary Shares,Q,Nasdaq,N,N,N
SPRE,SP Funds S&P Global REIT Sharia ETF,P,NYSE Arca,Y,N,
SPRO,"Spero Therapeutics, Inc. - Common Stock",Q,Nasdaq,N,N,N
SPRU,Spruce Power Holding Corporation Class A Common Stock,N,NYSE,N,N,
SPRX,Spear Alpha ETF,Q,Nasdaq,Y,N,N
SPRY,"ARS Pharmaceuticals, Inc. - Common Stock",Q,Nasdaq,N,N,N
SPSB,State Street SPDR Portfolio Short Term Corporate Bond ETF,P,NYSE Arca,Y,N,
SPSC,"SPS Commerce, Inc. - Common Stock",Q,Nasdaq,N,N,N
SPSK,SP Funds Dow Jones Global Sukuk ETF,P,NYSE Arca,Y,N,
SPSM,State Street SPDR Portfolio S&P 600 Small Cap ETF,P,NYSE Arca,Y,N,
SPT,"Sprout Social, Inc - Class A Common Stock",Q,Nasdaq,N,N,N
SPTB,State Street SPDR Portfolio Treasury ETF,P,NYSE Arca,Y,N,
SPTE,SP Funds S&P Global Technology ETF,P,NYSE Arca,Y,N,
SPTI,State Street SPDR Portfolio Intermediate Term Treasury ETF,P,NYSE Arca,Y,N,
SPTL,State Street SPDR Portfolio Long Term Treasury ETF,P,NYSE Arca,Y,N,
SPTM,State Street SPDR Portfolio S&P 1500 Composite Stock Market ETF,P,NYSE Arca,Y,N,
SPTS,State Street SPDR Portfolio Short Term Treasury ETF,P,NYSE Arca,Y,N,
SPTU,State Street SPDR Portfolio Ultra Short T-Bill ETF,P,NYSE Arca,Y,N,
SPTX,"Seaport Therapeutics, Inc. - Common Stock",Q,Nasdaq,N,N,N
SPUC,Simplify US Equity Income ETF,P,NYSE Arca,Y,N,
SPUS,SP Funds S&P 500 Sharia Industry Exclusions ETF,P,NYSE Arca,Y,N,
SPUT,Innovator Equity Premium Income - Daily PutWrite ETF,P,NYSE Arca,Y,N,
SPUU,Direxion Daily S&P 500 Bull 2X ETF,P,NYSE Arca,Y,N,
SPVM,Invesco S&P 500 Value with Momentum ETF,P,NYSE Arca,Y,N,
SPWH,"Sportsman's Warehouse Holdings, Inc. - Common Stock",Q,Nasdaq,N,N,N
SPWO,SP Funds S&P World (ex-US) ETF,P,NYSE Arca,Y,N,
SPWR,SunPower Inc. - Common Stock,Q,Nasdaq,N,N,N
SPWRW,SunPower Inc. - Warrant,Q,Nasdaq,N,N,N
SPXC,"SPX Technologies, Inc. Common Stock",N,NYSE,N,N,
SPXD,Xtrackers S&P 500 Diversified Sector Weight ETF,Q,Nasdaq,Y,N,N
SPXE,ProShares S&P 500 Ex-Energy ETF,P,NYSE Arca,Y,N,
SPXL,Direxion Daily S&P 500 Bull 3X ETF,P,NYSE Arca,Y,N,
SPXN,ProShares S&P 500 Ex-Financials ETF,P,NYSE Arca,Y,N,
SPXS,Direxion Daily S&P 500 Bear 3X ETF,P,NYSE Arca,Y,N,
SPXT,ProShares S&P 500 Ex-Technology ETF,P,NYSE Arca,Y,N,
SPXU,ProShares UltraPro Short S&P500,P,NYSE Arca,Y,N,
SPXV,ProShares S&P 500 Ex-Health Care ETF,P,NYSE Arca,Y,N,
SPXX,Nuveen S&P 500 Dynamic Overwrite Fund,N,NYSE,N,N,
SPY,State Street SPDR S&P 500 ETF Trust,P,NYSE Arca,Y,N,
SPYA,Twin Oak Endure ETF,Z,Cboe BZX,Y,N,
SPYC,Simplify US Equity PLUS Convexity ETF,P,NYSE Arca,Y,N,
SPYD,State Street SPDR Portfolio S&P 500 High Dividend ETF,P,NYSE Arca,Y,N,
SPYG,State Street SPDR Portfolio S&P 500 Growth ETF,P,NYSE Arca,Y,N,
SPYH,NEOS S&P 500 Hedged Equity Income ETF,Z,Cboe BZX,Y,N,
SPYI,NEOS S&P 500 High Income ETF,Z,Cboe BZX,Y,N,
SPYM,State Street SPDR Portfolio S&P 500 ETF,P,NYSE Arca,Y,N,
SPYQ,Tradr 2X Long SPY Quarterly ETF,Q,Nasdaq,Y,N,N
SPYT,Defiance S&P 500 Target Income ETF,P,NYSE Arca,Y,N,
SPYU,"MAX S&P 500 4X Leveraged ETNs due October 30, 2043",P,NYSE Arca,Y,N,
SPYV,State Street SPDR Portfolio S&P 500 Value ETF,P,NYSE Arca,Y,N,
SPYX,State Street SPDR S&P 500 Fossil Fuel Reserves Free ETF,P,NYSE Arca,Y,N,
SQFT,"Presidio Property Trust, Inc. - Class A Common Stock",Q,Nasdaq,N,N,N
SQFTP,"Presidio Property Trust, Inc. - 9.375% Series D Cumulative Redeemable Perpetual Preferred Stock, $0.01 par value per share",Q,Nasdaq,N,N,N
SQFTW,"Presidio Property Trust, Inc. - Series A Common Stock Purchase Warrants",Q,Nasdaq,N,N,N
SQLT,iShares MSCI USA Small-Cap Quality Factor ETF,Z,Cboe BZX,Y,N,
SQLV,Royce Quant Small-Cap Quality Value ETF,Q,Nasdaq,Y,N,N
SQM,Sociedad Quimica y Minera S.A. Common Stock,N,NYSE,N,N,
SQMX,FT Vest U.S. Equity Quarterly Max Buffer ETF,Z,Cboe BZX,Y,N,
SQNS,Sequans Communications S.A. American Depositary Shares (each representing one hundred (100) Ordinary Shares),N,NYSE,N,N,
SQQQ,ProShares UltraPro Short QQQ,Q,Nasdaq,Y,N,N
SQS,Sapient Quality Select ETF,Q,Nasdaq,Y,N,N
SR,Spire Inc. Common Stock,N,NYSE,N,N,
SRAD,Sportradar Group AG - Class A Ordinary Shares,Q,Nasdaq,N,N,N
SRBK,"SR Bancorp, Inc. - Common stock",Q,Nasdaq,N,N,N
SRCE,1st Source Corporation - Common Stock,Q,Nasdaq,N,N,N
SRE,DBA Sempra Common Stock,N,NYSE,N,N,
SREA,DBA Sempra 5.750% Junior Subordinated Notes due 2079,N,NYSE,N,N,
SRET,Global X SuperDividend REIT ETF,Q,Nasdaq,Y,N,N
SRFM,Surf Air Mobility Inc. Common Stock,N,NYSE,N,N,
SRG,Seritage Growth Properties Class A Common Stock,N,NYSE,N,N,
SRG$A,Seritage Growth Properties 7.00% Series A Cumulative Redeemable Preferred Shares of Beneficial Interest,N,NYSE,N,N,
SRHQ,SRH U.S. Quality GARP ETF,P,NYSE Arca,Y,N,
SRHR,SRH REIT Covered Call ETF,P,NYSE Arca,Y,N,
SRI,"Stoneridge, Inc. Common Stock",N,NYSE,N,N,
SRJN,Spire Inc. 6.375% Junior Subordinated Notes due 2086,N,NYSE,N,N,
SRL,Scully Royalty Ltd.,N,NYSE,N,N,
SRLN,State Street Blackstone Senior Loan ETF,P,NYSE Arca,Y,N,
SROI,Calamos Antetokounmpo Global Sustainable Equities ETF,P,NYSE Arca,Y,N,
SRPT,"Sarepta Therapeutics, Inc. - Common Stock",Q,Nasdaq,N,N,N
SRRK,Scholar Rock Holding Corporation - Common Stock,Q,Nasdaq,N,N,N
SRS,ProShares UltraShort Real Estate,P,NYSE Arca,Y,N,
SRTA,"Strata Critical Medical, Inc. - Class A Common Stock",Q,Nasdaq,N,N,N
SRTS,"Sensus Healthcare, Inc. - Common Stock",Q,Nasdaq,N,N,N
SRTY,ProShares UltraPro Short Russell2000,P,NYSE Arca,Y,N,
SRV,NXG Cushing Midstream Energy Fund Common Shares of Beneficial Interest,N,NYSE,N,N,
SRVR,Pacer Data & Infrastructure Real Estate ETF,P,NYSE Arca,Y,N,
SRXH,SRX Global Inc. Common Stock,A,NYSE American,N,N,
SRZN,"Surrozen, Inc. - Common Stock",Q,Nasdaq,N,N,N
SRZNW,"Surrozen, Inc. - Warrant",Q,Nasdaq,N,N,N
SSAC,SPACSphere Acquisition Corp. - Class A Ordinary Shares,Q,Nasdaq,N,N,N
SSACR,SPACSphere Acquisition Corp. - Rights,Q,Nasdaq,N,N,N
SSACU,SPACSphere Acquisition Corp. - Unit,Q,Nasdaq,N,N,N
SSACW,SPACSphere Acquisition Corp. - Warrant,Q,Nasdaq,N,N,N
SSB,SouthState Bank Corporation Common Stock,N,NYSE,N,N,
SSBI,Summit State Bank - Common Stock,Q,Nasdaq,N,N,N
SSCP,SMART Small Cap ETF,P,NYSE Arca,Y,N,
SSD,"Simpson Manufacturing Company, Inc. Common Stock",N,NYSE,N,N,
SSEA,Starry Sea Acquisition Corp - Ordinary Shares,Q,Nasdaq,N,N,N
SSEAR,Starry Sea Acquisition Corp - Rights,Q,Nasdaq,N,N,N
SSEAU,Starry Sea Acquisition Corp - Unit,Q,Nasdaq,N,N,N
SSFI,Day Hagan Smart Sector Fixed Income ETF,P,NYSE Arca,Y,N,
SSG,ProShares UltraShort Semiconductors,P,NYSE Arca,Y,N,
SSII,SS Innovations International Inc. - Common Stock,Q,Nasdaq,N,N,N
SSK,REX-Osprey SOL + Staking ETF,Z,Cboe BZX,Y,N,
SSL,Sasol Ltd. American Depositary Shares,N,NYSE,N,N,
SSM,Sono Group N.V. - Ordinary Shares,Q,Nasdaq,N,N,N
SSMG,Virtus Silvant Small/Mid Growth ETF,P,NYSE Arca,Y,N,
SSMR,Sunshine Silver Mining & Refining Company Common Stock,N,NYSE,N,N,
SSNC,"SS&C Technologies Holdings, Inc. - Common Stock",Q,Nasdaq,N,N,N
SSO,ProShares Ultra S&P500,P,NYSE Arca,Y,N,
SSP,E.W. Scripps Company (The) - Class A Common Stock,Q,Nasdaq,N,N,N
SSPC,Leverage Shares 2X Short SPCX Daily ETF,Z,Cboe BZX,Y,N,
SSPY,Stratified LargeCap Index ETF,P,NYSE Arca,Y,N,
SSRM,SSR Mining Inc. - Common Stock,Q,Nasdaq,N,N,N
SSS,CYBER HORNET S&P 500 and Solana 75/25 Strategy ETF,Q,Nasdaq,Y,N,N
SST,"System1, Inc. Class A Common Stock",N,NYSE,N,N,
SSTI,"SoundThinking, Inc. - Common Stock",Q,Nasdaq,N,N,N
SSTK,"Shutterstock, Inc. Common Stock",N,NYSE,N,N,
SSUS,Day Hagan Smart Sector ETF,P,NYSE Arca,Y,N,
SSXU,Day Hagan Smart Sector International ETF,P,NYSE Arca,Y,N,
SSYS,"Stratasys, Ltd. - Common Stock",Q,Nasdaq,N,N,N
ST,Sensata Technologies Holding plc Ordinary Shares,N,NYSE,N,N,
STAA,STAAR Surgical Company - Common Stock,Q,Nasdaq,N,N,N
STAG,"Stag Industrial, Inc. Common Stock",N,NYSE,N,N,
STAK,STAK Inc. - Class A Ordinary Shares,Q,Nasdaq,N,N,N
STAX,Nomura Tax-Free USA Short Term ETF,P,NYSE Arca,Y,N,
STBA,"S&T Bancorp, Inc. - Common Stock",Q,Nasdaq,N,N,N
STBF,Performance Trust Short Term Bond ETF,Z,Cboe BZX,Y,N,
STBQ,Amplify Stablecoin Technology Leaders ETF,P,NYSE Arca,Y,N,
STC,Stewart Information Services Corporation Common Stock,N,NYSE,N,N,
STCE,Schwab Crypto Thematic ETF,P,NYSE Arca,Y,N,
STE,STERIS plc (Ireland) Ordinary Shares,N,NYSE,N,N,
STEM,"Stem, Inc. Class A Common Stock",N,NYSE,N,N,
STEN,iShares Large Cap 10% Target Buffer Sep ETF,Z,Cboe BZX,Y,N,
STEP,StepStone Group Inc. - Class A Common Stock,Q,Nasdaq,N,N,N
STEW,"SRH Total Return Fund, Inc. Common Stock",N,NYSE,N,N,
STEX,Streamex Corp. - Common Stock,Q,Nasdaq,N,N,N
STFS,Star Fashion Culture Holdings Limited - Class A Ordinary Shares,Q,Nasdaq,N,N,N
STG,"Sunlands Technology Group American Depositary Shares, representing Class A ordinary shares",N,NYSE,N,N,
STGW,Stagwell Inc. - Class A Common Stock,Q,Nasdaq,N,N,N
STHH,STMicroelectronics NV ADRhedged,P,NYSE Arca,Y,N,
STHO,Star Holdings - Shares of Beneficial Interest,Q,Nasdaq,N,N,N
STI,"Solidion Technology, Inc. - Common Stock",Q,Nasdaq,N,N,N
STIM,"Neuronetics, Inc. - Common Stock",Q,Nasdaq,N,N,N
STIP,iShares 0-5 Year TIPS Bond ETF,P,NYSE Arca,Y,N,
STK,Columbia Seligman Premium Technology Growth Fund Inc,N,NYSE,N,N,
STKE,Sol Strategies Inc. - Common Shares,Q,Nasdaq,N,N,N
STKH,Steakholder Foods Ltd. - American Depositary Shares,Q,Nasdaq,N,N,N
STKS,"The ONE Group Hospitality, Inc. - Common Stock",Q,Nasdaq,N,N,N
STLA,Stellantis N.V. Common Shares,N,NYSE,N,N,
STLD,"Steel Dynamics, Inc. - Common Stock",Q,Nasdaq,N,N,N
STLR,Stellar ETF,Z,Cboe BZX,Y,N,
STLU,2x Stellar ETF,Z,Cboe BZX,Y,N,
STM,STMicroelectronics N.V. Common Stock,N,NYSE,N,N,
STN,Stantec Inc Common Stock,N,NYSE,N,N,
STNC,Hennessy Sustainable ETF,Q,Nasdaq,Y,N,N
STNE,StoneCo Ltd. - Class A Common Share,Q,Nasdaq,N,N,N
STNG,Scorpio Tankers Inc. Common Shares,N,NYSE,N,N,
STOK,"Stoke Therapeutics, Inc. - Common Stock",Q,Nasdaq,N,N,N
STOT,State Street DoubleLine Short Duration Total Return Tactical ETF,Z,Cboe BZX,Y,N,
STOX,Horizon Core Equity ETF,Z,Cboe BZX,Y,N,
STPZ,PIMCO 1-5 Year U.S. TIPS Index Exchange-Traded Fund,P,NYSE Arca,Y,N,
STRA,"Strategic Education, Inc. - Common Stock",Q,Nasdaq,N,N,N
STRC,Strategy Inc - Variable Rate Series A Perpetual Stretch Preferred Stock,Q,Nasdaq,N,N,N
STRD,Strategy Inc - 10.00% Series A Perpetual Stride Preferred Stock,Q,Nasdaq,N,N,N
STRF,Strategy Inc - 10.00% Series A Perpetual Strife Preferred Stock,Q,Nasdaq,N,N,N
STRK,Strategy Inc - 8.00% Series A Perpetual Strike Preferred Stock,Q,Nasdaq,N,N,N
STRL,"Sterling Infrastructure, Inc. - Common Stock",Q,Nasdaq,N,N,N
STRN,SMART Trend 25 ETF,P,NYSE Arca,Y,N,
STRO,"Sutro Biopharma, Inc. - Common Stock",Q,Nasdaq,N,N,N
STRR,"Star Equity Holdings, Inc. - Common Stock",Q,Nasdaq,N,N,N
STRRP,"Star Equity Holdings, Inc. - 10% Series A Cumulative Perpetual Preferred Stock",Q,Nasdaq,N,N,N
STRS,Stratus Properties Inc. - Common Stock,Q,Nasdaq,N,N,N
STRT,STRATTEC SECURITY CORPORATION - Common Stock,Q,Nasdaq,N,N,N
STRW,"Strawberry Fields REIT, Inc. Common Stock",A,NYSE American,N,N,
STRZ,Starz Entertainment Corp. - Common Shares,Q,Nasdaq,N,N,N
STSM,Defiance Daily Target 2X Short TSM ETF,P,NYSE Arca,Y,N,
STT,State Street Corporation Common Stock,N,NYSE,N,N,
STT$G,"State Street Corporation Depositary shares, each representing a 1/4,000th ownership interest in a share of Fixed-to-Floating Rate Non-Cumulative",N,NYSE,N,N,
STTK,"Shattuck Labs, Inc. - Common Stock",Q,Nasdaq,N,N,N
STUB,"StubHub Holdings, Inc. Class A Common Stock",N,NYSE,N,N,
STVN,Stevanato Group S.p.A. Ordinary Shares,N,NYSE,N,N,
STWD,"STARWOOD PROPERTY TRUST, INC. Starwood Property Trust Inc.",N,NYSE,N,N,
STX,Seagate Technology Holdings PLC - Ordinary Shares (Ireland),Q,Nasdaq,N,N,N
STXD,Strive 1000 Dividend Growth ETF,N,NYSE,Y,N,
STXE,Strive Emerging Markets Ex-China ETF,N,NYSE,Y,N,
STXF,Strive 500 ETF,N,NYSE,Y,N,
STXG,Strive 1000 Growth ETF,N,NYSE,Y,N,
STXK,Strive Small-Cap ETF,N,NYSE,Y,N,
STXL,Defiance Daily Target 2x Long STX ETF,Z,Cboe BZX,Y,N,
STXS,"Stereotaxis, Inc. Common Stock",A,NYSE American,N,N,
STXT,Strive Total Return Bond ETF,N,NYSE,Y,N,
STXU,Leverage Shares 2X Long STX Daily ETF,Z,Cboe BZX,Y,N,
STXV,Strive 1000 Value ETF,N,NYSE,Y,N,
STXX,Tradr 2X Long STX Daily ETF,Z,Cboe BZX,Y,N,
STYL,Corgi Lifestyle Brands ETF,Z,Cboe BZX,Y,N,
STZ,"Constellation Brands, Inc. Common Stock",N,NYSE,N,N,
SU,Suncor Energy  Inc. Common Stock,N,NYSE,N,N,
SUB,iShares Short-Term National Muni Bond ETF,P,NYSE Arca,Y,N,
SUGP,SU Group Holdings Limited - Class A Ordinary Shares,Q,Nasdaq,N,N,N
SUI,"Sun Communities, Inc. Common Stock",N,NYSE,N,N,
SUIG,Sui Group Holdings Limited - Common Stock,Q,Nasdaq,N,N,N
SUIL,2x Sui ETF,Z,Cboe BZX,Y,N,
SUIS,Canary Staked SUI ETF,Q,Nasdaq,Y,N,N
SUJA,"Suja Life, Inc. - Class A Common Stock",Q,Nasdaq,N,N,N
SUMA,SUMA Acquisition Corporation - Class A Ordinary Shares,Q,Nasdaq,N,N,N
SUMAR,SUMA Acquisition Corporation - Rights,Q,Nasdaq,N,N,N
SUMAU,SUMA Acquisition Corporation - Units,Q,Nasdaq,N,N,N
SUN,Sunoco LP Common Units representing limited partner interests,N,NYSE,N,N,
SUNB,"Sunbelt Rentals Holdings, Inc. Common Stock",N,NYSE,N,N,
SUNC,"SunocoCorp LLC Common Units, representing limited liability company interests",N,NYSE,N,N,
SUNE,"SUNation Energy, Inc. - Common Stock",Q,Nasdaq,N,N,N
SUNS,"Sunrise Realty Trust, Inc. - Common Stock",Q,Nasdaq,N,N,N
SUPL,ProShares Supply Chain Logistics ETF,P,NYSE Arca,Y,N,
SUPN,"Supernus Pharmaceuticals, Inc. - Common Stock",Q,Nasdaq,N,N,N
SUPP,TCW Transform Supply Chain ETF,Q,Nasdaq,Y,N,N
SUPV,Grupo Supervielle S.A. American Depositary Shares each Representing five Class B shares,N,NYSE,N,N,
SUPX,SuperX AI Technology Limited - Ordinary Shares,Q,Nasdaq,N,N,N
SURE,AdvisorShares Insider Advantage ETF,P,NYSE Arca,Y,N,
SURG,"SurgePays, Inc. - Common Stock",Q,Nasdaq,N,N,D
SURI,Simplify Propel Opportunities ETF,P,NYSE Arca,Y,N,
SUSA,iShares ESG Optimized MSCI USA ETF,P,NYSE Arca,Y,N,
SUSB,iShares ESG Aware 1-5 Year USD Corporate Bond ETF,Q,Nasdaq,Y,N,N
SUSC,iShares ESG Aware USD Corporate Bond ETF,Q,Nasdaq,Y,N,N
SUSL,iShares ESG MSCI USA Leaders ETF,Q,Nasdaq,Y,N,N
SUZ,Suzano S.A. American Depositary Shares (each representing One Ordinary Share),N,NYSE,N,N,
SVA,"Sinovac Biotech, Ltd. - Ordinary Shares (Antigua/Barbudo)",Q,Nasdaq,N,N,N
SVAL,iShares US Small Cap Value Factor ETF,Z,Cboe BZX,Y,N,
SVAQ,Silicon Valley Acquisition Corp. - Class A Ordinary Shares,Q,Nasdaq,N,N,N
SVAQU,Silicon Valley Acquisition Corp. - Units,Q,Nasdaq,N,N,N
SVAQW,Silicon Valley Acquisition Corp. - Warrants,Q,Nasdaq,N,N,N
SVC,Service Properties Trust - Common Shares of Beneficial Interest,Q,Nasdaq,N,N,N
SVCC,Stellar V Capital Corp. - Class A Ordinary Shares,Q,Nasdaq,N,N,N
SVCCU,Stellar V Capital Corp. - Unit,Q,Nasdaq,N,N,N
SVCCW,Stellar V Capital Corp. - Warrant,Q,Nasdaq,N,N,N
SVCO,"Silvaco Group, Inc. - Common Stock",Q,Nasdaq,N,N,N
SVIV,Spring Valley Acquisition Corp. IV - Class A Ordinary Shares,Q,Nasdaq,N,N,N
SVIVU,Spring Valley Acquisition Corp. IV - Units,Q,Nasdaq,N,N,N
SVIVW,Spring Valley Acquisition Corp. IV - Warrants,Q,Nasdaq,N,N,N
SVIX,-1x Short VIX Futures ETF,Z,Cboe BZX,Y,N,
SVM,Silvercorp Metals Inc. Common Shares,A,NYSE American,N,N,
SVOL,Simplify Volatility Premium ETF,P,NYSE Arca,Y,N,
SVRA,"Savara, Inc. - Common Stock",Q,Nasdaq,N,N,N
SVRE,SaverOne 2014 Ltd. - American Depositary Shares,Q,Nasdaq,N,N,N
SVREW,SaverOne 2014 Ltd. - Warrant,Q,Nasdaq,N,N,N
SVRN,OceanPal Inc. - Common Stock,Q,Nasdaq,N,N,E
SVV,"Savers Value Village, Inc. Common Stock",N,NYSE,N,N,
SVXY,ProShares Short VIX Short Term Futures ETF,Z,Cboe BZX,Y,N,
SW,Smurfit WestRock plc Ordinary Shares,N,NYSE,N,N,
SWAG,"Stran & Company, Inc. - Common Stock",Q,Nasdaq,N,N,N
SWAGW,"Stran & Company, Inc. - Warrant",Q,Nasdaq,N,N,N
SWAN,Amplify BlackSwan Growth & Treasury Core ETF,P,NYSE Arca,Y,N,
SWBI,"Smith & Wesson Brands, Inc. - Common Stock",Q,Nasdaq,N,N,N
SWIM,"Latham Group, Inc. - Common Stock",Q,Nasdaq,N,N,N
SWK,"Stanley Black & Decker, Inc. Common Stock",N,NYSE,N,N,
SWKHL,SWK Holdings Corporation - 9.00% Senior Notes due 2027,Q,Nasdaq,N,N,N
SWKS,"Skyworks Solutions, Inc. - Common Stock",Q,Nasdaq,N,N,N
SWMR,"Swarmer, Inc - common stock",Q,Nasdaq,N,N,N
SWP,SWP Growth & Income ETF,Q,Nasdaq,Y,N,N
SWVL,Swvl Holdings Corp - Ordinary Shares,Q,Nasdaq,N,N,N
SWVLW,Swvl Holdings Corp - Warrant,Q,Nasdaq,N,N,N
SWX,"Southwest Gas Holdings, Inc. Common Stock (DE)",N,NYSE,N,N,
SWZ,Total Return Securities Fund Common Stock,N,NYSE,N,N,
SXC,"SunCoke Energy, Inc. Common Stock",N,NYSE,N,N,
SXI,Standex International Corporation Common Stock,N,NYSE,N,N,
SXQG,ETC 6 Meridian Quality Growth ETF,P,NYSE Arca,Y,N,
SXT,Sensient Technologies Corporation Common Stock,N,NYSE,N,N,
SXTC,"China SXT Pharmaceuticals, Inc. - Class A Ordinary Shares",Q,Nasdaq,N,N,N
SXTP,"60 Degrees Pharmaceuticals, Inc. - Common Stock",Q,Nasdaq,N,N,N
SXTPW,"60 Degrees Pharmaceuticals, Inc. - Warrant",Q,Nasdaq,N,N,N
SY,So-Young International Inc. - American Depository Shares,Q,Nasdaq,N,N,N
SYBT,"Stock Yards Bancorp, Inc. - Common Stock",Q,Nasdaq,N,N,N
SYF,Synchrony Financial Common Stock,N,NYSE,N,N,
SYF$A,"Synchrony Financial Depositary Shares, each Representing a 1/40th Interest in a Share of 5.625% Fixed Rate Non-Cumulative Perpetual Preferred Stock, Series A",N,NYSE,N,N,
SYF$B,"Synchrony Financial Depositary Shares Each Representing a 1/40th Interest in a Share of 8.250% Fixed Rate Reset Non-Cumulative Perpetual Preferred Stock, Series B",N,NYSE,N,N,
SYFI,AB Short Duration High Yield ETF,P,NYSE Arca,Y,N,
SYK,Stryker Corporation Common Stock,N,NYSE,N,N,
SYLD,Cambria Shareholder Yield ETF,Z,Cboe BZX,Y,N,
SYM,Symbotic Inc. - Class A Common Stock,Q,Nasdaq,N,N,N
SYNA,Synaptics Incorporated - Common Stock,Q,Nasdaq,N,N,N
SYNX,Silynxcom Ltd. Ordinary Shares,A,NYSE American,N,N,
SYPR,"Sypris Solutions, Inc. - Common Stock",Q,Nasdaq,N,N,N
SYRE,"Spyre Therapeutics, Inc. - Common Stock",Q,Nasdaq,N,N,N
SYSB,iShares Systematic Bond ETF,Z,Cboe BZX,Y,N,
SYY,Sysco Corporation Common Stock,N,NYSE,N,N,
SYZ,Lazard US Systematic Small Cap Equity ETF,Q,Nasdaq,Y,N,N
SZK,ProShares UltraShort Consumer Staples,P,NYSE Arca,Y,N,
SZZL,Sizzle Acquisition Corp. II - Class A ordinary shares,Q,Nasdaq,N,N,N
SZZLR,Sizzle Acquisition Corp. II - Right,Q,Nasdaq,N,N,N
SZZLU,Sizzle Acquisition Corp. II - Unit,Q,Nasdaq,N,N,N
T,AT&T Inc.,N,NYSE,N,N,
T$A,"AT&T Inc. Depositary Shares, each representing a 1/1,000th interest in a share of 5.000% Perpetual Preferred Stock, Series A",N,NYSE,N,N,
T$C,"AT&T Inc. Depositary Shares, each representing a 1/1,000th interest in a share of 4.750% Perpetual Preferred Stock, Series C",N,NYSE,N,N,
TABD,Transamerica Bond Active ETF,P,NYSE Arca,Y,N,
TAC,TransAlta Corporation Ordinary Shares,N,NYSE,N,N,
TACH,Titan Acquisition Corp. - Class A Ordinary Shares,Q,Nasdaq,N,N,N
TACHU,Titan Acquisition Corp. - Units,Q,Nasdaq,N,N,N
TACHW,Titan Acquisition Corp. - Warrants,Q,Nasdaq,N,N,N
TACK,Fairlead Tactical Sector ETF,P,NYSE Arca,Y,N,
TACN,T. Rowe Price Active Core International Equity ETF,P,NYSE Arca,Y,N,
TACO,Berto Acquisition Corp. - Ordinary Shares,Q,Nasdaq,N,N,N
TACOU,Berto Acquisition Corp. - unit,Q,Nasdaq,N,N,N
TACOW,Berto Acquisition Corp. - Warrant,Q,Nasdaq,N,N,N
TACT,TransAct Technologies Incorporated - Common Stock,Q,Nasdaq,N,N,N
TACU,T. Rowe Price Active Core U.S. Equity ETF,P,NYSE Arca,Y,N,
TAFI,AB Tax-Aware Short Duration Municipal ETF,P,NYSE Arca,Y,N,
TAFL,AB Tax-Aware Long Municipal ETF,P,NYSE Arca,Y,N,
TAFM,AB Tax-Aware Intermediate Municipal ETF,P,NYSE Arca,Y,N,
TAGG,T. Rowe Price QM U.S. Bond ETF,P,NYSE Arca,Y,N,
TAGS,Teucrium Agricultural Fund ETV,P,NYSE Arca,Y,N,
TAIL,Cambria Tail Risk ETF,Z,Cboe BZX,Y,N,
TAJX,Corgi India 2x Daily ETF,Z,Cboe BZX,Y,N,
TAK,Takeda Pharmaceutical Company Limited American Depositary Shares (each representing 1/2 of a share of Common Stock),N,NYSE,N,N,
TAL,TAL Education Group American Depositary Shares,N,NYSE,N,N,
TALK,"Talkspace, Inc. - Common Stock",Q,Nasdaq,N,N,N
TALO,"Talos Energy, Inc. Common Stock",N,NYSE,N,N,
TALV,Transamerica Large Value Active ETF,P,NYSE Arca,Y,N,
TAN,Invesco Solar ETF,P,NYSE Arca,Y,N,
TANH,Tantech Holdings Ltd. - Class A Common Shares,Q,Nasdaq,N,N,D
TAOP,Taoping Inc. - Ordinary Shares,Q,Nasdaq,N,N,N
TAOX,Tao Synergies Inc. - Common Stock,Q,Nasdaq,N,N,N
TAOZ,Thornburg American Opportunities Fund,Q,Nasdaq,Y,N,N
TAP,Molson Coors Beverage Company Class B Common Stock,N,NYSE,N,N,
TAP.A,Molson Coors Beverage Company Class A Common Stock,N,NYSE,N,N,
TAPR,Innovator Equity Defined Protection ETF - 2 Yr to April 2027,Z,Cboe BZX,Y,N,
TARA,"Protara Therapeutics, Inc.  - Common Stock",Q,Nasdaq,N,N,N
TARK,Tradr 2X Long Innovation ETF,Q,Nasdaq,Y,N,N
TARS,"Tarsus Pharmaceuticals, Inc. - Common Stock",Q,Nasdaq,N,N,N
TASK,"TaskUs, Inc. - Class A Common Stock",Q,Nasdaq,N,N,N
TATT,TAT Technologies Ltd. - Ordinary Shares,Q,Nasdaq,N,N,N
TAVI,Tavia Acquisition Corp. - Ordinary Shares,Q,Nasdaq,N,N,N
TAVIR,Tavia Acquisition Corp. - Right,Q,Nasdaq,N,N,N
TAVIU,Tavia Acquisition Corp. - Unit,Q,Nasdaq,N,N,N
TAX,Cambria Tax Aware ETF,Q,Nasdaq,Y,N,N
TAXE,Intermediate Municipal Income ETF,Q,Nasdaq,Y,N,N
TAXF,American Century Diversified Municipal Bond ETF,P,NYSE Arca,Y,N,
TAXI,Northern Trust Intermediate Tax-Exempt Bond ETF,Q,Nasdaq,Y,N,N
TAXM,BondBloxx IR+M Tax-Aware ETF for Massachusetts Residents,P,NYSE Arca,Y,N,
TAXS,Northern Trust Short-Term Tax-Exempt Bond ETF,Q,Nasdaq,Y,N,N
TAXT,Northern Trust Tax-Exempt Bond ETF,Q,Nasdaq,Y,N,N
TAXX,BondBloxx IR+M Tax-Aware Short Duration ETF,P,NYSE Arca,Y,N,
TAYD,"Taylor Devices, Inc. - Common Stock",Q,Nasdaq,N,N,N
TBB,AT&T Inc. 5.350% Global Notes due 2066,N,NYSE,N,N,
TBBB,BBB Foods Inc. Class A Common Shares,N,NYSE,N,N,
TBBK,"The Bancorp, Inc. - Common Stock",Q,Nasdaq,N,N,N
TBCH,Turtle Beach Corporation - Common Stock,Q,Nasdaq,N,N,N
TBF,ProShares Short 20+ Year Treasury,P,NYSE Arca,Y,N,
TBFC,The Brinsmere Fund  Conservative ETF,P,NYSE Arca,Y,N,
TBFG,The Brinsmere Fund Growth ETF,P,NYSE Arca,Y,N,
TBG,TBG Dividend Focus ETF,P,NYSE Arca,Y,N,
TBI,"TrueBlue, Inc. Common Stock",N,NYSE,N,N,
TBIL,F/m US Treasury 3 Month Bill Fund,Q,Nasdaq,Y,N,N
TBJL,Innovator 20  Year Treasury Bond 9 Buffer ETF - July,Z,Cboe BZX,Y,N,
TBLA,Taboola.com Ltd. - Ordinary Shares,Q,Nasdaq,N,N,N
TBLD,Thornburg Income Builder Opportunities Trust - Closed End Fund,Q,Nasdaq,N,N,N
TBLL,Invesco Short Term Treasury ETF,P,NYSE Arca,Y,N,
TBLU,Tortoise Global Water ETF,N,NYSE,Y,N,
TBN,Tamboran Resources Corporation Common stock,N,NYSE,N,N,
TBPH,"Theravance Biopharma, Inc. - Ordinary Shares",Q,Nasdaq,N,N,N
TBT,ProShares UltraShort Lehman 20  Year Treasury,P,NYSE Arca,Y,N,
TBUX,T. Rowe Price Ultra Short-Term Bond ETF,P,NYSE Arca,Y,N,
TBX,ProShares Short 7 10 Year Treasury,P,NYSE Arca,Y,N,
TBXU,Direxion Daily Biotech Top 5 Bull 2X ETF,P,NYSE Arca,Y,N,
TC,Token Cat Limited - American Depositary Shares,Q,Nasdaq,N,N,N
TCAF,T. Rowe Price Capital Appreciation Equity ETF,P,NYSE Arca,Y,N,
TCAI,Tortoise AI Infrastructure ETF,N,NYSE,Y,N,
TCAL,T. Rowe Price Capital Appreciation Premium Income ETF,P,NYSE Arca,Y,N,
TCAN,21Shares Canton Network ETF,Q,Nasdaq,Y,N,N
TCBI,"Texas Capital Bancshares, Inc. - Common Stock",Q,Nasdaq,N,N,N
TCBIO,"Texas Capital Bancshares, Inc. - Depositary Shares 5.75% Fixed Rate Non-Cumulative Perpetual Preferred Stock Series B",Q,Nasdaq,N,N,N
TCBK,TriCo Bancshares - Common Stock,Q,Nasdaq,N,N,N
TCBS,"Texas Community Bancshares, Inc. - Common Stock",Q,Nasdaq,N,N,N
TCBX,"Third Coast Bancshares, Inc. Common Stock",N,NYSE,N,N,
TCHI,iShares MSCI China Multisector Tech ETF,Q,Nasdaq,Y,N,N
TCHP,T. Rowe Price Blue Chip Growth ETF,P,NYSE Arca,Y,N,
TCI,"Transcontinental Realty Investors, Inc. Common Stock",N,NYSE,N,N,
TCMD,"Tactile Systems Technology, Inc. - Common Stock",Q,Nasdaq,N,N,N
TCOM,Trip.com Group Limited - American Depositary Shares,Q,Nasdaq,N,N,N
TCPA,TransCanada PipeLines Limited 6.250% Junior Subordinated Notes due 2085,N,NYSE,N,N,
TCPB,Thrivent Core Plus Bond ETF,P,NYSE Arca,Y,N,
TCPC,BlackRock TCP Capital Corp. - Closed End Fund,Q,Nasdaq,N,N,N
TCRT,"Alaunos Therapeutics, Inc. - Common Stock",Q,Nasdaq,N,N,D
TCRX,"TScan Therapeutics, Inc. - Common Stock",Q,Nasdaq,N,N,N
TCV,Towle Value ETF,P,NYSE Arca,Y,N,
TCX,Tucows Inc. - Common Stock,Q,Nasdaq,N,N,N
TD,Toronto Dominion Bank (The) Common Stock,N,NYSE,N,N,
TDAC,Translational Development Acquisition Corp. - Ordinary Shares,Q,Nasdaq,N,N,N
TDACU,Translational Development Acquisition Corp. - Units,Q,Nasdaq,N,N,N
TDACW,Translational Development Acquisition Corp. - Warrants,Q,Nasdaq,N,N,N
TDAQ,TappAlpha Innovation 100 Growth & Daily Income ETF,Z,Cboe BZX,Y,N,
TDAX,TDAQ Lift ETF,Z,Cboe BZX,Y,N,
TDAY,"USA TODAY Co., Inc. Common Stock",N,NYSE,N,N,
TDC,Teradata Corporation Common Stock,N,NYSE,N,N,
TDCL,GraniteShares 2x Long TDC Daily ETF,Q,Nasdaq,Y,N,N
TDEC,FT Vest Emerging Markets Buffer ETF - December,Z,Cboe BZX,Y,N,
TDF,"Templeton Dragon Fund, Inc. Common Stock",N,NYSE,N,N,
TDG,Transdigm Group Incorporated Common Stock,N,NYSE,N,N,
TDI,Touchstone Dynamic International ETF,Q,Nasdaq,Y,N,N
TDIC,Dreamland Limited - Class A Ordinary Shares,Q,Nasdaq,N,N,N
TDIV,First Trust NASDAQ Technology Dividend Index Fund,Q,Nasdaq,Y,N,N
TDOC,"Teladoc Health, Inc. Common Stock",N,NYSE,N,N,
TDOG,21shares Dogecoin ETF,Q,Nasdaq,Y,N,N
TDOT,21shares Polkadot ETF,Q,Nasdaq,Y,N,N
TDS,"Telephone and Data Systems, Inc. Common Shares",N,NYSE,N,N,
TDS$U,"Telephone and Data Systems, Inc. Depositary Shares, Each Representing a 1/1,000th Interest in a 6.625% Series UU Cumulative Redeemable Perpetual Preferred Stock",N,NYSE,N,N,
TDS$V,"Telephone and Data Systems, Inc. Depositary Shares, Each Representing a 1/1,000th Interest in a 6.000% Series VV Cumulative Redeemable Perpetual Preferred Stock",N,NYSE,N,N,
TDSB,ETC Cabana Target Beta ETF,Q,Nasdaq,Y,N,N
TDSC,ETC Cabana Target Drawdown 10 ETF,Q,Nasdaq,Y,N,N
TDTF,FlexShares iBoxx 5 Year Target Duration TIPS Index Fund,P,NYSE Arca,Y,N,
TDTH,Trident Digital Tech Holdings Ltd - American Depository Shares,Q,Nasdaq,N,N,D
TDTT,FlexShares iBoxx 3 Year Target Duration TIPS Index Fund,P,NYSE Arca,Y,N,
TDUP,ThredUp Inc. - Class A Common Stock,Q,Nasdaq,N,N,N
TDV,ProShares S&P Technology Dividend Aristocrats ETF,Z,Cboe BZX,Y,N,
TDVG,T. Rowe Price Dividend Growth ETF,P,NYSE Arca,Y,N,
TDVI,FT Vest Technology Dividend Target Income ETF,Z,Cboe BZX,Y,N,
TDW,Tidewater Inc. Common Stock,N,NYSE,N,N,
TDWD,Tailwind 2.0 Acquisition Corp. - Class A Ordinary Shares,Q,Nasdaq,N,N,N
TDWDR,Tailwind 2.0 Acquisition Corp. - Rights,Q,Nasdaq,N,N,N
TDWDU,Tailwind 2.0 Acquisition Corp. - Unit,Q,Nasdaq,N,N,N
TDY,Teledyne Technologies Incorporated Common Stock,N,NYSE,N,N,
TE,T1 Energy Inc. Common Stock,N,NYSE,N,N,
TEAD,Teads Holding Co. - Common Stock,Q,Nasdaq,N,N,N
TEAM,Atlassian Corporation  - Class A Common Stock,Q,Nasdaq,N,N,N
TEC,Harbor Transformative Technologies ETF,P,NYSE Arca,Y,N,
TECB,iShares U.S. Tech Breakthrough Multisector ETF,P,NYSE Arca,Y,N,
TECH,Bio-Techne Corp - Common Stock,Q,Nasdaq,N,N,N
TECK,Teck Resources Ltd Ordinary Shares,N,NYSE,N,N,
TECL,Direxion Daily Technology Bull 3X ETF,P,NYSE Arca,Y,N,
TECS,Direxion Technology Bear 3X ETF,P,NYSE Arca,Y,N,
TECX,"Tectonic Therapeutic, Inc. - Common Stock",Q,Nasdaq,N,N,N
TECY,GraniteShares YieldBOOST Technology ETF,Q,Nasdaq,Y,N,N
TEI,"Templeton Emerging Markets Income Fund, Inc. Common Stock",N,NYSE,N,N,
TEK,iShares Technology Opportunities Active ETF,P,NYSE Arca,Y,N,
TEKX,State Street Galaxy Transformative Tech Accelerators ETF,Q,Nasdaq,Y,N,N
TEKY,Lazard Next Gen Technologies ETF,Q,Nasdaq,Y,N,N
TEL,TE Connectivity plc Ordinary Shares,N,NYSE,N,N,
TELA,"TELA Bio, Inc. - Common stock",Q,Nasdaq,N,N,D
TELG,Leverage Shares 2X Long TEL Daily ETF,Z,Cboe BZX,Y,N,
TELO,"Telomir Pharmaceuticals, Inc. - Common Stock",Q,Nasdaq,N,N,N
TEM,"Tempus AI, Inc. - Class A Common Stock",Q,Nasdaq,N,N,N
TEMC,Corgi TEM 2x Daily ETF,Z,Cboe BZX,Y,N,
TEMD,Templeton Emerging Markets Debt ETF,P,NYSE Arca,Y,N,
TEMR,T. Rowe Price Emerging Markets Equity Research ETF,P,NYSE Arca,Y,N,
TEMT,Tradr 2X Long TEM Daily ETF,Z,Cboe BZX,Y,N,
TEMX,Touchstone Sands Capital Emerging Markets ex-China Growth ETF,Z,Cboe BZX,Y,N,
TEN,Tsakos Energy Navigation Ltd Common Shares,N,NYSE,N,N,
TEN$E,"Tsakos Energy Navigation Ltd Series E Fixed-to-Floating Rate Cumulative Redeemable Perpetual Preferred Shares, par value $1.00",N,NYSE,N,N,
TEN$F,"Tsakos Energy Navigation Ltd Series F Fixed-to-Floating Rate Cumulative Redeemable Perpetual Preferred Shares, par value $1.00",N,NYSE,N,N,
TENB,"Tenable Holdings, Inc. - Common Stock",Q,Nasdaq,N,N,N
TEND,iShares Large Cap 10% Target Buffer Dec ETF,Z,Cboe BZX,Y,N,
TENJ,iShares Large Cap 10% Target Buffer Jun ETF,Z,Cboe BZX,Y,N,
TENM,iShares Large Cap 10% Target Buffer Mar ETF,Z,Cboe BZX,Y,N,
TENX,"Tenax Therapeutics, Inc. - Common Stock",Q,Nasdaq,N,N,N
TEO,Telecom Argentina SA,N,NYSE,N,N,
TEQI,T. Rowe Price Equity Income ETF,P,NYSE Arca,Y,N,
TER,"Teradyne, Inc. - Common Stock",Q,Nasdaq,N,N,N
TERC,Corgi TER 2x Daily ETF,Z,Cboe BZX,Y,N,
TERG,Leverage Shares 2X Long TER Daily ETF,Q,Nasdaq,Y,N,N
TESC,Corgi TSLA 2x Daily ETF,Z,Cboe BZX,Y,N,
TESL,Simplify Volt TSLA Revolution ETF,P,NYSE Arca,Y,N,
TEST,YieldMax TSLA Performance & Distribution Target 25 ETF,Z,Cboe BZX,Y,N,
TETH,21Shares Ethereum ETF,Z,Cboe BZX,Y,N,
TEUP,T-REX 2X Long TE Daily Target ETF,Z,Cboe BZX,Y,N,
TEVA,Teva Pharmaceutical Industries Limited American Depositary Shares,N,NYSE,N,N,
TEX,Terex Corporation Common Stock,N,NYSE,N,N,
TEXN,iShares Texas Equity ETF,Q,Nasdaq,Y,N,N
TEXU,Direxion Daily Energy Top 5 Bull 2X ETF,P,NYSE Arca,Y,N,
TEXX,Horizon Kinetics Texas ETF,Q,Nasdaq,Y,N,N
TFC,Truist Financial Corporation Common Stock,N,NYSE,N,N,
TFC$I,Truist Financial Corporation Depositary Shares,N,NYSE,N,N,
TFC$O,"Truist Financial Corporation Depositary Shares, Each Representing a 1/1,000th Interest in a Share of Series O Non-Cumulative Perpetual Preferred Stock",N,NYSE,N,N,
TFC$R,"Truist Financial Corporation Depositary Shares, each representing 1/1,000th interest in a share of Series R Non-Cumulative Perpetual Preferred Stock",N,NYSE,N,N,
TFFI,Chesapeake Trend-Following Fixed Income ETF,P,NYSE Arca,Y,N,
TFGZ,Thornburg Focus Growth Fund,Q,Nasdaq,Y,N,N
TFI,State Street SPDR Nuveen ICE Municipal Bond ETF,P,NYSE Arca,Y,N,
TFII,TFI International Inc. Common Shares,N,NYSE,N,N,
TFIN,"Triumph Financial, Inc. Common Stock",N,NYSE,N,N,
TFIN$,"Triumph Financial, Inc. Depositary Shares, Each Representing a 1/40th Interest in a Share of 7.125% Series C Fixed-Rate Non-Cumulative Perpetual Preferred Stock",N,NYSE,N,N,
TFJL,Innovator 20  Year Treasury Bond 5 Floor ETF - July,Z,Cboe BZX,Y,N,
TFLO,iShares Treasury Floating Rate Bond ETF,P,NYSE Arca,Y,N,
TFLR,T. Rowe Price Floating Rate ETF,P,NYSE Arca,Y,N,
TFNS,T. Rowe Price Financials ETF,Q,Nasdaq,Y,N,N
TFPM,Triple Flag Precious Metals Corp. Common Shares,N,NYSE,N,N,
TFPN,Blueprint Chesapeake Multi-Asset Trend ETF,P,NYSE Arca,Y,N,
TFSL,TFS Financial Corporation - Common Stock,Q,Nasdaq,N,N,N
TFX,Teleflex Incorporated Common Stock,N,NYSE,N,N,
TG,Tredegar Corporation Common Stock,N,NYSE,N,N,
TGB,Trekor Metals Limited Common Shares,A,NYSE American,N,N,
TGE,The Generation Essentials Group Class A Ordinary Shares,N,NYSE,N,N,
TGE.W,"The Generation Essentials Group Warrants, each whole warrant exercisable for one Class A Ordinary Share",A,NYSE American,N,N,
TGEN,Tecogen Inc. Common Stock,A,NYSE American,N,N,
TGHL,The GrowHub Limited - Class A Ordinary Shares,Q,Nasdaq,N,N,D
TGL,Treasure Global Inc. - Common Stock,Q,Nasdaq,N,N,N
TGLB,T. Rowe Price Global Equity ETF,P,NYSE Arca,Y,N,
TGLR,Wedbush LAFFER TENGLER New Era Value ETF,P,NYSE Arca,Y,N,
TGLS,Tecnoglass Inc. Common Stock,N,NYSE,N,N,
TGRT,T. Rowe Price Growth ETF,P,NYSE Arca,Y,N,
TGRW,T. Rowe Price Growth Stock ETF,P,NYSE Arca,Y,N,
TGS,Transportadora de Gas del Sur SA TGS Common Stock,N,NYSE,N,N,
TGT,Target Corporation Common Stock,N,NYSE,N,N,
TGTX,"TG Therapeutics, Inc. - Common Stock",Q,Nasdaq,N,N,N
TH,Target Hospitality Corp. - Common Stock,Q,Nasdaq,N,N,N
THC,Tenet Healthcare Corporation Common Stock,N,NYSE,N,N,
THCH,TH International Limited - Ordinary shares,Q,Nasdaq,N,N,N
THD,iShares MSCI Thailand ETF,P,NYSE Arca,Y,N,
THEQ,T. Rowe Price Hedged Equity ETF,P,NYSE Arca,Y,N,
THFF,First Financial Corporation  - Common Stock,Q,Nasdaq,N,N,N
THG,Hanover Insurance Group Inc,N,NYSE,N,N,
THH,TryHard Holdings Limited - Ordinary Shares,Q,Nasdaq,N,N,D
THIR,THOR Index Rotation ETF,N,NYSE,Y,N,
THLV,THOR Equal Weight Low Volatility ETF,N,NYSE,Y,N,
THM,"International Tower Hill Mines, Ltd. Ordinary Shares (Canada)",A,NYSE American,N,N,
THMR,THOR AdaptiveRisk Dynamic ETF,N,NYSE,Y,N,
THMZ,Lazard Equity Megatrends ETF,Q,Nasdaq,Y,N,N
THNQ,ROBO Global Artificial Intelligence ETF,P,NYSE Arca,Y,N,
THNR,Amplify Weight Loss Drug & Treatment ETF,P,NYSE Arca,Y,N,
THO,"Thor Industries, Inc. Common Stock",N,NYSE,N,N,
THOR,Thornburg Premium Income Builder ETF,P,NYSE Arca,Y,N,
THQ,abrdn Healthcare Opportunities Fund Shares of Beneficial Interest,N,NYSE,N,N,
THRM,Gentherm Inc - Common Stock,Q,Nasdaq,N,N,N
THRO,iShares U.S. Thematic Rotation Active ETF,P,NYSE Arca,Y,N,
THRV,Prospera Income ETF,Q,Nasdaq,Y,N,N
THRY,"Thryv Holdings, Inc. - Common Stock",Q,Nasdaq,N,N,N
THTA,SoFi Enhanced Yield ETF,P,NYSE Arca,Y,N,
THW,abrdn World Healthcare Fund Shares of Beneficial Interest,N,NYSE,N,N,
THY,Toews Agility Shares Dynamic Tactical Income ETF,P,NYSE Arca,Y,N,
THYF,T. Rowe Price U.S. High Yield ETF,P,NYSE Arca,Y,N,
THYM,T. Rowe Price High Income Municipal ETF,Q,Nasdaq,Y,N,N
THYP,21shares Hyperliquid ETF,Q,Nasdaq,Y,N,N
TIC,"TIC Solutions, Inc. Common Stock",N,NYSE,N,N,
TIER,T. Rowe Price International Equity Research ETF,P,NYSE Arca,Y,N,
TIGO,Millicom International Cellular S.A. - Common Stock,Q,Nasdaq,N,N,N
TIGR,UP Fintech Holding Limited - American Depositary Shares representing fifteen Class A Ordinary Shares,Q,Nasdaq,N,N,N
TII,Titan Mining Corporation Common Shares,A,NYSE American,N,N,
TIIV,AAM Todd International Intrinsic Value ETF,P,NYSE Arca,Y,N,
TIL,"Instil Bio, Inc. - Common Stock",Q,Nasdaq,N,N,N
TILC,Thrivent International Large Cap ETF,Q,Nasdaq,Y,N,N
TILE,"Interface, Inc. - Common Stock",Q,Nasdaq,N,N,N
TILL,Teucrium Agricultural Strategy No K-1 ETF,P,NYSE Arca,Y,N,
TILT,FlexShares Mornigstar US Market Factors Tilt Index Fund ETF,Z,Cboe BZX,Y,N,
TIMB,TIM S.A. American Depositary Shares (Each representing 5 Common Shares) ,N,NYSE,N,N,
TIME,Clockwise U.S. Core Equity ETF,P,NYSE Arca,Y,N,
TINS,Templeton International Insights ETF,P,NYSE Arca,Y,N,
TINT,ProShares Smart Materials ETF,P,NYSE Arca,Y,N,
TINY,ProShares Nanotechnology ETF,P,NYSE Arca,Y,N,
TIP,iShares TIPS Bond ETF,P,NYSE Arca,Y,N,
TIPA,Northern Trust 2030 Inflation-Linked Distributing Ladder ETF,P,NYSE Arca,Y,N,
TIPB,Northern Trust 2035 Inflation-Linked Distributing Ladder ETF,P,NYSE Arca,Y,N,
TIPC,Northern Trust 2045 Inflation-Linked Distributing Ladder ETF,P,NYSE Arca,Y,N,
TIPD,Northern Trust 2055 Inflation-Linked Distributing Ladder ETF,P,NYSE Arca,Y,N,
TIPT,Tiptree Inc. - Common Stock,Q,Nasdaq,N,N,N
TIPX,State Street SPDR Bloomberg 1a??10 Year TIPS ETF,P,NYSE Arca,Y,N,
TIPZ,PIMCO Broad U.S. TIPS Index Exchange-Traded Fund,P,NYSE Arca,Y,N,
TISC,Thrivent International Small Cap ETF,Q,Nasdaq,Y,N,N
TISI,"Team, Inc. Common Stock",N,NYSE,N,N,
TITN,Titan Machinery Inc. - Common Stock,Q,Nasdaq,N,N,N
TJAN,Innovator Equity Defined Protection ETF - 2 Yr to January 2027,Z,Cboe BZX,Y,N,
TJGC,TJGC Group Limited - ordinary shares,Q,Nasdaq,N,N,N
TJUL,Innovator Equity Defined Protection ETF - 2 Yr to July 2027,Z,Cboe BZX,Y,N,
TJUN,FT Vest Emerging Markets Buffer ETF - June,Z,Cboe BZX,Y,N,
TJX,"TJX Companies, Inc. (The) Common Stock",N,NYSE,N,N,
TK,Teekay Corporation Ltd. Common Stock,N,NYSE,N,N,
TKC,Turkcell Iletisim Hizmetleri AS Common Stock,N,NYSE,N,N,
TKLF,"Tokyo Lifestyle Co., Ltd. - American Depositary Shares",Q,Nasdaq,N,N,N
TKNO,"Alpha Teknova, Inc. - Common Stock",Q,Nasdaq,N,N,N
TKNQ,Amplify Tokenization Technology Leaders ETF,P,NYSE Arca,Y,N,
TKNS,21Shares Active Crypto ETF,Q,Nasdaq,Y,N,N
TKO,"TKO Group Holdings, Inc. Class A Common Stock",N,NYSE,N,N,
TKR,Timken Company (The) Common Stock,N,NYSE,N,N,
TLA,GraniteShares Autocallable TSLA ETF,Q,Nasdaq,Y,N,N
TLCI,Touchstone International Equity ETF,P,NYSE Arca,Y,N,
TLDR,The Laddered T-Bill ETF,Z,Cboe BZX,Y,N,
TLF,"Tandy Leather Factory, Inc. - common stock",Q,Nasdaq,N,N,N
TLG,Touchstone Large Company Growth ETF,Q,Nasdaq,Y,N,N
TLH,iShares 10-20 Year Treasury Bond ETF,P,NYSE Arca,Y,N,
TLIH,Ten-League International Holdings Limited - Ordinary Shares,Q,Nasdaq,N,N,N
TLK,"PT Telekomunikasi Indonesia, Tbk",N,NYSE,N,N,
TLN,Talen Energy Corporation - Common Stock,Q,Nasdaq,N,N,N
TLNC,Talon Capital Corp. - Class A Ordinary Shares,Q,Nasdaq,N,N,N
TLNCU,Talon Capital Corp. - Units,Q,Nasdaq,N,N,N
TLNCW,Talon Capital Corp. - Warrants,Q,Nasdaq,N,N,N
TLPH,"Talphera, Inc. - Common Stock",Q,Nasdaq,N,N,N
TLRY,"Tilray Brands, Inc. - Common Stock",Q,Nasdaq,N,N,N
TLS,Telos Corporation - Common Stock,Q,Nasdaq,N,N,N
TLSA,Tiziana Life Sciences Ltd - Common Shares,Q,Nasdaq,N,N,N
TLSI,"TriSalus Life Sciences, Inc. - Common Stock",Q,Nasdaq,N,N,N
TLSIW,"TriSalus Life Sciences, Inc. - Warrant",Q,Nasdaq,N,N,N
TLT,iShares 20+ Year Treasury Bond ETF,Q,Nasdaq,Y,N,N
TLTD,FlexShares Morningstar Developed Markets ex-US Factor Tilt Index Fund,P,NYSE Arca,Y,N,
TLTE,FlexShares Morningstar Emerging Markets Factor Tilt Index Fund,P,NYSE Arca,Y,N,
TLTI,NEOS Enhanced Income 20+ Year Treasury Bond ETF,Z,Cboe BZX,Y,N,
TLTP,Amplify TLT U.S. Treasury 12% Option Income ETF,Z,Cboe BZX,Y,N,
TLTW,iShares 20+ Year Treasury Bond BuyWrite Strategy ETF,Z,Cboe BZX,Y,N,
TLTX,Global X Treasury Bond Enhanced Income ETF,Z,Cboe BZX,Y,N,
TLX,Telix Pharmaceuticals Limited - American Depositary Shares,Q,Nasdaq,N,N,N
TLYS,"Tilly's, Inc. Common Stock",N,NYSE,N,N,
TM,Toyota Motor Corporation Common Stock,N,NYSE,N,N,
TMAR,FT Vest Emerging Markets Buffer ETF - March,Z,Cboe BZX,Y,N,
TMAT,Main Thematic Innovation ETF,Z,Cboe BZX,Y,N,
TMB,Thornburg Multi Sector Bond ETF,Q,Nasdaq,Y,N,N
TMC,TMC the metals company Inc. - Common Stock,Q,Nasdaq,N,N,N
TMCI,"Treace Medical Concepts, Inc. - Common Stock",Q,Nasdaq,N,N,N
TMCR,The Metals Royalty Company Inc. - Common Stock,Q,Nasdaq,N,N,N
TMCWW,TMC the metals company Inc. - Warrant,Q,Nasdaq,N,N,N
TMDE,TMD Energy Limited Ordinary Shares,A,NYSE American,N,N,
TMDV,ProShares Russell US Dividend Growers ETF,Z,Cboe BZX,Y,N,
TMDX,"TransMedics Group, Inc. - Common Stock",Q,Nasdaq,N,N,N
TME,"Tencent Music Entertainment Group American Depositary Shares, each representing two Class A Ordinary Shares",N,NYSE,N,N,
TMED,T. Rowe Price Health Care ETF,Q,Nasdaq,Y,N,N
TMF,Direxion Daily 20-Yr Treasury Bull 3x Shrs,P,NYSE Arca,Y,N,
TMFC,Motley Fool 100 Index ETF,Z,Cboe BZX,Y,N,
TMFE,Motley Fool Capital Efficiency 100 Index ETF,Z,Cboe BZX,Y,N,
TMFG,Motley Fool Global Opportunities ETF,Z,Cboe BZX,Y,N,
TMFM,Motley Fool Mid-Cap Growth ETF,Z,Cboe BZX,Y,N,
TMFS,Motley Fool Small-Cap Growth ETF,Z,Cboe BZX,Y,N,
TMFX,Motley Fool Next Index ETF,Z,Cboe BZX,Y,N,
TMH,Toyota Motor Corporation ADRhedged,P,NYSE Arca,Y,N,
TMHC,Taylor Morrison Home Corporation Common Stock,N,NYSE,N,N,
TMLP,Tortoise MLP ETF,P,NYSE Arca,Y,N,
TMNL,T. Rowe Price Long Municipal Income ETF,Q,Nasdaq,Y,N,N
TMNS,T. Rowe Price Short Municipal Income ETF,Q,Nasdaq,Y,N,N
TMO,Thermo Fisher Scientific Inc Common Stock,N,NYSE,N,N,
TMP,Tompkins Financial Corporation Common Stock,A,NYSE American,N,N,
TMQ,Trilogy Metals Inc. Common Stock,A,NYSE American,N,N,
TMS,Teamshares Inc. - Common Stock,Q,Nasdaq,N,N,N
TMSF,T. Rowe Price Multi-Sector Income ETF,Q,Nasdaq,Y,N,N
TMSL,T. Rowe Price Small-Mid Cap ETF,P,NYSE Arca,Y,N,
TMSWW,Teamshares Inc. - Warrants,Q,Nasdaq,N,N,N
TMTS,Spartacus Acquisition Corp. II - Class A Ordinary Shares,Q,Nasdaq,N,N,N
TMTSU,Spartacus Acquisition Corp. II - Unit,Q,Nasdaq,N,N,N
TMTSW,Spartacus Acquisition Corp. II - Warrants,Q,Nasdaq,N,N,N
TMUS,"T-Mobile US, Inc. - Common Stock",Q,Nasdaq,N,N,N
TMUSI,"T-Mobile US, Inc. - 5.500% Senior Notes due June 2070",Q,Nasdaq,N,N,N
TMUSL,"T-Mobile US, Inc. - 6.250% Senior Notes due 2069",Q,Nasdaq,N,N,N
TMUSZ,"T-Mobile US, Inc. - 5.500% Senior Notes due March 2070",Q,Nasdaq,N,N,N
TMV,Direxion Daily 20-Year Treasury Bear 3X,P,NYSE Arca,Y,N,
TMVE,Thrivent Mid Cap Value ETF,P,NYSE Arca,Y,N,
TMYY,GraniteShares YieldBOOST TSM ETF,Q,Nasdaq,Y,N,N
TNA,Direxion Small Cap Bull 3X ETF,P,NYSE Arca,Y,N,
TNC,Tennant Company Common Stock,N,NYSE,N,N,
TNDM,"Tandem Diabetes Care, Inc. - Common Stock",Q,Nasdaq,N,N,N
TNET,"TriNet Group, Inc. Common Stock",N,NYSE,N,N,
TNGX,"Tango Therapeutics, Inc. - Common Stock",Q,Nasdaq,N,N,N
TNGY,Tortoise Energy ETF,N,NYSE,Y,N,
TNK,Teekay Tankers Ltd.,N,NYSE,N,N,
TNL,Travel   Leisure Co. Common  Stock,N,NYSE,N,N,
TNMG,TNL Mediagene - Ordinary Shares,Q,Nasdaq,N,N,D
TNON,"Tenon Medical, Inc. - Common Stock",Q,Nasdaq,N,N,D
TNONW,"Tenon Medical, Inc. - Warrant",Q,Nasdaq,N,N,D
TNUK,Tortoise Nuclear Renaissance ETF,P,NYSE Arca,Y,N,
TNXP,Tonix Pharmaceuticals Holding Corp. - Common Stock,Q,Nasdaq,N,N,N
TNXT,T. Rowe Price Innovation Leaders ETF,Q,Nasdaq,Y,N,N
TNYA,"Tenaya Therapeutics, Inc. - Common Stock",Q,Nasdaq,N,N,D
TOAK,Manager Directed Portfolios Twin Oak Short Horizon Absolute Return ETF,P,NYSE Arca,Y,N,
TOAO,Twin Oak Active Opportunities III ETF,Z,Cboe BZX,Y,N,
TOCT,Innovator Equity Defined Protection ETF - 2 Yr to October 2027,Z,Cboe BZX,Y,N,
TOGA,Managed Portfolio Series Tremblant Global ETF,P,NYSE Arca,Y,N,
TOI,"The Oncology Institute, Inc. - Common Stock",Q,Nasdaq,N,N,N
TOIIW,"The Oncology Institute, Inc. - Warrant",Q,Nasdaq,N,N,N
TOK,iShares MSCI Kokusai ETF,P,NYSE Arca,Y,N,
TOL,"Toll Brothers, Inc. Common Stock",N,NYSE,N,N,
TOLL,Tema Monopolies and Oligopolies ETF,Z,Cboe BZX,Y,N,
TOLZ,ProShares DJ Brookfield Global Infrastructure ETF,P,NYSE Arca,Y,N,
TOMZ,"TOMI Environmental Solutions, Inc. - Common Stock",Q,Nasdaq,N,N,D
TONX,TON Strategy Company - Common Stock,Q,Nasdaq,N,N,N
TOON,"Kartoon Studios, Inc. Common Stock",A,NYSE American,N,N,
TOP,TOP Financial Group Limited - Class A Ordinary Shares,Q,Nasdaq,N,N,N
TOPC,iShares S&P 500 3% Capped ETF,P,NYSE Arca,Y,N,
TOPP,Toppoint Holdings Inc. Common Stock,A,NYSE American,N,N,
TOPS,"TOP Ships, Inc. Common Stock",A,NYSE American,N,N,
TOPT,iShares Top 20 U.S. Stocks ETF,P,NYSE Arca,Y,N,
TOPW,Roundhill Top WeeklyPay ETF,Z,Cboe BZX,Y,N,
TORO,Toro Corp. - Common stock,Q,Nasdaq,N,N,N
TOS,Twin Oak Strategic Solutions ETF,Z,Cboe BZX,Y,N,
TOST,"Toast, Inc. Class A Common Stock",N,NYSE,N,N,
TOT,LionShares U.S. Equity Total Return ETF,P,NYSE Arca,Y,N,
TOTL,State Street DoubleLine Total Return Tactical ETF,P,NYSE Arca,Y,N,
TOTR,T. Rowe Price Total Return ETF,P,NYSE Arca,Y,N,
TOUR,Tuniu Corporation - American Depositary Shares,Q,Nasdaq,N,N,N
TOUS,T. Rowe Price International Equity ETF,P,NYSE Arca,Y,N,
TOV,JLens 500 Jewish Advocacy U.S. ETF,P,NYSE Arca,Y,N,
TOVX,"Theriva Biologics, Inc. Common Stock",A,NYSE American,N,N,
TOWN,Towne Bank - Common Stock,Q,Nasdaq,N,N,N
TOXR,21Shares XRP ETF,Z,Cboe BZX,Y,N,
TOYO,"TOYO Co., Ltd - Ordinary Shares",Q,Nasdaq,N,N,N
TPAY,Roundhill S&P 500 Target 10 Managed Distribution ETF,Z,Cboe BZX,Y,N,
TPB,"Turning Point Brands, Inc. Common Stock",N,NYSE,N,N,
TPC,Tutor Perini Corporation Common Stock,N,NYSE,N,N,
TPCS,TechPrecision Corporation - Common stock,Q,Nasdaq,N,N,N
TPET,Trio Petroleum Corp. Common Stock,A,NYSE American,N,N,
TPFC,Timothy Plan Free Cash Flow ETF,P,NYSE Arca,Y,N,
TPFG,Timothy Plan Free Cash Flow Growth ETF,P,NYSE Arca,Y,N,
TPFI,Timothy Plan Fixed Income ETF,P,NYSE Arca,Y,N,
TPG,TPG Inc. - Class A Common Stock,Q,Nasdaq,N,N,N
TPGXL,TPG Inc. - 6.950% Fixed-Rate Junior Subordinated Notes due 2064,Q,Nasdaq,N,N,N
TPHD,Timothy Plan High Dividend Stock ETF,P,NYSE Arca,Y,N,
TPIF,Timothy Plan International ETF,P,NYSE Arca,Y,N,
TPL,Texas Pacific Land Corporation Common Stock,N,NYSE,N,N,
TPLC,Timothy Plan US Large/Mid Cap Core ETF,P,NYSE Arca,Y,N,
TPLS,Thornburg Core Plus Bond ETF,Q,Nasdaq,Y,N,N
TPLX,Corgi TPL 2x Daily ETF,Z,Cboe BZX,Y,N,
TPOR,Direxion Daily Transportation Bull 3X ETF,P,NYSE Arca,Y,N,
TPR,"Tapestry, Inc. Common Stock",N,NYSE,N,N,
TPRY,VistaShares Target 15 TEPRTantrum Contrarian Distribution ETF,P,NYSE Arca,Y,N,
TPSC,Timothy Plan US Small Cap Core ETF,P,NYSE Arca,Y,N,
TPST,"Tempest Therapeutics, Inc. - Common Stock",Q,Nasdaq,N,N,D
TPTS,"Terra Property Trust, Inc. 7.00% Senior Secured Notes due 2029",N,NYSE,N,N,
TPUT,T. Rowe Price Capital Appreciation Market Opportunities ETF,P,NYSE Arca,Y,N,
TPVG,TriplePoint Venture Growth BDC Corp. Common Stock,N,NYSE,N,N,
TPYP,Tortoise North American Pipeline ETF,N,NYSE,Y,N,
TPZ,Tortoise Electrification Infrastructure ETF,N,NYSE,Y,N,
TQQQ,ProShares UltraPro QQQ,Q,Nasdaq,Y,N,N
TQQY,GraniteShares YieldBOOST QQQ ETF,Q,Nasdaq,Y,N,N
TR,"Tootsie Roll Industries, Inc. Common Stock",N,NYSE,N,N,
TRAD,APEX Tech Acquisition Inc. Ordinary Shares,N,NYSE,N,N,
TRAD.R,"APEX Tech Acquisition Inc. Rights, each entitling the holder to receive one-fourth (1/4) of one ordinary share",N,NYSE,N,N,
TRAD.U,"APEX Tech Acquisition Inc. Units, each consisting of one Class A ordinary share and one right to receive one sixth (1/6) of a Class A ordinary share",N,NYSE,N,N,
TRAK,"ReposiTrak, Inc. Common Stock",N,NYSE,N,N,
TRAW,"Traws Pharma, Inc. - Common Stock",Q,Nasdaq,N,N,N
TRAX,"First Tracks Biotherapeutics, Inc. - Ordinary Shares",Q,Nasdaq,N,N,N
TRBF,Angel Oak Total Return ETF,Q,Nasdaq,Y,N,N
TRC,Tejon Ranch Co Common Stock,N,NYSE,N,N,
TRDA,"Entrada Therapeutics, Inc. - Common Stock",Q,Nasdaq,N,N,N
TREE,"LendingTree, Inc. - Common Stock",Q,Nasdaq,N,N,N
TREX,"Trex Company, Inc. Common Stock",N,NYSE,N,N,
TRFK,Pacer Data and Digital Revolution ETF,P,NYSE Arca,Y,N,
TRFM,AAM Transformers ETF,P,NYSE Arca,Y,N,
TRGP,"Targa Resources, Inc. Common Stock",N,NYSE,N,N,
TRGS,TRG Latin America Acquisitions Corp. - Class A Ordinary Shares,Q,Nasdaq,N,N,N
TRGSR,TRG Latin America Acquisitions Corp. - Rights,Q,Nasdaq,N,N,N
TRGSU,TRG Latin America Acquisitions Corp. - Units,Q,Nasdaq,N,N,N
TRI,Thomson Reuters Corp - Common Shares,Q,Nasdaq,N,N,N
TRIB,Trinity Biotech plc - American Depositary Shares,Q,Nasdaq,N,N,D
TRIN,Trinity Capital Inc. - Common Stock,Q,Nasdaq,N,N,N
TRINI,Trinity Capital Inc. - 7.875% Notes Due 2029,Q,Nasdaq,N,N,N
TRINZ,Trinity Capital Inc. - 7.875% Notes due 2029,Q,Nasdaq,N,N,N
TRIO,MC Trio Equity Buffered ETF,Z,Cboe BZX,Y,N,
TRIP,"TripAdvisor, Inc. - Common Stock",Q,Nasdaq,N,N,N
TRLV,Trulieve Cannabis Corp. Subordinate Voting Shares,N,NYSE,N,N,
TRMB,Trimble Inc. - Common Stock,Q,Nasdaq,N,N,N
TRMD,TORM plc - Class A Common Stock,Q,Nasdaq,N,N,N
TRMK,Trustmark Corporation - Common Stock,Q,Nasdaq,N,N,N
TRN,"Trinity Industries, Inc. Common Stock",N,NYSE,N,N,
TRND,Pacer Trendpilot Fund of Funds ETF,P,NYSE Arca,Y,N,
TRNO,Terreno Realty Corporation Common Stock,N,NYSE,N,N,
TRNR,Interactive Strength Inc. - Common Stock,Q,Nasdaq,N,N,N
TRNS,"Transcat, Inc. - Common Stock",Q,Nasdaq,N,N,N
TRON,Tron Inc. - Common Stock,Q,Nasdaq,N,N,N
TROO,"TROOPS, Inc.  - Ordinary Shares",Q,Nasdaq,N,N,N
TROT,Invesco MSCI Treasury Duration Rotation ETF,P,NYSE Arca,Y,N,
TROW,"T. Rowe Price Group, Inc. - Common Stock",Q,Nasdaq,N,N,N
TROX,Tronox Holdings plc Ordinary Shares (UK),N,NYSE,N,N,
TRP,TC Energy Corporation Common Stock,N,NYSE,N,N,
TRPA,Hartford AAA CLO ETF,Z,Cboe BZX,Y,N,
TRS,TriMas Corporation - Common Stock,Q,Nasdaq,N,N,N
TRSG,Tungray Technologies Inc - Class A Ordinary Shares,Q,Nasdaq,N,N,N
TRST,TrustCo Bank Corp NY - Common Stock,Q,Nasdaq,N,N,N
TRSY,Xtrackers US 0-1 Year Treasury ETF,Z,Cboe BZX,Y,N,
TRT,Trio-Tech International Common Stock,A,NYSE American,N,N,
TRTN$A,Triton International Limited 8.50% Series A Cumulative Redeemable Perpetual  Preference Shares,N,NYSE,N,N,
TRTN$B,Triton International Limited 8.00% Series B Cumulative Redeemable Perpetual Preference Shares,N,NYSE,N,N,
TRTN$C,Triton International Limited 7.375% Series C Cumulative Redeemable Perpetual Preference Shares,N,NYSE,N,N,
TRTN$D,Triton International Limited 6.875% Series D Cumulative Redeemable Perpetual Preference Shares,N,NYSE,N,N,
TRTN$E,Triton International Limited 5.75% Series E Cumulative Redeemable Perpetual Preference Shares,N,NYSE,N,N,
TRTN$F,Triton International Limited 7.625% Series F Cumulative Redeemable Perpetual Preference Shares,N,NYSE,N,N,
TRTN$G,Triton International Limited 7.500% Series G Cumulative Redeemable Perpetual Preference Shares,N,NYSE,N,N,
TRTX,"TPG RE Finance Trust, Inc. Common Stock",N,NYSE,N,N,
TRTX$C,"TPG RE Finance Trust, Inc. 6.25% Series C Cumulative Redeemable Preferred Stock, $0.001 par value per share",N,NYSE,N,N,
TRTY,Cambria Trinity ETF,Z,Cboe BZX,Y,N,
TRU,TransUnion Common Stock,N,NYSE,N,N,
TRUC,VanEck Communication Services TruSector ETF,Q,Nasdaq,Y,N,N
TRUD,VanEck Consumer Discretionary TruSector ETF,Q,Nasdaq,Y,N,N
TRUF,VanEck Financials TruSector ETF,Q,Nasdaq,Y,N,N
TRUG,"TruGolf Holdings, Inc. - Class A Common Stock",Q,Nasdaq,N,N,N
TRUH,VanEck Healthcare TruSector ETF,Q,Nasdaq,Y,N,N
TRUI,VanEck Industrials TruSector ETF,Q,Nasdaq,Y,N,N
TRUM,VanEck Materials TruSector ETF,Q,Nasdaq,Y,N,N
TRUN,VanEck Energy TruSector ETF,Q,Nasdaq,Y,N,N
TRUO,VanEck Consumer Staples TruSector ETF,Q,Nasdaq,Y,N,N
TRUP,"Trupanion, Inc. - Common Stock",Q,Nasdaq,N,N,N
TRUR,VanEck Real Estate TruSector ETF,Q,Nasdaq,Y,N,N
TRUT,VanEck Technology TruSector ETF,Q,Nasdaq,Y,N,N
TRUU,VanEck Utilities TruSector ETF,Q,Nasdaq,Y,N,N
TRV,"The Travelers Companies, Inc. Common Stock",N,NYSE,N,N,
TRVG,trivago N.V. - American Depositary Shares,Q,Nasdaq,N,N,N
TRVI,"Trevi Therapeutics, Inc. - Common Stock",Q,Nasdaq,N,N,N
TRX,TRX Gold Corporation Common Stock,A,NYSE American,N,N,
TS,Tenaris S.A. American Depositary Shares,N,NYSE,N,N,
TSAT,Telesat Corporation - Class A Common Shares and Class B Variable Voting Shares,Q,Nasdaq,N,N,N
TSBK,"Timberland Bancorp, Inc. - Common Stock",Q,Nasdaq,N,N,N
TSCM,TimesSquare Quality Mid Cap Growth ETF,Q,Nasdaq,Y,N,N
TSCO,Tractor Supply Company - Common Stock,Q,Nasdaq,N,N,N
TSCV,Thrivent Small Cap Value ETF,P,NYSE Arca,Y,N,
TSDD,GraniteShares 2x Short TSLA Daily ETF,Q,Nasdaq,Y,N,N
TSEC,Touchstone Securitized Income ETF,P,NYSE Arca,Y,N,
TSEG,Leverage Shares 2X Long TSEM Daily ETF,Z,Cboe BZX,Y,N,
TSEL,Touchstone Sands Capital US Select Growth ETF,Q,Nasdaq,Y,N,N
TSEM,Tower Semiconductor Ltd. - Ordinary Shares,Q,Nasdaq,N,N,N
TSEP,FT Vest Emerging Market Buffer ETF - September,Z,Cboe BZX,Y,N,
TSES,Truth Social American Energy Security ETF,P,NYSE Arca,Y,N,
TSEU,Tradr 2X Long TSEM Daily ETF,Z,Cboe BZX,Y,N,
TSHA,"Taysha Gene Therapies, Inc. - Common Stock",Q,Nasdaq,N,N,N
TSI,"TCW Strategic Income Fund, Inc. Common Stock",N,NYSE,N,N,
TSIC,Truth Social American Icons ETF,P,NYSE Arca,Y,N,
TSII,REX TSLA Growth & Income ETF,Z,Cboe BZX,Y,N,
TSL,GraniteShares 1.25x Long TSLA Daily ETF,Q,Nasdaq,Y,N,N
TSLA,"Tesla, Inc.  - Common Stock",Q,Nasdaq,N,N,N
TSLG,Leverage Shares 2X Long TSLA Daily ETF,Q,Nasdaq,Y,N,N
TSLI,ProShares Ultra TSLA,P,NYSE Arca,Y,N,
TSLL,Direxion Daily TSLA Bull 2X ETF,Q,Nasdaq,Y,N,N
TSLP,Kurv Yield Premium Strategy Tesla (TSLA) ETF,Z,Cboe BZX,Y,N,
TSLQ,Tradr 2X Short TSLA Daily ETF,Q,Nasdaq,Y,N,N
TSLR,GraniteShares 2x Long TSLA Daily ETF,Q,Nasdaq,Y,N,N
TSLS,Direxion Daily TSLA Bear 1X ETF,Q,Nasdaq,Y,N,N
TSLT,T-REX 2X Long Tesla Daily Target ETF,Z,Cboe BZX,Y,N,
TSLW,Roundhill TSLA WeeklyPay ETF,Z,Cboe BZX,Y,N,
TSLX,"Sixth Street Specialty Lending, Inc. Common Stock",N,NYSE,N,N,
TSLY,YieldMax TSLA Option Income Strategy ETF,P,NYSE Arca,Y,N,
TSLZ,T-Rex 2X Inverse Tesla Daily Target ETF,Z,Cboe BZX,Y,N,
TSM,Taiwan Semiconductor Manufacturing Company Ltd.,N,NYSE,N,N,
TSME,Thrivent Small-Mid Cap Equity ETF,P,NYSE Arca,Y,N,
TSMG,Leverage Shares 2X Long TSM Daily ETF,Q,Nasdaq,Y,N,N
TSMU,GraniteShares 2x Long TSM Daily ETF,Q,Nasdaq,Y,N,N
TSMX,Direxion Daily TSM Bull 2X ETF,Q,Nasdaq,Y,N,N
TSMY,YieldMax TSM Option Income Strategy ETF,P,NYSE Arca,Y,N,
TSMZ,Direxion Daily TSM Bear 1X ETF,Q,Nasdaq,Y,N,N
TSN,"Tyson Foods, Inc. Common Stock",N,NYSE,N,N,
TSNF,Truth Social American Next Frontiers ETF,P,NYSE Arca,Y,N,
TSOL,21Shares Solana ETF,Z,Cboe BZX,Y,N,
TSPA,T. Rowe Price U.S. Equity Research ETF,P,NYSE Arca,Y,N,
TSPX,Twin Oak Active Opportunities ETF,Z,Cboe BZX,Y,N,
TSPY,TappAlpha S&P 500 Growth & Daily Income ETF,Q,Nasdaq,Y,N,N
TSQ,"Townsquare Media, Inc. Class A Common Stock",N,NYSE,N,N,
TSRS,Truth Social American Red State REITs ETF,P,NYSE Arca,Y,N,
TSSD,Truth Social American Security & Defense ETF,P,NYSE Arca,Y,N,
TSSI,"TSS, Inc. - Common Stock",Q,Nasdaq,N,N,N
TSUI,21Shares Sui ETF,Q,Nasdaq,Y,N,N
TSXD,Direxion Daily Semiconductors Top 5 Bear 2X ETF,P,NYSE Arca,Y,N,
TSXU,Direxion Daily Semiconductors Top 5 Bull 2X ETF,P,NYSE Arca,Y,N,
TSYW,Roundhill Treasury Bond WeeklyPay ETF,Z,Cboe BZX,Y,N,
TSYX,TSPY Lift ETF,Q,Nasdaq,Y,N,N
TSYY,GraniteShares YieldBOOST TSLA ETF,Q,Nasdaq,Y,N,N
TT,Trane Technologies plc,N,NYSE,N,N,
TTAM,Titan America SA Common Shares,N,NYSE,N,N,
TTAN,"ServiceTitan, Inc. - Class A Common Stock",Q,Nasdaq,N,N,N
TTC,Toro Company (The) Common Stock,N,NYSE,N,N,
TTD,"The Trade Desk, Inc. - Class A Common Stock",Q,Nasdaq,N,N,N
TTDU,T-REX 2X Long TTD Daily Target ETF,Z,Cboe BZX,Y,N,
TTE,TotalEnergies SE Ordinary Shares,N,NYSE,N,N,
TTEC,"TTEC Holdings, Inc. - Common Stock",Q,Nasdaq,N,N,N
TTEK,"Tetra Tech, Inc. - Common Stock",Q,Nasdaq,N,N,N
TTEQ,T. Rowe Price Technology ETF,Q,Nasdaq,Y,N,N
TTGT,"TechTarget, Inc. - Common Stock",Q,Nasdaq,N,N,N
TTI,"Tetra Technologies, Inc. Common Stock",N,NYSE,N,N,
TTMI,"TTM Technologies, Inc. - Common Stock",Q,Nasdaq,N,N,N
TTMX,Tradr 2X Long TTMI Daily ETF,Z,Cboe BZX,Y,N,
TTOP,21Shares FTSE Crypto 10 Index ETF,P,NYSE Arca,Y,N,
TTRX,Turn Therapeutics Inc. - Common Stock,Q,Nasdaq,N,N,N
TTT,ProShares UltraPro Short 20 Year Treasury,P,NYSE Arca,Y,N,
TTWO,"Take-Two Interactive Software, Inc. - Common Stock",Q,Nasdaq,N,N,N
TTXD,Direxion Daily Technology Top 5 Bear 2X ETF,P,NYSE Arca,Y,N,
TTXU,Direxion Daily Technology Top 5 Bull 2X ETF,P,NYSE Arca,Y,N,
TU,Telus Corporation Ordinary Shares,N,NYSE,N,N,
TUA,Simplify Short Term Treasury Futures Strategy ETF,P,NYSE Arca,Y,N,
TUG,STF Tactical Growth ETF,Q,Nasdaq,Y,N,N
TUGN,STF Tactical Growth & Income ETF,Q,Nasdaq,Y,N,N
TULP,"Bloomia Holdings, Inc. - Common Stock",Q,Nasdaq,N,N,N
TUR,iShares MSCI Turkey ETF,Q,Nasdaq,Y,N,N
TURB,"Turbo Energy, S.A. - American Depositary Shares",Q,Nasdaq,N,N,N
TURF,T. Rowe Price Natural Resources ETF,Q,Nasdaq,Y,N,N
TUSB,Thrivent Ultra Short Bond ETF,P,NYSE Arca,Y,N,
TUSI,Touchstone Ultra Short Income ETF,Z,Cboe BZX,Y,N,
TUSK,"Mammoth Energy Services, Inc. - Common Stock",Q,Nasdaq,N,N,N
TUYA,"Tuya Inc. American Depositary Shares, each representing one Class A Ordinary Share",N,NYSE,N,N,
TV,Grupo Televisa S.A.B. Common Stock,N,NYSE,N,N,
TVA,Texas Ventures Acquisition III Corp - Class A Ordinary Share,Q,Nasdaq,N,N,N
TVACU,Texas Ventures Acquisition III Corp - Unit,Q,Nasdaq,N,N,N
TVACW,Texas Ventures Acquisition III Corp - Warrants,Q,Nasdaq,N,N,N
TVAI,Thayer Ventures Acquisition Corporation II - Class A Ordinary Shares,Q,Nasdaq,N,N,N
TVAIR,Thayer Ventures Acquisition Corporation II - Rights,Q,Nasdaq,N,N,N
TVAIU,Thayer Ventures Acquisition Corporation II - Unit,Q,Nasdaq,N,N,N
TVAL,T. Rowe Price Value ETF,P,NYSE Arca,Y,N,
TVC,Tennessee Valley Authority Common Stock,N,NYSE,N,N,
TVE,Tennessee Valley Authority,N,NYSE,N,N,
TVGN,Tevogen Bio Holdings Inc. - Common Stock,Q,Nasdaq,N,N,D
TVGNW,Tevogen Bio Holdings Inc. - Warrant,Q,Nasdaq,N,N,N
TVIV,Texas Ventures Acquisition IV Corp - Class A Ordinary Shares,Q,Nasdaq,N,N,N
TVIVU,Texas Ventures Acquisition IV Corp - Units,Q,Nasdaq,N,N,N
TVIVW,Texas Ventures Acquisition IV Corp - Warrant,Q,Nasdaq,N,N,N
TVRD,"Tvardi Therapeutics, Inc. - Common Stock",Q,Nasdaq,N,N,N
TVTX,"Travere Therapeutics, Inc. - Common Stock",Q,Nasdaq,N,N,N
TW,Tradeweb Markets Inc. - Class A Common Stock,Q,Nasdaq,N,N,N
TWAV,"TaoWeave, Inc. - Common Stock",Q,Nasdaq,N,N,N
TWFG,"TWFG, Inc. - Common Stock",Q,Nasdaq,N,N,N
TWG,Top Wealth Group Holding Limited - Class A Ordinary Shares,Q,Nasdaq,N,N,N
TWI,"Titan International, Inc. (DE) Common Stock",N,NYSE,N,N,
TWIN,"Twin Disc, Incorporated - Common Stock",Q,Nasdaq,N,N,N
TWLO,Twilio Inc. Class A Common Stock,N,NYSE,N,N,
TWLV,Twelve Seas Investment Company III - Class A Ordinary Shares,Q,Nasdaq,N,N,N
TWLVR,Twelve Seas Investment Company III - Rights,Q,Nasdaq,N,N,N
TWLVU,Twelve Seas Investment Company III - Units,Q,Nasdaq,N,N,N
TWM,ProShares UltraShort Russell2000,P,NYSE Arca,Y,N,
TWN,"Taiwan Fund, Inc. (The) Common Stock",N,NYSE,N,N,
TWO,Two Harbors Investment Corp,N,NYSE,N,N,
TWO$A,Two Harbors Investments Corp 8.125% Series A Fixed-to-Floating Rate Cumulative Redeemable Preferred Stock ($25.00 liquidation preference per share),N,NYSE,N,N,
TWO$B,Two Harbors Investments Corp 7.625% Series B Fixed-to-Floating Rate Cumulative Redeemable Preferred Stock,N,NYSE,N,N,
TWO$C,Two Harbors Investments Corp 7.25% Series C Fixed-to-Floating Rate Cumulative Redeemable Preferred Stock,N,NYSE,N,N,
TWOD,Two Harbors Investments Corp 9.375% Senior Notes due 2030,N,NYSE,N,N,
TWOX,iShares Large Cap Accelerated Outcome ETF,Z,Cboe BZX,Y,N,
TWSC,Corgi TSM 2x Daily ETF,Z,Cboe BZX,Y,N,
TWST,Twist Bioscience Corporation - Common Stock,Q,Nasdaq,N,N,N
TX,"Ternium S.A. Ternium S.A. American Depositary Shares (each representing ten shares, USD1.00 par value)",N,NYSE,N,N,
TXBC,21Shares FTSE Crypto 10 ex-BTC Index ETF,P,NYSE Arca,Y,N,
TXG,"10x Genomics, Inc. - Common Stock",Q,Nasdaq,N,N,N
TXMD,"TherapeuticsMD, Inc. - Common Stock",Q,Nasdaq,N,N,N
TXN,Texas Instruments Incorporated - Common Stock,Q,Nasdaq,N,N,N
TXNM,"TXNM Energy, Inc. Common Stock",N,NYSE,N,N,
TXNU,Direxion Daily TXN Bull 2X ETF,P,NYSE Arca,Y,N,
TXO,"TXO Partners, L.P. Common Units Representing Limited Partner Interests",N,NYSE,N,N,
TXRH,"Texas Roadhouse, Inc. - Common Stock",Q,Nasdaq,N,N,N
TXS,Texas Capital Texas Equity Index ETF,P,NYSE Arca,Y,N,
TXT,Textron Inc. Common Stock,N,NYSE,N,N,
TXUE,Thornburg International Equity ETF,Q,Nasdaq,Y,N,N
TXUG,Thornburg International Growth Fund ETF,Q,Nasdaq,Y,N,N
TXXD,21Shares 2x Long Dogecoin ETF,Q,Nasdaq,Y,N,N
TXXH,21Shares 2x Long HYPE ETF,Q,Nasdaq,Y,N,N
TXXI,BondBloxx IR+M Tax-Aware Intermediate Duration ETF,P,NYSE Arca,Y,N,
TXXS,21Shares 2x Long Sui ETF,Q,Nasdaq,Y,N,N
TY,Tri Continental Corporation Common Stock,N,NYSE,N,N,
TY$,Tri Continental Corporation Preferred Stock,N,NYSE,N,N,
TYA,Simplify Intermediate Term Treasury Futures Strategy ETF,Z,Cboe BZX,Y,N,
TYD,Direxion Daily 10-Yr Treasury Bull 3x Shrs,P,NYSE Arca,Y,N,
TYG,Tortoise Energy Infrastructure Corporation Common Stock,N,NYSE,N,N,
TYGO,"Tigo Energy, Inc. - Common Stock",Q,Nasdaq,N,N,N
TYL,"Tyler Technologies, Inc. Common Stock",N,NYSE,N,N,
TYLD,Cambria Tactical Yield ETF,Z,Cboe BZX,Y,N,
TYLG,Global X Information Technology Covered Call & Growth ETF,P,NYSE Arca,Y,N,
TYO,Direxion Daily 10-Yr Treasury Bear 3x Shrs,P,NYSE Arca,Y,N,
TYRA,"Tyra Biosciences, Inc. - Common Stock",Q,Nasdaq,N,N,N
TYYY,xETFs TSLA Daily Income ETF,P,NYSE Arca,Y,N,
TZA,Direxion Small Cap Bear 3X ETF,P,NYSE Arca,Y,N,
TZOO,Travelzoo - Common Stock,Q,Nasdaq,N,N,N
U,Unity Software Inc. Common Stock,N,NYSE,N,N,
UA,"Under Armour, Inc. Class C Common Stock",N,NYSE,N,N,
UAA,"Under Armour, Inc. Class A Common Stock",N,NYSE,N,N,
UAC,United Acquisition Corp. I Class A Ordinary Shares,A,NYSE American,N,N,
UAC.U,"United Acquisition Corp. I Units, each consisting of one Class A ordinary share and one-quarter of one redeemable warrant",A,NYSE American,N,N,
UAC.W,"United Acquisition Corp. I Warrants, each whole warrant exercisable for one Class A ordinary share at an exercise price of $11.50",A,NYSE American,N,N,
UAE,iShares MSCI UAE ETF,Q,Nasdaq,Y,N,N
UAL,"United Airlines Holdings, Inc. - Common Stock",Q,Nasdaq,N,N,N
UAMY,United States Antimony Corporation Common Stock,N,NYSE,N,N,
UAN,"CVR Partners, LP Common Units representing Limited Partner Interests",N,NYSE,N,N,
UAPR,Innovator U.S. Equity Ultra Buffer ETF - April,Z,Cboe BZX,Y,N,
UAUG,Innovator U.S. Equity Ultra Buffer ETF - August,Z,Cboe BZX,Y,N,
UAVS,"AgEagle Aerial Systems, Inc. Common Stock",A,NYSE American,N,N,
UBCP,"United Bancorp, Inc. - Common Stock",Q,Nasdaq,N,N,N
UBER,"Uber Technologies, Inc. Common Stock",N,NYSE,N,N,
UBEW,Roundhill UBER WeeklyPay ETF,Z,Cboe BZX,Y,N,
UBND,VictoryShares Core Plus Bond ETF,Q,Nasdaq,Y,N,N
UBOT,"Direxion Daily Robotics, Artificial Intelligence & Automation Index Bull 2X ETF",P,NYSE Arca,Y,N,
UBR,ProShares Ultra MSCI Brazil Capped,P,NYSE Arca,Y,N,
UBRL,GraniteShares 2x Long UBER Daily ETF,Q,Nasdaq,Y,N,N
UBS,UBS Group AG Registered Ordinary Shares,N,NYSE,N,N,
UBSI,"United Bankshares, Inc. - Common Stock",Q,Nasdaq,N,N,N
UBT,ProShares Ultra 20+ Year Treasury,P,NYSE Arca,Y,N,
UBXG,U-BX Technology Ltd. - Class A Ordinary Shares,Q,Nasdaq,N,N,N
UCAR,U Power Limited - Class A Ordinary Shares,Q,Nasdaq,N,N,N
UCB,"United Community Banks, Inc. Common Stock",N,NYSE,N,N,
UCC,ProShares Ultra Consumer Discretionary,P,NYSE Arca,Y,N,
UCFI,CN Healthy Food Tech Group Corp. - Common Stock,Q,Nasdaq,N,N,N
UCFIW,CN Healthy Food Tech Group Corp. - Warrant,Q,Nasdaq,N,N,N
UCIB,"ETRACS UBS Bloomberg Constant Maturity Commodity Index (CMCI) Total Return ETN Series B due April 5, 2038",P,NYSE Arca,N,N,
UCL,uCloudlink Group Inc. - American Depositary Shares,Q,Nasdaq,N,N,N
UCO,ProShares Ultra Bloomberg Crude Oil,P,NYSE Arca,Y,N,
UCON,First Trust Smith Unconstrained Bond ETF,P,NYSE Arca,Y,N,
UCOP,ProShares Ultra Copper K-1 Free ETF,P,NYSE Arca,Y,N,
UCRD,VictoryShares Corporate Bond ETF,Q,Nasdaq,Y,N,N
UCTT,"Ultra Clean Holdings, Inc. - Common Stock",Q,Nasdaq,N,N,N
UCTX,Corgi UCTT 2x Daily ETF,Z,Cboe BZX,Y,N,
UCYB,ProShares Ultra Nasdaq Cybersecurity,Q,Nasdaq,Y,N,N
UDEC,Innovator U.S. Equity Ultra Buffer ETF - December,Z,Cboe BZX,Y,N,
UDI,USCF Dividend Income Fund,P,NYSE Arca,Y,N,
UDIV,Franklin U.S. Core Dividend Tilt Index ETF,P,NYSE Arca,Y,N,
UDN,Invesco DB USD Index Bearish ETF,P,NYSE Arca,Y,N,
UDOW,ProShares UltraPro Dow30,P,NYSE Arca,Y,N,
UDR,"UDR, Inc. Common Stock",N,NYSE,N,N,
UE,Urban Edge Properties Common Shares of Beneficial Interest,N,NYSE,N,N,
UEC,Uranium Energy Corp. Common Stock,A,NYSE American,N,N,
UECG,Leverage Shares 2x Long UEC Daily ETF,Q,Nasdaq,Y,N,N
UEIC,Universal Electronics Inc. - Common Stock,Q,Nasdaq,N,N,N
UEVM,VictoryShares Emerging Markets Value Momentum ETF,Q,Nasdaq,Y,N,N
UFCS,"United Fire Group, Inc - Common Stock",Q,Nasdaq,N,N,N
UFEB,Innovator U.S. Equity Ultra Buffer ETF - February,Z,Cboe BZX,Y,N,
UFG,Uni-Fuels Holdings Limited - Class A Ordinary Shares,Q,Nasdaq,N,N,N
UFI,"Unifi, Inc. New Common Stock",N,NYSE,N,N,
UFIV,US Treasury 5 Year Note ETF,Q,Nasdaq,Y,N,N
UFO,Procure Space ETF,Q,Nasdaq,Y,N,N
UFOD,Tuttle Capital UFO Disclosure ETF,Z,Cboe BZX,Y,N,
UFOX,Defiance Space and Connective Tech ETF,Q,Nasdaq,Y,N,N
UFPI,"UFP Industries, Inc. - Common Stock",Q,Nasdaq,N,N,N
UFPT,"UFP Technologies, Inc. - Common Stock",Q,Nasdaq,N,N,N
UG,"United-Guardian, Inc. - Common Stock",Q,Nasdaq,N,N,N
UGA,United States Gasoline Fund LP,P,NYSE Arca,Y,N,
UGE,ProShares Ultra Consumer Staples,P,NYSE Arca,Y,N,
UGI,UGI Corporation Common Stock,N,NYSE,N,N,
UGL,ProShares Ultra Gold,P,NYSE Arca,Y,N,
UGLD,Direxion Daily Gold Bull 2X ETF,P,NYSE Arca,Y,N,
UGP,Ultrapar Participacoes S.A. (New) American Depositary Shares (Each representing one Common Share),N,NYSE,N,N,
UHAL,U-Haul Holding Company Common Stock,N,NYSE,N,N,
UHAL.B,U-Haul Holding Company Series N Non-Voting Common Stock ,N,NYSE,N,N,
UHS,"Universal Health Services, Inc. Common Stock",N,NYSE,N,N,
UHT,Universal Health Realty Income Trust Common Stock,N,NYSE,N,N,
UI,Ubiquiti Inc. Common Stock,N,NYSE,N,N,
UIS,Unisys Corporation New Common Stock,N,NYSE,N,N,
UITB,VictoryShares Core Intermediate Bond ETF,Q,Nasdaq,Y,N,N
UIVM,VictoryShares International Value Momentum ETF,Q,Nasdaq,Y,N,N
UJAN,Innovator U.S. Equity Ultra Buffer ETF - January,Z,Cboe BZX,Y,N,
UJB,ProShares Ultra High Yield ETF,P,NYSE Arca,Y,N,
UJUL,Innovator U.S. Equity Ultra Buffer ETF - July,Z,Cboe BZX,Y,N,
UJUN,Innovator U.S. Equity Ultra Buffer ETF - June,Z,Cboe BZX,Y,N,
UK,Ucommune International Ltd  - Class A Ordinary Shares,Q,Nasdaq,N,N,N
UL,Unilever PLC American Depositary Shares (each representing One Ordinary Share),N,NYSE,N,N,
ULBI,Ultralife Corporation - Common Stock,Q,Nasdaq,N,N,N
ULCC,"Frontier Group Holdings, Inc. - Common Stock",Q,Nasdaq,N,N,N
ULE,ProShares Ultra Euro,P,NYSE Arca,Y,N,
ULH,"Universal Logistics Holdings, Inc. - Common Stock",Q,Nasdaq,N,N,N
ULS,UL Solutions Inc. Class A Common Stock,N,NYSE,N,N,
ULST,State Street Ultra Short Term Bond ETF,P,NYSE Arca,Y,N,
ULTA,"Ulta Beauty, Inc. - Common Stock",Q,Nasdaq,N,N,N
ULTI,REX IncomeMax Option Strategy ETF,Q,Nasdaq,Y,N,N
ULTY,YieldMax Ultra Option Income Strategy ETF,P,NYSE Arca,Y,N,
ULVM,VictoryShares US Value Momentum ETF,Q,Nasdaq,Y,N,N
UMAC,"Unusual Machines, Inc. Common Stock",A,NYSE American,N,N,
UMAL,Defiance Daily Target 2X Long UMAC ETF,Z,Cboe BZX,Y,N,
UMAR,Innovator U.S. Equity Ultra Buffer ETF - March,Z,Cboe BZX,Y,N,
UMAY,Innovator U.S. Equity Ultra Buffer ETF - May,Z,Cboe BZX,Y,N,
UMBF,UMB Financial Corporation - Common Stock,Q,Nasdaq,N,N,N
UMBFO,"UMB Financial Corporation - Depositary Shares Each Representing a 1/400th Interest in a Share of 7.750% Fixed-Rate Reset Non-Cumulative Perpetual Preferred Stock, Series B",Q,Nasdaq,N,N,N
UMC,United Microelectronics Corporation (NEW) Common Stock,N,NYSE,N,N,
UMCX,Corgi UMC 2x Daily ETF,Z,Cboe BZX,Y,N,
UMDD,UltraPro MidCap400,P,NYSE Arca,Y,N,
UMH,"UMH Properties, Inc. Common Stock",N,NYSE,N,N,
UMH$D,"UMH Properties, Inc. 6.375% Series D Cumulative Redeemable Preferred Stock, Liquidation Preference $25 per share",N,NYSE,N,N,
UMI,USCF Midstream Energy Income Fund ETF,P,NYSE Arca,Y,N,
UMMA,Wahed Dow Jones Islamic World ETF,Q,Nasdaq,Y,N,N
UN,Corgi UNH 2x Daily ETF,Z,Cboe BZX,Y,N,
UNB,"Union Bankshares, Inc. - Common Stock",Q,Nasdaq,N,N,N
UNCY,"Unicycive Therapeutics, Inc. - Common Stock",Q,Nasdaq,N,N,N
UNF,Unifirst Corporation Common Stock,N,NYSE,N,N,
UNFI,"United Natural Foods, Inc. Common Stock",N,NYSE,N,N,
UNG,United States Natural Gas Fund LP,P,NYSE Arca,Y,N,
UNH,UnitedHealth Group Incorporated Common Stock (DE),N,NYSE,N,N,
UNHG,Leverage Shares 2X Long UNH Daily ETF,Q,Nasdaq,Y,N,N
UNHU,Direxion Daily UNH Bull 2X ETF,P,NYSE Arca,Y,N,
UNHW,Roundhill UNH WeeklyPay ETF,Z,Cboe BZX,Y,N,
UNIT,Uniti Group Inc. - Common Stock,Q,Nasdaq,N,N,N
UNIY,WisdomTree Voya Yield Enhanced USD Universal Bond Fund,Q,Nasdaq,Y,N,N
UNL,United States 12 Month Natural Gas Fund,P,NYSE Arca,Y,N,
UNM,Unum Group Common Stock,N,NYSE,N,N,
UNMA,Unum Group 6.250% Junior Subordinated Notes due 2058,N,NYSE,N,N,
UNOV,Innovator U.S. Equity Ultra Buffer ETF - November,Z,Cboe BZX,Y,N,
UNP,Union Pacific Corporation Common Stock,N,NYSE,N,N,
UNTY,"Unity Bancorp, Inc. - Common Stock",Q,Nasdaq,N,N,N
UNX,Tradr 2X Long U Daily ETF,Z,Cboe BZX,Y,N,
UOCT,Innovator U.S. Equity Ultra Buffer ETF - October,Z,Cboe BZX,Y,N,
UONE,"Urban One, Inc.  - Class A Common Stock",Q,Nasdaq,N,N,N
UONEK,"Urban One, Inc.  - Class D Common Stock",Q,Nasdaq,N,N,N
UP,Wheels Up Experience Inc. Class A Common Stock,N,NYSE,N,N,
UPAL,ProShares Ultra Palladium K-1 Free ETF,P,NYSE Arca,Y,N,
UPAR,UPAR Ultra Risk Parity ETF,P,NYSE Arca,Y,N,
UPB,"Upstream Bio, Inc. - Common Stock",Q,Nasdaq,N,N,N
UPBD,"Upbound Group, Inc. - Common Stock",Q,Nasdaq,N,N,N
UPC,Universe Pharmaceuticals Inc - Class A Ordinary Shares,Q,Nasdaq,N,N,N
UPGD,Invesco Bloomberg Analyst Rating Improvers ETF,P,NYSE Arca,Y,N,
UPGR,Xtrackers US Green Infrastructure Select Equity ETF,Q,Nasdaq,Y,N,N
UPLD,"Upland Software, Inc. - Common Stock",Q,Nasdaq,N,N,N
UPLT,ProShares Ultra Platinum K-1 Free ETF,P,NYSE Arca,Y,N,
UPRO,ProShares UltraPro S&P 500,P,NYSE Arca,Y,N,
UPS,"United Parcel Service, Inc. Common Stock",N,NYSE,N,N,
UPSC,Corgi UPST 2x Daily ETF,Z,Cboe BZX,Y,N,
UPSD,Aptus Large Cap Upside ETF,Z,Cboe BZX,Y,N,
UPSG,Leverage Shares 2X Long UPS Daily ETF,Q,Nasdaq,Y,N,N
UPST,"Upstart Holdings, Inc. - Common stock",Q,Nasdaq,N,N,N
UPSX,Tradr 2X Long UPST Daily ETF,Z,Cboe BZX,Y,N,
UPV,ProShares Ultra FTSE Europe,P,NYSE Arca,Y,N,
UPW,ProShares Ultra Utilities,P,NYSE Arca,Y,N,
UPWK,Upwork Inc. - Common Stock,Q,Nasdaq,N,N,N
UPXI,"Upexi, Inc. - Common Stock",Q,Nasdaq,N,N,D
URA,Global X Uranium ETF,P,NYSE Arca,Y,N,
URAA,Direxion Daily Uranium Industry Bull 2X ETF,P,NYSE Arca,Y,N,
URAN,Themes Uranium & Nuclear ETF,Z,Cboe BZX,Y,N,
URBN,"Urban Outfitters, Inc. - Common Stock",Q,Nasdaq,N,N,N
URE,ProShares Ultra Real Estate,P,NYSE Arca,Y,N,
URG,Ur Energy Inc Common Shares (Canada),A,NYSE American,N,N,
URGN,UroGen Pharma Ltd. - Ordinary Shares,Q,Nasdaq,N,N,N
URI,"United Rentals, Inc. Common Stock",N,NYSE,N,N,
URNJ,Sprott Junior Uranium Miners ETF,Q,Nasdaq,Y,N,N
URNM,Sprott Uranium Miners ETF,P,NYSE Arca,Y,N,
UROY,Uranium Royalty Corp. - Common Stock,Q,Nasdaq,N,N,N
URSP,ProShares Ultra S&P 500 Equal Weight,P,NYSE Arca,Y,N,
URTH,iShares MSCI World ETF,P,NYSE Arca,Y,N,
URTY,ProShares UltraPro Russell2000,P,NYSE Arca,Y,N,
USA,Liberty All-Star Equity Fund Common Stock,N,NYSE,N,N,
USAC,"USA Compression Partners, LP Common Units Representing Limited Partner Interests",N,NYSE,N,N,
USAF,Atlas America Fund,Q,Nasdaq,Y,N,N
USAI,Pacer American Energy Infrastructure ETF,P,NYSE Arca,Y,N,
USAR,"USA Rare Earth, Inc. - Common Stock",Q,Nasdaq,N,N,N
USAS,"Americas Gold and Silver Corporation Common Shares, no par value",A,NYSE American,N,N,
USAU,U.S. Gold Corp. - Common Stock,Q,Nasdaq,N,N,N
USAX,Tradr 2X Long USAR Daily ETF,Z,Cboe BZX,Y,N,
USB,U.S. Bancorp Common Stock,N,NYSE,N,N,
USB$A,"U.S. Bancorp Depositary Shares, Each representing a 1/100th interest in a share of Series A Non-CumulativePerpetual Pfd Stock",N,NYSE,N,N,
USB$H,U.S. Bancorp Depositary Shares repstg 1/1000th Pfd Ser B,N,NYSE,N,N,
USB$P,"U.S. Bancorp Depositary Shares each representing a 1/1,000th interest in a share of Series K Non-Cumulative Perpetual Preferred Stock",N,NYSE,N,N,
USB$Q,"U.S. Bancorp Depositary Shares, Each Representing a 1/1,000th Interest in a Share of Series L Non-Cumulative Perpetual Preferred Stock",N,NYSE,N,N,
USB$R,"U.S. Bancorp Depositary Shares, Each Representing a 1/1,000th Interest in a Share of Series M Non-Cumulative Perpetual Preferred Stock",N,NYSE,N,N,
USB$S,"U.S. Bancorp Depositary Shares, each representing a 1/1,000th interest in a share of Series O Non-Cumulative Perpetual Preferred Stock",N,NYSE,N,N,
USBC,"USBC, Inc. Common Stock",A,NYSE American,N,N,
USCA,Xtrackers MSCI USA Climate Action Equity ETF,P,NYSE Arca,Y,N,
USCB,"USCB Financial Holdings, Inc.  - Class A Common Stock",Q,Nasdaq,N,N,N
USCI,United States Commodity Index Fund ETV,P,NYSE Arca,Y,N,
USCL,iShares Climate Conscious & Transition MSCI USA ETF,Q,Nasdaq,Y,N,N
USD,ProShares Ultra Semiconductors,P,NYSE Arca,Y,N,
USDE,StablecoinX Inc. - Class A Common Stock,Q,Nasdaq,N,N,N
USDEW,StablecoinX Inc. - Warrants,Q,Nasdaq,N,N,N
USDU,WisdomTree Bloomberg U.S. Dollar Bullish Fund,P,NYSE Arca,Y,N,
USDX,SGI Enhanced Core ETF,Q,Nasdaq,Y,N,N
USE,USCF Energy Commodity Strategy Absolute Return Fund,P,NYSE Arca,Y,N,
USEA,United Maritime Corporation - Common Stock,Q,Nasdaq,N,N,N
USEP,Innovator U.S. Equity Ultra Buffer ETF - September,Z,Cboe BZX,Y,N,
USEW,Cambria US EW ETF,Z,Cboe BZX,Y,N,
USFD,US Foods Holding Corp. Common Stock,N,NYSE,N,N,
USFE,First Eagle US Equity ETF,P,NYSE Arca,Y,N,
USFI,BrandywineGLOBAL - U.S. Fixed Income ETF,Q,Nasdaq,Y,N,N
USFR,WisdomTree Floating Rate Treasury Fund,P,NYSE Arca,Y,N,
USG,USCF Gold Strategy Plus Income Fund,P,NYSE Arca,Y,N,
USGG,Leverage Shares 2X Long USAR Daily ETF,Q,Nasdaq,Y,N,N
USGO,U.S. GoldMining Inc. - Common stock,Q,Nasdaq,N,N,N
USHY,iShares Broad USD High Yield Corporate Bond ETF,Z,Cboe BZX,Y,N,
USIG,iShares Broad USD Investment Grade Corporate Bond ETF,Q,Nasdaq,Y,N,N
USIN,WisdomTree 7-10 Year Laddered Treasury Fund,Q,Nasdaq,Y,N,N
USIO,"Usio, Inc. - Common Stock",Q,Nasdaq,N,N,N
USL,United States 12 Month Oil,P,NYSE Arca,Y,N,
USLM,"United States Lime & Minerals, Inc. - Common Stock",Q,Nasdaq,N,N,N
USLN,iShares Broad USD Floating Rate Loan ETF,Z,Cboe BZX,Y,N,
USLV,Direxion Daily Silver Bull 2X ETF,P,NYSE Arca,Y,N,
USMC,Principal U.S. Mega-Cap ETF,Q,Nasdaq,Y,N,N
USMD,CoreValues America First Technology ETF,P,NYSE Arca,Y,N,
USMF,WisdomTree U.S. Multifactor Fund,Z,Cboe BZX,Y,N,
USML,ETRACS 2x Leveraged MSCI US Minimum Volatility Factor TR ETN,P,NYSE Arca,Y,N,
USMV,iShares MSCI USA Min Vol Factor ETF,Z,Cboe BZX,Y,N,
USNA,"USANA Health Sciences, Inc. Common Stock",N,NYSE,N,N,
USNG,Amplify Samsung U.S. Natural Gas Infrastructure ETF,P,NYSE Arca,Y,N,
USNZ,Xtrackers Net Zero Pathway Paris Aligned US Equity ETF,P,NYSE Arca,Y,N,
USO,United States Oil Fund,P,NYSE Arca,Y,N,
USOI,"ETRACS Crude Oil Shares Covered Call ETNs due April 24, 2037",Q,Nasdaq,Y,N,N
USOY,Defiance Oil Enhanced Options Income ETF,Q,Nasdaq,Y,N,N
USPH,"U.S. Physical Therapy, Inc. Common Stock",N,NYSE,N,N,
USPX,Franklin U.S. Equity Index ETF,P,NYSE Arca,Y,N,
USRD,Themes US R&D Champions ETF,Q,Nasdaq,Y,N,N
USRT,iShares Core U.S. REIT ETF,P,NYSE Arca,Y,N,
USSE,Segall Bryant & Hamill Trust Segall Bryant & Hamill Select Equity ETF,P,NYSE Arca,Y,N,
USSG,Xtrackers MSCI USA Selection Equity ETF,P,NYSE Arca,Y,N,
USSH,WisdomTree 1-3 Year Laddered Treasury Fund,Q,Nasdaq,Y,N,N
UST,ProShares Ultra 7-10 Year Treasury,P,NYSE Arca,Y,N,
USTB,VictoryShares Short-Term Bond ETF,Q,Nasdaq,Y,N,N
USVM,VictoryShares US Small Mid Cap Value Momentum ETF,Q,Nasdaq,Y,N,N
USVN,US Treasury 7 Year Note ETF,Q,Nasdaq,Y,N,N
USX,Corgi Total U.S. Market 2x Daily ETF,Z,Cboe BZX,Y,N,
USXF,iShares ESG Advanced MSCI USA ETF,Q,Nasdaq,Y,N,N
UTEN,US Treasury 10 Year Note ETF,Q,Nasdaq,Y,N,N
UTES,Virtus Reaves Utilities ETF,P,NYSE Arca,Y,N,
UTF,"Cohen & Steers Infrastructure Fund, Inc Common Stock",N,NYSE,N,N,
UTG,Reaves Utility Income Fund Common Shares of Beneficial Interest,A,NYSE American,N,N,
UTHR,United Therapeutics Corporation - Common Stock,Q,Nasdaq,N,N,N
UTHY,US Treasury 30 Year Bond ETF,Q,Nasdaq,Y,N,N
UTI,Universal Technical Institute Inc Common Stock,N,NYSE,N,N,
UTL,UNITIL Corporation Common Stock,N,NYSE,N,N,
UTMD,"Utah Medical Products, Inc. - Common Stock",Q,Nasdaq,N,N,N
UTRE,US Treasury 3 Year Note ETF,Q,Nasdaq,Y,N,N
UTSI,UTStarcom Holdings Corp - Ordinary Shares,Q,Nasdaq,N,N,N
UTSL,Direxion Daily Utilities Bull 3X ETF,P,NYSE Arca,Y,N,
UTWO,US Treasury 2 Year Note ETF,Q,Nasdaq,Y,N,N
UTWY,US Treasury 20 Year Bond ETF,Q,Nasdaq,Y,N,N
UTZ,Utz Brands Inc Class A Common Stock ,N,NYSE,N,N,
UUP,Invesco DB USD Index Bullish Fund ETF,P,NYSE Arca,Y,N,
UUPP,Principal CLO ETF,Z,Cboe BZX,Y,N,
UUU,"Universal Safety Products, Inc. Common Stock",A,NYSE American,N,N,
UUUC,Corgi UUUU 2x Daily ETF,Z,Cboe BZX,Y,N,
UUUG,Leverage Shares 2X Long UUUU Daily ETF,Q,Nasdaq,Y,N,N
UUUU,Energy Fuels Inc Ordinary Shares (Canada),A,NYSE American,N,N,
UVE,UNIVERSAL INSURANCE HOLDINGS INC Common Stock,N,NYSE,N,N,
UVIX,2x Long VIX Futures ETF,Z,Cboe BZX,Y,N,
UVSP,Univest Financial Corporation - Common Stock,Q,Nasdaq,N,N,N
UVV,Universal Corporation Common Stock,N,NYSE,N,N,
UVXY,ProShares Ultra VIX Short Term Futures ETF,Z,Cboe BZX,Y,N,
UWM,ProShares Ultra Russell2000,P,NYSE Arca,Y,N,
UWMC,UWM Holdings Corporation Class A Common Stock,N,NYSE,N,N,
UX,Roundhill Uranium ETF,Z,Cboe BZX,Y,N,
UXAP,FT Vest U.S. Equity Uncapped Accelerator ETF - April,Z,Cboe BZX,Y,N,
UXI,ProShares Ultra Industrials,P,NYSE Arca,Y,N,
UXIN,Uxin Limited - American Depositary Shares,Q,Nasdaq,N,N,N
UXJA,FT Vest U.S. Equity Uncapped Accelerator ETF - January,Z,Cboe BZX,Y,N,
UXJL,FT Vest U.S. Equity Uncapped Accelerator ETF - July,Z,Cboe BZX,Y,N,
UXOC,FT Vest U.S. Equity Uncapped Accelerator ETF - October,Z,Cboe BZX,Y,N,
UXRP,ProShares Ultra XRP ETF,P,NYSE Arca,Y,N,
UYG,ProShares Ultra Financials,P,NYSE Arca,Y,N,
UYLD,Angel Oak UltraShort Income ETF,Q,Nasdaq,Y,N,N
UYM,ProShares Ultra Materials,P,NYSE Arca,Y,N,
UYSC,UY Scuti Acquisition Corp. - Ordinary Shares,Q,Nasdaq,N,N,N
UYSCR,UY Scuti Acquisition Corp. - Rights,Q,Nasdaq,N,N,N
UYSCU,UY Scuti Acquisition Corp. - Units,Q,Nasdaq,N,N,N
UZD,"Array Digital Infrastructure, Inc. 6.250% Senior Notes due 2069",N,NYSE,N,N,
UZE,"Array Digital Infrastructure, Inc. 5.500% Senior Notes due 2070",N,NYSE,N,N,
UZF,"Array Digital Infrastructure, Inc. 5.500% Senior Notes due 2070",N,NYSE,N,N,
UZX,Linkage Global Inc - Class A Ordinary Shares,Q,Nasdaq,N,N,D
V,Visa Inc.,N,NYSE,N,N,
VABK,Virginia National Bankshares Corporation - Common Stock,Q,Nasdaq,N,N,N
VABS,Virtus Newfleet ABS/MBS ETF,P,NYSE Arca,Y,N,
VAC,Marriott Vacations Worldwide Corporation Common Stock,N,NYSE,N,N,
VACI,Viking Acquisition Corp. I Class A Ordinary Shares,N,NYSE,N,N,
VACI.U,"Viking Acquisition Corp. I Units, each consisting of one Class A ordinary share and one-third of one Warrant",N,NYSE,N,N,
VACI.W,Viking Acquisition Corp. I Warrants to purchase one Class A Ordinary Share,N,NYSE,N,N,
VAIE,VegaShares US Equity Autocallable Income ETF,P,NYSE Arca,Y,N,
VAL,Valaris Limited Common Shares,N,NYSE,N,N,
VAL.W,Valaris Limited Warrants,N,NYSE,N,N,
VALE,VALE S.A.  American Depositary Shares Each Representing one common share,N,NYSE,N,N,
VALG,Leverage Shares 2X Long VALE Daily ETF,Q,Nasdaq,Y,N,N
VALN,Valneva SE - American Depositary Shares,Q,Nasdaq,N,N,N
VALQ,American Century U.S. Quality Value ETF,P,NYSE Arca,Y,N,
VALU,"Value Line, Inc. - Common Stock",Q,Nasdaq,N,N,N
VAMO,Cambria Value and Momentum ETF,Z,Cboe BZX,Y,N,
VANI,"Vivani Medical, Inc.  - Common Stock",Q,Nasdaq,N,N,N
VATE,INNOVATE Corp. Common Stock,N,NYSE,N,N,
VAVX,VanEck Avalanche ETF,Q,Nasdaq,Y,N,N
VAW,Vanguard Materials ETF,P,NYSE Arca,Y,N,
VB,Vanguard Small-Cap ETF,P,NYSE Arca,Y,N,
VBCA,Vanguard Target Maturity 2027 Corporate Bond ETF,Q,Nasdaq,Y,N,N
VBCB,Vanguard Target Maturity 2028 Corporate Bond ETF,Q,Nasdaq,Y,N,N
VBCC,Vanguard Target Maturity 2029 Corporate Bond ETF,Q,Nasdaq,Y,N,N
VBCD,Vanguard Target Maturity 2030 Corporate Bond ETF,Q,Nasdaq,Y,N,N
VBCE,Vanguard Target Maturity 2031 Corporate Bond ETF,Q,Nasdaq,Y,N,N
VBCF,Vanguard Target Maturity 2032 Corporate Bond ETF,Q,Nasdaq,Y,N,N
VBCG,Vanguard Target Maturity 2033 Corporate Bond ETF,Q,Nasdaq,Y,N,N
VBCH,Vanguard Target Maturity 2034 Corporate Bond ETF,Q,Nasdaq,Y,N,N
VBCI,Vanguard Target Maturity 2035 Corporate Bond ETF,Q,Nasdaq,Y,N,N
VBCJ,Vanguard Target Maturity 2036 Corporate Bond ETF,Q,Nasdaq,Y,N,N
VBF,Invesco Bond Fund Common Stock,N,NYSE,N,N,
VBIL,Vanguard 0-3 Month Treasury Bill ETF,Q,Nasdaq,Y,N,N
VBIO,"Valion Bio, Inc. - Common stock",Q,Nasdaq,N,N,D
VBK,Vanguard Small-Cap Growth ETF,P,NYSE Arca,Y,N,
VBNB,VanEck BNB ETF,Q,Nasdaq,Y,N,N
VBND,Vident U.S. Bond Strategy ETF,P,NYSE Arca,Y,N,
VBNK,VersaBank - Common Shares,Q,Nasdaq,N,N,N
VBR,Vanguard Small-Cap Value ETF,P,NYSE Arca,Y,N,
VBX,Corgi U.S. Small-Cap 2x Daily ETF,Z,Cboe BZX,Y,N,
VC,Visteon Corporation - Common Stock,Q,Nasdaq,N,N,N
VCEB,Vanguard ESG U.S. Corporate Bond ETF,Z,Cboe BZX,Y,N,
VCEL,Vericel Corporation - Common Stock,Q,Nasdaq,N,N,N
VCHY,Vanguard U.S. High-Yield Corporate Bond Index ETF,Z,Cboe BZX,Y,N,
VCIG,VCI Global Limited - Ordinary Share,Q,Nasdaq,N,N,E
VCIT,Vanguard Intermediate-Term Corporate Bond ETF,Q,Nasdaq,Y,N,N
VCLN,Virtus Duff & Phelps Clean Energy ETF,P,NYSE Arca,Y,N,
VCLT,Vanguard Long-Term Corporate Bond ETF,Q,Nasdaq,Y,N,N
VCOB,Voya Core Bond ETF,P,NYSE Arca,Y,N,
VCR,Vanguard Consumer Discretion ETF,P,NYSE Arca,Y,N,
VCRB,Vanguard Core Bond ETF,Q,Nasdaq,Y,N,N
VCRE,Vicore Pharma Holding AB - American Depositary Shares,Q,Nasdaq,N,N,N
VCRM,Vanguard Core Tax-Exempt Bond ETF,Z,Cboe BZX,Y,N,
VCSH,Vanguard Short-Term Corporate Bond ETF,Q,Nasdaq,Y,N,N
VCTR,"Victory Capital Holdings, Inc. - Common Stock",Q,Nasdaq,N,N,N
VCV,Invesco California Value Municipal Income Trust Common Stock,N,NYSE,N,N,
VCX,"Fundrise Innovation Fund, LLC Common Shares of Limited Liability Company Interests",N,NYSE,N,N,
VCYT,"Veracyte, Inc. - Common Stock",Q,Nasdaq,N,N,N
VDC,Vanguard Consumer Staples ETF,P,NYSE Arca,Y,N,
VDE,Vanguard Energy ETF,P,NYSE Arca,Y,N,
VDG,Vanguard Developed Markets ex-US Growth Index ETF,Z,Cboe BZX,Y,N,
VDI,Virtus International Dividend ETF,P,NYSE Arca,Y,N,
VDIG,Vanguard Wellington Dividend Growth Active ETF,Z,Cboe BZX,Y,N,
VDV,Vanguard Developed Markets ex-US Value Index ETF,Z,Cboe BZX,Y,N,
VEA,Vanguard FTSE Developed Markets ETF,P,NYSE Arca,Y,N,
VECA,Vernal Capital Acquisition Corp. Ordinary Shares,N,NYSE,N,N,
VECA.R,"Vernal Capital Acquisition Corp. Rights, each right entitling the holder to receive one-fourth (1/4) of one Ordinary Share",N,NYSE,N,N,
VECA.U,"Vernal Capital Acquisition Corp. Units, each consisting of one ordinary share and one right",N,NYSE,N,N,
VECO,Veeco Instruments Inc. - Common Stock,Q,Nasdaq,N,N,N
VEEA,Veea Inc. - Common Stock,Q,Nasdaq,N,N,D
VEEAW,Veea Inc. - Warrant,Q,Nasdaq,N,N,D
VEEE,Twin Vee PowerCats Co. - Common Stock,Q,Nasdaq,N,N,N
VEEV,Veeva Systems Inc. Class A Common Stock,N,NYSE,N,N,
VEFA,VanEck MSCI EAFE Analyst Sentiment ETF,Q,Nasdaq,Y,N,N
VEGA,AdvisorShares STAR Global Buy-Write ETF,P,NYSE Arca,Y,N,
VEGI,iShares MSCI Agriculture Producers ETF,P,NYSE Arca,Y,N,
VEGN,US Vegan Climate ETF,Z,Cboe BZX,Y,N,
VEL,"Velocity Financial, Inc. Common Stock",N,NYSE,N,N,
VELL,Defiance Daily Target 2X Long VELO ETF,Z,Cboe BZX,Y,N,
VELO,"Velo3D, Inc. - Common stock",Q,Nasdaq,N,N,N
VEM,Virtus Emerging Markets Dividend ETF,P,NYSE Arca,Y,N,
VEMY,Virtus Stone Harbor Emerging Markets High Yield Bond ETF,P,NYSE Arca,Y,N,
VENU,Venu Holding Corporation Common Stock,A,NYSE American,N,N,
VEON,VEON Ltd. - American Depositary Shares,Q,Nasdaq,N,N,N
VERA,"Vera Therapeutics, Inc. - Class A Common Stock",Q,Nasdaq,N,N,N
VERI,"Veritone, Inc. - Common Stock",Q,Nasdaq,N,N,N
VERS,ProShares Metaverse ETF,P,NYSE Arca,Y,N,
VERU,Veru Inc. - Common Stock,Q,Nasdaq,N,N,N
VERX,"Vertex, Inc. - Class A Common Stock",Q,Nasdaq,N,N,N
VET,Vermilion Energy Inc. Common (Canada),N,NYSE,N,N,
VETZ,Academy Veteran Bond ETF,P,NYSE Arca,Y,N,
VEU,Vanguard FTSE All World Ex US ETF,P,NYSE Arca,Y,N,
VEXC,Vanguard Emerging Markets Ex-China ETF,P,NYSE Arca,Y,N,
VFC,V.F. Corporation Common Stock,N,NYSE,N,N,
VFF,"Village Farms International, Inc. - Common Shares",Q,Nasdaq,N,N,N
VFH,Vanguard Financials ETF,P,NYSE Arca,Y,N,
VFLO,VictoryShares Free Cash Flow ETF,Q,Nasdaq,Y,N,N
VFMF,Vanguard U.S. Multifactor ETF,Z,Cboe BZX,Y,N,
VFMO,Vanguard U.S. Momentum Factor ETF,Z,Cboe BZX,Y,N,
VFMV,Vanguard U.S. Minimum Volatility ETF,Z,Cboe BZX,Y,N,
VFQY,Vanguard U.S. Quality Factor ETF,Z,Cboe BZX,Y,N,
VFS,VinFast Auto Ltd. - Ordinary Shares,Q,Nasdaq,N,N,N
VFSWW,VinFast Auto Ltd. - Warrant,Q,Nasdaq,N,N,N
VFVA,Vanguard U.S. Value Factor ETF,Z,Cboe BZX,Y,N,
VG,"Venture Global, Inc. Class A common stock",N,NYSE,N,N,
VGAS,"Verde Clean Fuels, Inc. - Class A Common Stock",Q,Nasdaq,N,N,N
VGASW,"Verde Clean Fuels, Inc. - Warrant",Q,Nasdaq,N,N,N
VGHY,Vanguard High-Yield Active ETF,Z,Cboe BZX,Y,N,
VGI,Virtus Global Multi-Sector Income Fund Common Shares of Beneficial Interest,N,NYSE,N,N,
VGIT,Vanguard Intermediate-Term Treasury ETF,Q,Nasdaq,Y,N,N
VGK,Vanguard FTSEEuropean ETF,P,NYSE Arca,Y,N,
VGLT,Vanguard Long-Term Treasury ETF,Q,Nasdaq,Y,N,N
VGM,Invesco Trust for Investment Grade Municipals Common Stock (DE),N,NYSE,N,N,
VGMS,Vanguard Multi-Sector Income Bond ETF,Z,Cboe BZX,Y,N,
VGNT,Versigent PLC Ordinary Shares,N,NYSE,N,N,
VGRO,Virtus Silvant Growth Opportunities ETF,P,NYSE Arca,Y,N,
VGSH,Vanguard Short-Term Treasury ETF,Q,Nasdaq,Y,N,N
VGSR,Vert Global Sustainable Real Estate ETF,Q,Nasdaq,Y,N,N
VGT,Vanguard Information Tech ETF,P,NYSE Arca,Y,N,
VGUS,Vanguard Ultra-Short Treasury ETF,Q,Nasdaq,Y,N,N
VGVT,Vanguard Government Securities Active ETF,P,NYSE Arca,Y,N,
VGZ,Vista Gold Corp Common Stock,A,NYSE American,N,N,
VHC,VirnetX Holding Corp - Common Stock,Q,Nasdaq,N,N,N
VHCP,Vine Hill Capital Investment Corp. II - Class A Ordinary Shares,Q,Nasdaq,N,N,N
VHCPU,Vine Hill Capital Investment Corp. II - Units,Q,Nasdaq,N,N,N
VHCPW,Vine Hill Capital Investment Corp. II - Warrants,Q,Nasdaq,N,N,N
VHI,"Valhi, Inc. Common Stock",N,NYSE,N,N,
VHT,Vanguard Health Care ETF,P,NYSE Arca,Y,N,
VHUB,"VenHub Global, Inc. - Common Stock",Q,Nasdaq,N,N,N
VIA,"Via Transportation, Inc. Class A Common Stock",N,NYSE,N,N,
VIAG,Leverage Shares 2X Long VIAV Daily ETF,Z,Cboe BZX,Y,N,
VIAV,Viavi Solutions Inc. - Common Stock,Q,Nasdaq,N,N,N
VICE,AdvisorShares Vice ETF,P,NYSE Arca,Y,N,
VICI,VICI Properties Inc. Common Stock,N,NYSE,N,N,
VICR,Vicor Corporation - Common Stock,Q,Nasdaq,N,N,N
VIDA,VIDA Global Inc. Class A Common Stock,A,NYSE American,N,N,
VIDI,Vident International Equity Strategy ETF,P,NYSE Arca,Y,N,
VIG,Vanguard Div Appreciation ETF,P,NYSE Arca,Y,N,
VIGI,Vanguard International Dividend Appreciation ETF,Q,Nasdaq,Y,N,N
VII.U,"Viking Acquisition Corp. II Units, each consisting of one Class A ordinary share and one-third of one Warrant",N,NYSE,N,N,
VIK,Viking Holdings Ltd Ordinary Shares,N,NYSE,N,N,
VINP,Vinci Compass Investments Ltd. - Class A Common Shares,Q,Nasdaq,N,N,N
VIOG,Vanguard S&P Small-Cap 600 Growth ETF,P,NYSE Arca,Y,N,
VIOO,Vanguard S&P Small-Cap 600 ETF,P,NYSE Arca,Y,N,
VIOT,"Viomi Technology Co., Ltd - American Depositary Shares",Q,Nasdaq,N,N,N
VIOV,Vanguard S&P Small-Cap 600 Value ETF,P,NYSE Arca,Y,N,
VIPS,"Vipshop Holdings Limited American Depositary Shares, each representing two ordinary shares",N,NYSE,N,N,
VIR,"Vir Biotechnology, Inc. - Common Stock",Q,Nasdaq,N,N,N
VIRC,Virco Manufacturing Corporation - Common Stock,Q,Nasdaq,N,N,N
VIRT,"Virtu Financial, Inc. Class A Common Stock",N,NYSE,N,N,
VIS,Vanguard Industrials ETF,P,NYSE Arca,Y,N,
VISN,"Vistance Networks, Inc.  - Common Stock",Q,Nasdaq,N,N,N
VIST,"Vista Energy S.A.B. de C.V. American Depositary Shares, each representing one series A share, with no par value",N,NYSE,N,N,
VITL,"Vital Farms, Inc. - Common Stock",Q,Nasdaq,N,N,N
VIV,Telefonica Brasil S.A. American Depositary Shares (Each representing One Common Share),N,NYSE,N,N,
VIVK,"Vivakor, Inc. - Common Stock",Q,Nasdaq,N,N,N
VIVO,VivoPower PLC - Class A Ordinary Shares,Q,Nasdaq,N,N,N
VIVS,"VivoSim Labs, Inc. - Common Stock",Q,Nasdaq,N,N,N
VIXM,VIX Mid-Term Futures ETF,Z,Cboe BZX,Y,N,
VIXY,VIX Short-Term Futures ETF,Z,Cboe BZX,Y,N,
VKI,Invesco Advantage Municipal Income Trust II Common Shares of Beneficial Interest (DE),A,NYSE American,N,N,
VKQ,Invesco Municipal Trust Common Stock,N,NYSE,N,N,
VKTX,"Viking Therapeutics, Inc. - Common Stock",Q,Nasdaq,N,N,N
VLGEA,"Village Super Market, Inc. - Class A Common Stock",Q,Nasdaq,N,N,N
VLLU,Harbor AlphaEdge Large Cap Value ETF,P,NYSE Arca,Y,N,
VLN,Valens Semiconductor Ltd. Ordinary Shares,N,NYSE,N,N,
VLN.W,"Valens Semiconductor Ltd. Warrants, each warrant to purchase one-half of one Ordinary Share",N,NYSE,N,N,
VLO,Valero Energy Corporation Common Stock,N,NYSE,N,N,
VLRS,"Controladora Vuela Compania de Aviacion, S.A.B. de C.V. American Depositary Shares, each representing ten (10) Ordinary Participation Certificates",N,NYSE,N,N,
VLT,Invesco High Income Trust II,N,NYSE,N,N,
VLTO,Veralto Corp Common Stock ,N,NYSE,N,N,
VLU,State Street SPDR S&P 1500 Value Tilt ETF,P,NYSE Arca,Y,N,
VLUE,iShares MSCI USA Value Factor ETF,Z,Cboe BZX,Y,N,
VLY,Valley National Bancorp - Common Stock,Q,Nasdaq,N,N,N
VLYPN,"Valley National Bancorp - 8.250% Fixed-Rate Reset Non-Cumulative Perpetual Preferred Stock, Series C",Q,Nasdaq,N,N,N
VLYPO,Valley National Bancorp - 5.5% Fixed to Floating Rate Series B Non-Cumulative Perpetual Preferred Stock,Q,Nasdaq,N,N,N
VLYPP,Valley National Bancorp - 6.25% Fixed-to-Floating Rate Series A Non-Cumulative Perpetual Preferred Stock,Q,Nasdaq,N,N,N
VMAR,Vision Marine Technologies Inc. - Common Shares,Q,Nasdaq,N,N,N
VMAX,Hartford US Value ETF,Z,Cboe BZX,Y,N,
VMBS,Vanguard Mortgage-Backed Securities ETF,Q,Nasdaq,Y,N,N
VMC,Vulcan Materials Company (Holding Company) Common Stock,N,NYSE,N,N,
VMD,"Viemed Healthcare, Inc. - Common Shares",Q,Nasdaq,N,N,N
VMET,Versamet Royalties Corporation - Common Stock,Q,Nasdaq,N,N,N
VMI,"Valmont Industries, Inc. Common Stock",N,NYSE,N,N,
VMO,Invesco Municipal Opportunity Trust Common Stock,N,NYSE,N,N,
VMSB,Voya Multi-Sector Income ETF,P,NYSE Arca,Y,N,
VNAM,Global X MSCI Vietnam ETF,P,NYSE Arca,Y,N,
VNCE,Vince Holding Corp. - Common Stock,Q,Nasdaq,N,N,N
VNDA,Vanda Pharmaceuticals Inc. - Common Stock,Q,Nasdaq,N,N,N
VNET,"VNET Group, Inc. - American Depositary Shares",Q,Nasdaq,N,N,N
VNIE,Vontobel International Equity Active ETF,P,NYSE Arca,Y,N,
VNLA,Janus Henderson Short Duration Income ETF,P,NYSE Arca,Y,N,
VNM,VanEck Vietnam ETF,Z,Cboe BZX,Y,N,
VNME,Vendome Acquisition Corporation I - Class A Ordinary Shares,Q,Nasdaq,N,N,N
VNMEU,Vendome Acquisition Corporation I - Unit,Q,Nasdaq,N,N,N
VNMEW,Vendome Acquisition Corporation I - Warrant,Q,Nasdaq,N,N,N
VNO,Vornado Realty Trust Common Stock,N,NYSE,N,N,
VNO$L,Vornado Realty Trust Pfd Ser L %,N,NYSE,N,N,
VNO$M,"Vornado Realty Trust 5.25% Series M Cumulative Redeemable Preferred Shares of Beneficial Interest, liquidation preference $25.00 per share, no par value per share",N,NYSE,N,N,
VNO$N,"Vornado Realty Trust 5.25% Series N Cumulative Redeemable Preferred Shares of Beneficial Interest, liquidation preference $25.00 per share",N,NYSE,N,N,
VNO$O,"Vornado Realty Trust 4.45% Series O Cumulative Redeemable Preferred Shares, Liquidation Preference $25.00 Per Share",N,NYSE,N,N,
VNOM,"Viper Energy, Inc.  - Class A Common Stock",Q,Nasdaq,N,N,N
VNQ,Vanguard Real Estate ETF,P,NYSE Arca,Y,N,
VNQI,Vanguard Global ex-U.S. Real Estate ETF,Q,Nasdaq,Y,N,N
VNRX,VolitionRX Limited Common Stock,A,NYSE American,N,N,
VNSE,Natixis Vaughan Nelson Select ETF,P,NYSE Arca,Y,N,
VNT,Vontier Corporation Common Stock ,N,NYSE,N,N,
VNTG,Vantage Corp Class A Ordinary Shares,A,NYSE American,N,N,
VO,Vanguard Mid-Cap ETF,P,NYSE Arca,Y,N,
VOC,VOC Energy Trust Units of Beneficial Interest,N,NYSE,N,N,
VOD,Vodafone Group Plc - American Depositary Shares each representing ten Ordinary Shares,Q,Nasdaq,N,N,N
VOE,Vanguard Mid-Cap Value ETF,P,NYSE Arca,Y,N,
VOLT,Tema Electrification ETF,Q,Nasdaq,Y,N,N
VONE,Vanguard Russell 1000 ETF,Q,Nasdaq,Y,N,N
VONG,Vanguard Russell 1000 Growth ETF,Q,Nasdaq,Y,N,N
VONV,Vanguard Russell 1000 Value ETF,Q,Nasdaq,Y,N,N
VOO,Vanguard S&P 500 ETF,P,NYSE Arca,Y,N,
VOOG,Vanguard S&P 500 Growth ETF,P,NYSE Arca,Y,N,
VOOV,Vanguard S&P 500 Value ETF,P,NYSE Arca,Y,N,
VOOX,Corgi U.S. Large-Cap 2x Daily ETF,Z,Cboe BZX,Y,N,
VOR,Vor Biopharma Inc. - Common Stock,Q,Nasdaq,N,N,N
VOT,Vanguard Mid-Cap Growth ETF,P,NYSE Arca,Y,N,
VOTE,TCW Transform 500 ETF,Q,Nasdaq,Y,N,N
VOX,Vanguard Communication Services  ETF,P,NYSE Arca,Y,N,
VOXP,Vox Populi ETF,Z,Cboe BZX,Y,N,
VOXR,Vox Royalty Corp. - common stock,Q,Nasdaq,N,N,N
VOYA,"Voya Financial, Inc. Common Stock",N,NYSE,N,N,
VOYA$B,"Voya Financial, Inc. Depositary Shares, each representing a 1/40th interest in a share of 5.35% Fixed-Rate Reset Non-Cumulative Preferred Stock, Series B",N,NYSE,N,N,
VOYG,"Voyager Technologies, Inc. Class A Common Stock",N,NYSE,N,N,
VPC,Virtus Private Credit Strategy ETF,P,NYSE Arca,Y,N,
VPG,"Vishay Precision Group, Inc. Common Stock",N,NYSE,N,N,
VPL,Vanguard FTSE Pacific ETF,P,NYSE Arca,Y,N,
VPLS,Vanguard Core Plus Bond ETF,Q,Nasdaq,Y,N,N
VPU,Vanguard Utilities ETF,P,NYSE Arca,Y,N,
VPV,Invesco Pennsylvania Value Municipal Income Trust Common Stock (DE),N,NYSE,N,N,
VPX,Variant Perception Cycle Aware US Equity ETF,P,NYSE Arca,Y,N,
VRA,"Vera Bradley, Inc. - Common Stock",Q,Nasdaq,N,N,N
VRAI,Virtus Real Asset Income ETF,P,NYSE Arca,Y,N,
VRAX,Virax Biolabs Group Limited - Ordinary Shares,Q,Nasdaq,N,N,N
VRC,Corgi VRT 2x Daily ETF,Z,Cboe BZX,Y,N,
VRCA,Verrica Pharmaceuticals Inc. - Common Stock,Q,Nasdaq,N,N,N
VRDN,"Viridian Therapeutics, Inc.  - Common Stock",Q,Nasdaq,N,N,N
VREX,Varex Imaging Corporation - Common Stock,Q,Nasdaq,N,N,N
VRIG,Invesco Variable Rate Investment Grade ETF,Q,Nasdaq,Y,N,N
VRM,"Vroom, Inc. - Common Stock",Q,Nasdaq,N,N,N
VRME,"VerifyMe, Inc. - Common Stock",Q,Nasdaq,N,N,D
VRNS,"Varonis Systems, Inc. - Common Stock",Q,Nasdaq,N,N,N
VRP,Invesco Variable Rate Preferred ETF,P,NYSE Arca,Y,N,
VRRM,Verra Mobility Corporation - Class A Common Stock,Q,Nasdaq,N,N,N
VRSK,"Verisk Analytics, Inc. - Common Stock",Q,Nasdaq,N,N,N
VRSN,"VeriSign, Inc. - Common Stock",Q,Nasdaq,N,N,N
VRT,"Vertiv Holdings, LLC Class A Common Stock",N,NYSE,N,N,
VRTL,GraniteShares 2x Long VRT Daily ETF,Q,Nasdaq,Y,N,N
VRTS,"Virtus Investment Partners, Inc. Common Stock",N,NYSE,N,N,
VRTX,Vertex Pharmaceuticals Incorporated - Common Stock,Q,Nasdaq,N,N,N
VRXA,Veraxa Biotech AG - Ordinary Shares,Q,Nasdaq,N,N,N
VRXAW,Veraxa Biotech AG - Warrants,Q,Nasdaq,N,N,N
VS,Versus Systems Inc. - Common Stock,Q,Nasdaq,N,N,D
VSA,VisionSys AI Inc. - American Depositary Shares,Q,Nasdaq,N,N,N
VSAT,"ViaSat, Inc. - Common Stock",Q,Nasdaq,N,N,N
VSDA,VictoryShares Dividend Accelerator ETF,Q,Nasdaq,Y,N,N
VSDB,Vanguard Short Duration Bond ETF,Z,Cboe BZX,Y,N,
VSDM,Vanguard Short Duration Tax-Exempt Bond ETF,Z,Cboe BZX,Y,N,
VSEC,VSE Corporation - Common Stock,Q,Nasdaq,N,N,N
VSECU,VSE Corporation - Tangible Equity Units,Q,Nasdaq,N,N,N
VSEE,"VSee Health, Inc. - Common Stock",Q,Nasdaq,N,N,D
VSEEW,"VSee Health, Inc. - Warrant",Q,Nasdaq,N,N,N
VSGX,Vanguard ESG International Stock ETF,Z,Cboe BZX,Y,N,
VSH,"Vishay Intertechnology, Inc. Common Stock",N,NYSE,N,N,
VSHY,Virtus Newfleet Short Duration High Yield Bond ETF,P,NYSE Arca,Y,N,
VSLU,Applied Finance Valuation Large Cap ETF,P,NYSE Arca,Y,N,
VSME,VS Media Holdings Limited - Class A Ordinary Shares,Q,Nasdaq,N,N,N
VSMV,VictoryShares US Multi-Factor Minimum Volatility ETF,Q,Nasdaq,Y,N,N
VSNT,"Versant Media Group, Inc. - Class A Common Stock",Q,Nasdaq,N,N,N
VSOL,VanEck Solana ETF,Q,Nasdaq,Y,N,N
VSS,Vanguard FTSE All-Wld ex-US SmCp Idx ETF,P,NYSE Arca,Y,N,
VST,Vistra Corp. Common Stock,N,NYSE,N,N,
VSTD,Vestand Inc.  - Class A Common Stock,Q,Nasdaq,N,N,H
VSTL,Defiance Daily Target 2X Long VST ETF,Q,Nasdaq,Y,N,N
VSTM,"Verastem, Inc. - Common Stock",Q,Nasdaq,N,N,N
VSTS,Vestis Corporation Common Stock,N,NYSE,N,N,
VSXY,Victorias Secret & Co. Common Stock ,N,NYSE,N,N,
VT,Vanguard Total World Stock Index ETF,P,NYSE Arca,Y,N,
VTAK,"Catheter Precision, Inc. Common Stock",A,NYSE American,N,N,
VTC,Vanguard Total Corporate Bond ETF,Q,Nasdaq,Y,N,N
VTEB,Vanguard Tax-Exempt Bond ETF,P,NYSE Arca,Y,N,
VTEC,Vanguard California Tax-Exempt Bond ETF,Z,Cboe BZX,Y,N,
VTEI,Vanguard Tax-Managed Funds Vanguard Intermediate-Term Tax-Exempt Bond ETF,Z,Cboe BZX,Y,N,
VTEL,Vanguard Long-Term Tax-Exempt Bond ETF,Z,Cboe BZX,Y,N,
VTES,Vanguard Wellington Fund Vanguard Short-Term Tax Exempt Bond ETF,P,NYSE Arca,Y,N,
VTEX,VTEX Class A Common Shares,N,NYSE,N,N,
VTG,Vanguard Total Treasury ETF,P,NYSE Arca,Y,N,
VTGN,"Vistagen Therapeutics, Inc. - Common Stock",Q,Nasdaq,N,N,D
VTHR,Vanguard Russell 3000 ETF,Q,Nasdaq,Y,N,N
VTI,Vanguard Total Stock Market ETF,P,NYSE Arca,Y,N,
VTIP,Vanguard Short-Term Inflation-Protected Securities Index Fund ETF Shares,Q,Nasdaq,Y,N,N
VTIX,Virtuix Holdings Inc. - Class A Common Stock,Q,Nasdaq,N,N,N
VTMX,"Corporacion Inmobiliaria Vesta, S.A.B de C.V. American Depositary Shares, each representing ten (10) Common Shares",N,NYSE,N,N,
VTN,Invesco Trust for Investment Grade New York Municipals Common Stock,N,NYSE,N,N,
VTOL,"Bristow Group, Inc. Common Stock",N,NYSE,N,N,
VTP,Vanguard Total Inflation-Protected Securities ETF,P,NYSE Arca,Y,N,
VTR,"Ventas, Inc. Common Stock",N,NYSE,N,N,
VTRS,Viatris Inc. - Common Stock,Q,Nasdaq,N,N,N
VTS,"Vitesse Energy, Inc. Common Stock",N,NYSE,N,N,
VTSI,"VirTra, Inc. - Common Stock",Q,Nasdaq,N,N,N
VTV,Vanguard Value ETF,P,NYSE Arca,Y,N,
VTVT,vTv Therapeutics Inc. - Class A Common Stock,Q,Nasdaq,N,N,N
VTWG,Vanguard Russell 2000 Growth ETF,Q,Nasdaq,Y,N,N
VTWO,Vanguard Russell 2000 ETF,Q,Nasdaq,Y,N,N
VTWV,Vanguard Russell 2000 Value ETF,Q,Nasdaq,Y,N,N
VUG,Vanguard Growth ETF,P,NYSE Arca,Y,N,
VUS,Virtus US Dividend ETF,P,NYSE Arca,Y,N,
VUSB,Vanguard Ultra-Short Bond ETF,Z,Cboe BZX,Y,N,
VUSE,Vident U.S. Equity Strategy ETF,P,NYSE Arca,Y,N,
VUSG,Vanguard Wellington U.S. Growth Active ETF,Z,Cboe BZX,Y,N,
VUSI,Voya Ultra Short Income ETF,P,NYSE Arca,Y,N,
VUSV,Vanguard Wellington U.S. Value Active ETF,Z,Cboe BZX,Y,N,
VUZI,Vuzix Corporation  - Common Stock,Q,Nasdaq,N,N,N
VV,Vanguard Large-Cap ETF,P,NYSE Arca,Y,N,
VVOS,"Vivos Therapeutics, Inc. - Common Stock",Q,Nasdaq,N,N,D
VVR,Invesco Senior Income Trust Common Stock (DE),N,NYSE,N,N,
VVV,Valvoline Inc. Common Stock,N,NYSE,N,N,
VVX,"V2X, Inc. Common Stock",N,NYSE,N,N,
VWAV,"VisionWave Holdings, Inc. - Common Stock",Q,Nasdaq,N,N,N
VWAVW,"VisionWave Holdings, Inc. - Warrant",Q,Nasdaq,N,N,N
VWO,Vanguard FTSE Emerging Markets ETF,P,NYSE Arca,Y,N,
VWOB,Vanguard Emerging Markets Government Bond ETF,Q,Nasdaq,Y,N,N
VXF,Vanguard Extended Market ETF,P,NYSE Arca,Y,N,
VXUS,Vanguard Total International Stock ETF,Q,Nasdaq,Y,N,N
VXX,iPath Series B S&P 500 VIX Short-Term Futures ETN,Z,Cboe BZX,N,N,
VXZ,iPath Series B S&P 500 VIX Mid-Term Futures ETN,Z,Cboe BZX,N,N,
VYGR,"Voyager Therapeutics, Inc. - Common Stock",Q,Nasdaq,N,N,N
VYLD,"Inverse VIX Short-Term Futures ETNs due March 22, 2045",P,NYSE Arca,Y,N,
VYM,Vanguard High Dividend Yield ETF,P,NYSE Arca,Y,N,
VYMI,Vanguard International High Dividend Yield ETF,Q,Nasdaq,Y,N,N
VYNE,VYNE Therapeutics Inc. - Common Stock,Q,Nasdaq,N,N,D
VYX,NCR Voyix Corporation Common Stock,N,NYSE,N,N,
VZ,Verizon Communications Inc. Common Stock,N,NYSE,N,N,
VZLA,Vizsla Silver Corp. Common Shares,A,NYSE American,N,N,
W,Wayfair Inc. Class A Common Stock,N,NYSE,N,N,
WAB,Westinghouse Air Brake Technologies Corporation Common Stock,N,NYSE,N,N,
WABC,Westamerica Bancorporation - Common Stock,Q,Nasdaq,N,N,N
WABF,Western Asset Bond ETF,Q,Nasdaq,Y,N,N
WAFD,"WaFd, Inc. - Common Stock",Q,Nasdaq,N,N,N
WAFDP,"WaFd, Inc. - Depositary Shares",Q,Nasdaq,N,N,N
WAFU,Wah Fu Education Group Limited - Ordinary Shares,Q,Nasdaq,N,N,N
WAGN,Pabrai Wagons ETF,P,NYSE Arca,Y,N,
WAI,Top KingWin Ltd - Class A Ordinary Shares,Q,Nasdaq,N,N,N
WAL,Western Alliance Bancorporation Common Stock (DE),N,NYSE,N,N,
WAL$A,"Western Alliance Bancorporation Depositary Shares, Each Representing a 1/400th Interest in a Share of 4.250% Fixed-Rate Non-Cumulative Perpetual Preferred Stock, Series A",N,NYSE,N,N,
WALD,Waldencast plc - Class A Ordinary Share,Q,Nasdaq,N,N,N
WALDW,Waldencast plc - Warrant,Q,Nasdaq,N,N,N
WAMA,WisdomTree US Adaptive Moving Average Fund,Q,Nasdaq,Y,N,N
WANT,Direxion Daily Consumer Discretionary Bull 3X ETF,P,NYSE Arca,Y,N,
WAR,U.S. Global Technology and Aerospace & Defense ETF,P,NYSE Arca,Y,N,
WARP,VanEck Space ETF,Q,Nasdaq,Y,N,N
WASH,"Washington Trust Bancorp, Inc. - Common Stock",Q,Nasdaq,N,N,N
WAT,Waters Corporation Common Stock,N,NYSE,N,N,
WATS,Corgi Battery Energy Storage Systems ETF,Z,Cboe BZX,Y,N,
WATT,Energous Corporation - Common Stock,Q,Nasdaq,N,N,N
WAVE,Eco Wave Power Global AB (publ) - American Depositary Shares,Q,Nasdaq,N,N,N
WAY,Waystar Holding Corp. - Common Stock,Q,Nasdaq,N,N,N
WB,Weibo Corporation - American Depositary Shares,Q,Nasdaq,N,N,N
WBD,"Warner Bros. Discovery, Inc. - Series A Common Stock",Q,Nasdaq,N,N,N
WBI,WaterBridge Infrastructure LLC Class A Shares Representing Limited Liability Company Interests,N,NYSE,N,N,
WBIF,WBI BullBear Value 3000 ETF,P,NYSE Arca,Y,N,
WBIG,WBI BullBear Yield 3000 ETF,P,NYSE Arca,Y,N,
WBIL,WBI BullBear Quality 3000 ETF,P,NYSE Arca,Y,N,
WBIY,WBI Power Factor High Dividend ETF,N,NYSE,Y,N,
WBS,Webster Financial Corporation Common Stock,N,NYSE,N,N,
WBS$F,"Webster Financial Corporation Depositary Shares, Each Representing 1/1,000th Interest in a Share of 5.25% Series F Non-Cumulative Perpetual Preferred Stock",N,NYSE,N,N,
WBS$G,"Webster Financial Corporation Depositary Shares, each representing a 1/40th interest in a share of 6.50% Series G non-cumulative perpetual preferred stock",N,NYSE,N,N,
WBTN,WEBTOON Entertainment Inc. - Common stock,Q,Nasdaq,N,N,N
WBUY,WEBUY GLOBAL LTD. - Class A Ordinary Shares,Q,Nasdaq,N,N,N
WBX,Wallbox N.V. Class A Ordinary Shares,N,NYSE,N,N,
WCAP,WarCap Unconstrained Equity ETF,P,NYSE Arca,Y,N,
WCBR,WisdomTree Cybersecurity Fund,Q,Nasdaq,Y,N,N
WCC,"WESCO International, Inc. Common Stock",N,NYSE,N,N,
WCEO,Hypatia Women CEO ETF,P,NYSE Arca,Y,N,
WCLD,WisdomTree Cloud Computing Fund,Q,Nasdaq,Y,N,N
WCME,First Trust WCM Developing World Equity ETF,P,NYSE Arca,Y,N,
WCMG,First Trust WCM Global Equity ETF,P,NYSE Arca,Y,N,
WCMI,First Trust WCM International Equity ETF,P,NYSE Arca,Y,N,
WCN,"Waste Connections, Inc. Common Shares",N,NYSE,N,N,
WCPB,Weitz Core Plus Bond ETF,P,NYSE Arca,Y,N,
WCT,Wellchange Holdings Company Limited - Class A Ordinary shares,Q,Nasdaq,N,N,N
WD,"Walker & Dunlop, Inc Common Stock",N,NYSE,N,N,
WDAF,WisdomTree Asia Defense Fund,Q,Nasdaq,Y,N,N
WDAI,Pacer S&P World 3AI Top 300 ETF,Z,Cboe BZX,Y,N,
WDAY,"Workday, Inc. - Class A Common Stock",Q,Nasdaq,N,N,N
WDC,Western Digital Corporation - Common Stock,Q,Nasdaq,N,N,N
WDCC,Corgi WDC 2x Daily ETF,Z,Cboe BZX,Y,N,
WDCX,Tradr 2X Long WDC Daily ETF,Z,Cboe BZX,Y,N,
WDE,Principal Securitized Debt ETF,Z,Cboe BZX,Y,N,
WDEF,WisdomTree Europe Defense Fund,P,NYSE Arca,Y,N,
WDFC,WD-40 Company - Common Stock,Q,Nasdaq,N,N,N
WDGF,WisdomTree Global Defense Fund,Q,Nasdaq,Y,N,N
WDH,Waterdrop Inc. American Depositary Shares (each representing the right to receive 10 Class A Ordinary Shares),N,NYSE,N,N,
WDI,Western Asset Diversified Income Fund Common Shares of Beneficial Interest,N,NYSE,N,N,
WDIG,WisdomTree Efficient Rare Earth Plus Strategic Metals Fund,Z,Cboe BZX,Y,N,
WDIV,State Street SPDR S&P Global Dividend ETF,P,NYSE Arca,Y,N,
WDNA,WisdomTree BioRevolution Fund,Z,Cboe BZX,Y,N,
WDRN,"WisdomTree Physical AI, Humanoids and Drones Fund",Z,Cboe BZX,Y,N,
WDS,"Woodside Energy Group Limited American Depositary Shares, each representing one Ordinary Share",N,NYSE,N,N,
WDTE,Defiance S&P 500 Weekly Distribution ETF,P,NYSE Arca,Y,N,
WEA,Western Asset Bond Fund Share of Beneficial Interest,N,NYSE,N,N,
WEAT,Teucrium Wheat Fund ETV,P,NYSE Arca,Y,N,
WEAV,"Weave Communications, Inc. Common Stock",N,NYSE,N,N,
WEBL,Direxion Daily Dow Jones Internet Bull 3X ETF,P,NYSE Arca,Y,N,
WEBS,Direxion Daily Dow Jones Internet Bear 3X ETF,P,NYSE Arca,Y,N,
WEBX,Corgi Chinese Internet 2x Daily ETF,Z,Cboe BZX,Y,N,
WEC,"WEC Energy Group, Inc. Common Stock",N,NYSE,N,N,
WEED,Roundhill Cannabis ETF,Z,Cboe BZX,Y,N,
WEEI,Westwood Salient Enhanced Energy Income ETF,Q,Nasdaq,Y,N,N
WEEK,Roundhill Weekly T-Bill ETF,Z,Cboe BZX,Y,N,
WEEL,Peerless Option Income Wheel ETF,P,NYSE Arca,Y,N,
WELD,Tema U.S. Manufacturing & Reshoring ETF,P,NYSE Arca,Y,N,
WELL,Welltower Inc. Common Stock,N,NYSE,N,N,
WEN,Wendy's Company (The) - Common Stock,Q,Nasdaq,N,N,N
WENC,West Enclave Merger Corp. Ordinary Shares,N,NYSE,N,N,
WENC.R,"West Enclave Merger Corp. Rights, each Right to acquire one-tenth (1/10) of one Ordinary Share",N,NYSE,N,N,
WENC.U,"West Enclave Merger Corp. Units, each consisting of one Ordinary Share and one Right to acquire one-tenth (1/10) of one Ordinary Share",N,NYSE,N,N,
WENN,Wen Acquisition Corp - Class A Ordinary Shares,Q,Nasdaq,N,N,N
WENNU,Wen Acquisition Corp - Unit,Q,Nasdaq,N,N,N
WENNW,Wen Acquisition Corp - Warrant,Q,Nasdaq,N,N,N
WEPN,Nicholas Defense and Rare Earth Income ETF,P,NYSE Arca,Y,N,
WERN,"Werner Enterprises, Inc. - Common Stock",Q,Nasdaq,N,N,N
WES,"Western Midstream Partners, LP Common Units Representing Limited Partner Interests",N,NYSE,N,N,
WEST,Westrock Coffee Company - Common Stock,Q,Nasdaq,N,N,N
WETH,Wetouch Technology Inc. - Common Stock,Q,Nasdaq,N,N,N
WETO,Wetour Robotics Limited - Ordinary Shares,Q,Nasdaq,N,N,N
WEX,WEX Inc. common stock,N,NYSE,N,N,
WEYS,"Weyco Group, Inc. - Common Stock",Q,Nasdaq,N,N,N
WF,Woori Financial Group Inc. American Depositary Shares (each representing three (3) shares of Common Stock),N,NYSE,N,N,
WFC,Wells Fargo & Company Common Stock,N,NYSE,N,N,
WFC$A,"Wells Fargo & Company Depositary Shares, each representing a 1/1,000th interest in a share of Non-Cumulative Perpetual Class A Preferred Stock, Series AA",N,NYSE,N,N,
WFC$C,"Wells Fargo & Company Depositary Shares, each representing a 1/1,000th interest in a share of Non-Cumulative Perpetual Class A Preferred Stock, Series CC",N,NYSE,N,N,
WFC$D,"Wells Fargo & Company Depositary Shares, each representing a 1/1,000th interest in  a share of Non-Cumulative Perpetual Class A Preferred Stock, Series DD",N,NYSE,N,N,
WFC$L,"Wells Fargo & Company 7.50% Non-Cumulative Perpetual Convertible Class A Preferred Stock, Series L",N,NYSE,N,N,
WFC$Y,"Wells Fargo & Company Depositary Shares, each representing a 1/1,000th interest in a share of Non-Cumulative Perpetual Class A Preferred Stock, Series Y",N,NYSE,N,N,
WFC$Z,"Wells Fargo & Company Depositary Shares, each representing a 1/1,000th interest in a share of Non-Cumulative Perpetual Class A Preferred Stock, Series Z",N,NYSE,N,N,
WFCF,"Where Food Comes From, Inc. - Common Stock",Q,Nasdaq,N,N,N
WFF,WF Holding Limited - Ordinary Shares,Q,Nasdaq,N,N,N
WFG,West Fraser Timber Co. Ltd Common stock,N,NYSE,N,N,
WFRD,Weatherford International plc - Ordinary shares,Q,Nasdaq,N,N,N
WGMI,CoinShares Bitcoin Mining ETF,Q,Nasdaq,Y,N,N
WGO,"Winnebago Industries, Inc. Common Stock",N,NYSE,N,N,
WGRX,"Wellgistics Health, Inc. - Common Stock",Q,Nasdaq,N,N,D
WGS,GeneDx Holdings Corp. - Class A Common Stock,Q,Nasdaq,N,N,N
WGSWW,GeneDx Holdings Corp. - Warrant,Q,Nasdaq,N,N,N
WH,"Wyndham Hotels & Resorts, Inc. Common Stock ",N,NYSE,N,N,
WHD,"Cactus, Inc. Class A Common Stock",N,NYSE,N,N,
WHF,"WhiteHorse Finance, Inc. - Closed End Fund",Q,Nasdaq,N,N,N
WHFCL,"WhiteHorse Finance, Inc. - 7.875% Notes due 2028",Q,Nasdaq,N,N,N
WHG,Westwood Holdings Group Inc Common Stock,N,NYSE,N,N,
WHK,WhiteHawk Minerals Corp Class A Common Stock,N,NYSE,N,N,
WHLR,"Wheeler Real Estate Investment Trust, Inc. - Common Stock",Q,Nasdaq,N,N,N
WHLRD,"Wheeler Real Estate Investment Trust, Inc. - Series D Cumulative Preferred Stock",Q,Nasdaq,N,N,N
WHLRL,"Wheeler Real Estate Investment Trust, Inc. - 7.00% Senior Subordinated Convertible Notes Due 2031",Q,Nasdaq,N,N,N
WHLRP,"Wheeler Real Estate Investment Trust, Inc. - Series B Preferred Stock",Q,Nasdaq,N,N,N
WHR,Whirlpool Corporation Common Stock,N,NYSE,N,N,
WHR$A,"Whirlpool Corporation Depositary Shares, each representing a 1/20th interest in a share of 8.50% Series A Mandatory Convertible Preferred Stock",N,NYSE,N,N,
WHWK,"Whitehawk Therapeutics, Inc. - Common Stock",Q,Nasdaq,N,N,N
WIA,Western Asset Inflation-Linked Income Fund,N,NYSE,N,N,
WILC,"G. Willi-Food International,  Ltd. - Ordinary Shares",Q,Nasdaq,N,N,N
WIMA,WisdomTree International Adaptive Moving Average Fund,Q,Nasdaq,Y,N,N
WIMI,WiMi Hologram Cloud Inc. - Class B Ordinary Shares,Q,Nasdaq,N,N,N
WINA,Winmark Corporation - Common Stock,Q,Nasdaq,N,N,N
WING,Wingstop Inc. - Common Stock,Q,Nasdaq,N,N,N
WINN,Harbor Long-Term Growers ETF,N,NYSE,Y,N,
WIP,State Street SPDR FTSE International Government Inflation-Protected Bond ETF,P,NYSE Arca,Y,N,
WISE,Themes Generative Artificial Intelligence ETF,Q,Nasdaq,Y,N,N
WIT,Wipro Limited Common Stock,N,NYSE,N,N,
WIW,Western Asset Inflation-Linked Opportunities & Income Fund,N,NYSE,N,N,
WIX,Wix.com Ltd. - Ordinary Shares,Q,Nasdaq,N,N,N
WK,Workiva Inc. Class A Common Stock,N,NYSE,N,N,
WKC,World Kinect Corporation Common Stock,N,NYSE,N,N,
WKEY,WISeKey International Holding Ltd - American Depositary Shares,Q,Nasdaq,N,N,N
WKHS,"Workhorse Group, Inc. - Common Stock",Q,Nasdaq,N,N,N
WKSP,"Worksport, Ltd. - Common Stock",Q,Nasdaq,N,N,N
WLCOU,Wilco 63 Corporation - Units,Q,Nasdaq,N,N,N
WLDN,"Willdan Group, Inc. - Common Stock",Q,Nasdaq,N,N,N
WLDR,Simplify Affinity World Leaders Equity ETF,Z,Cboe BZX,Y,N,
WLDS,Wearable Devices Ltd. - Ordinary Share,Q,Nasdaq,N,N,N
WLDSW,Wearable Devices Ltd. - Warrant,Q,Nasdaq,N,N,N
WLDU,Leverage Shares 2x Long World Stock Daily ETF,Z,Cboe BZX,Y,N,
WLFC,Willis Lease Finance Corporation - Common Stock,Q,Nasdaq,N,N,N
WLII,Willow Lane Acquisition Corp. II - Class A Ordinary Shares,Q,Nasdaq,N,N,N
WLIIU,Willow Lane Acquisition Corp. II - Unit,Q,Nasdaq,N,N,N
WLIIW,Willow Lane Acquisition Corp. II - Warrants,Q,Nasdaq,N,N,N
WLK,Westlake Corporation Common Stock,N,NYSE,N,N,
WLKP,Westlake Chemical Partners LP Common Units representing limited partner interests,N,NYSE,N,N,
WLTG,WealthTrust DBS Long Term Growth ETF,N,NYSE,Y,N,
WLTH,Wealthfront Corporation - Common Stock,Q,Nasdaq,N,N,N
WLY,"John Wiley & Sons, Inc. Common Stock",N,NYSE,N,N,
WLYB,"John Wiley & Sons, Inc. Common Stock",N,NYSE,N,N,
WM,"Waste Management, Inc. Common Stock",N,NYSE,N,N,
WMB,"Williams Companies, Inc. (The) Common Stock",N,NYSE,N,N,
WMG,Warner Music Group Corp. - Class A Common Stock,Q,Nasdaq,N,N,N
WMK,"Weis Markets, Inc. Common Stock",N,NYSE,N,N,
WMS,"Advanced Drainage Systems, Inc. Common Stock",N,NYSE,N,N,
WMSB,Weitz Multisector Bond ETF,P,NYSE Arca,Y,N,
WMT,Walmart Inc. - Common Stock,Q,Nasdaq,N,N,N
WMTI,REX WMT Growth & Income ETF,Z,Cboe BZX,Y,N,
WNC,Wabash National Corporation Common Stock,N,NYSE,N,N,
WNDR,Corgi Travel & Leisure ETF,Z,Cboe BZX,Y,N,
WNEB,"Western New England Bancorp, Inc. - Common Stock",Q,Nasdaq,N,N,N
WNTR,YieldMax MSTR Short Option Income Strategy ETF,P,NYSE Arca,Y,N,
WNW,Meiwu Technology Company Limited - Ordinary Shares,Q,Nasdaq,N,N,N
WOK,WORK Medical Technology Group LTD - Class A Ordinary Shares,Q,Nasdaq,N,N,N
WOLF,"Wolfspeed, Inc. Common Stock New",N,NYSE,N,N,
WOMN,Impact Shares Women's Empowerment ETF,P,NYSE Arca,Y,N,
WOOD,iShares Global Timber & Forestry ETF,Q,Nasdaq,Y,N,N
WOOF,"Petco Health and Wellness Company, Inc. - Class A Common Stock",Q,Nasdaq,N,N,N
WOR,"Worthington Enterprises, Inc. Common Shares",N,NYSE,N,N,
WPAC,White Pearl Acquisition Corp. Class A Ordinary Shares,N,NYSE,N,N,
WPAC.R,"White Pearl Acquisition Corp. Rights, each right entitles the holder to receive one-fifth of one Class A ordinary share upon consummation of the initial business combination",N,NYSE,N,N,
WPAC.U,"White Pearl Acquisition Corp. Units, each consisting of one Class A ordinary share and one right to receive one-fifth (1/5) of one Class A ordinary share",N,NYSE,N,N,
WPC,W. P. Carey Inc. REIT,N,NYSE,N,N,
WPM,Wheaton Precious Metals Corp Common Shares (Canada),N,NYSE,N,N,
WPP,WPP plc American Depositary Shares,N,NYSE,N,N,
WPRT,Westport Fuel Systems Inc - Common Shares,Q,Nasdaq,N,N,N
WQTM,WisdomTree Quantum Computing Fund,Z,Cboe BZX,Y,N,
WR,Corgi U.S. War Machine ETF,Z,Cboe BZX,Y,N,
WRAP,"Wrap Technologies, Inc. - Common Stock",Q,Nasdaq,N,N,N
WRB,W.R. Berkley Corporation Common Stock,N,NYSE,N,N,
WRB$E,W.R. Berkley Corporation 5.70% Subordinated Debentures due 2058,N,NYSE,N,N,
WRB$F,W.R. Berkley Corporation 5.10% Subordinated Debentures due 2059,N,NYSE,N,N,
WRB$G,W.R. Berkley Corporation 4.25% Subordinated Debentures due 2060,N,NYSE,N,N,
WRB$H,W.R. Berkley Corporation 4.125% Subordinated Debentures due 2061,N,NYSE,N,N,
WRBY,Warby Parker Inc. Class A Common Stock,N,NYSE,N,N,
WRD,WeRide Inc. - American Depositary Shares,Q,Nasdaq,N,N,N
WRLD,World Acceptance Corporation - Common Stock,Q,Nasdaq,N,N,N
WRN,Western Copper and Gold Corporation Common Stock,A,NYSE American,N,N,
WRND,NYLI Global Equity R&D Leaders ETF,Q,Nasdaq,Y,N,N
WRTH,Worth Charting Options Income ETF,Q,Nasdaq,Y,N,N
WS,"Worthington Steel, Inc. Common Shares",N,NYSE,N,N,
WSBC,"WesBanco, Inc. - Common Stock",Q,Nasdaq,N,N,N
WSBCO,"WesBanco, Inc. - Depositary Shares each representing 1/40th interest in a share of 7.375% Fixed-Rate Reset Non-Cumulative Perpetual Preferred Stock, Series B",Q,Nasdaq,N,N,N
WSBF,"Waterstone Financial, Inc. - Common Stock",Q,Nasdaq,N,N,N
WSBK,"Winchester Bancorp, Inc. - Common Stock",Q,Nasdaq,N,N,N
WSC,WillScot Holdings Corporation - Class A Common Stock,Q,Nasdaq,N,N,N
WSDB,Weitz Short Duration Bond ETF,P,NYSE Arca,Y,N,
WSE,Wise Group plc - Class A Ordinary Shares,Q,Nasdaq,N,N,N
WSFS,WSFS Financial Corporation - Common Stock,Q,Nasdaq,N,N,N
WSGE,Warren Street Global Equity ETF,Q,Nasdaq,Y,N,N
WSHP,WeShop Holdings Limited - Class A Ordinary Shares,Q,Nasdaq,N,N,N
WSM,"Williams-Sonoma, Inc. Common Stock (DE)",N,NYSE,N,N,
WSML,iShares MSCI World Small-Cap ETF,Q,Nasdaq,Y,N,N
WSO,"Watsco, Inc. Common Stock",N,NYSE,N,N,
WSO.B,"Watsco, Inc. Class B Common Stock",N,NYSE,N,N,
WSPC,WisdomTree Space Economy Fund,Q,Nasdaq,Y,N,N
WST,"West Pharmaceutical Services, Inc. Common Stock",N,NYSE,N,N,
WSTN,Westin Acquisition Corp - Class A Ordinary Share,Q,Nasdaq,N,N,N
WSTNR,Westin Acquisition Corp - Right,Q,Nasdaq,N,N,N
WSTNU,Westin Acquisition Corp - Units,Q,Nasdaq,N,N,N
WT,"WisdomTree, Inc. Common Stock",N,NYSE,N,N,
WTAI,WisdomTree Artificial Intelligence and Innovation Fund,Z,Cboe BZX,Y,N,
WTBA,West Bancorporation - Common Stock,Q,Nasdaq,N,N,N
WTBN,WisdomTree Bianco Total Return Fund,Q,Nasdaq,Y,N,N
WTF,Waton Financial Limited - Ordinary Shares,Q,Nasdaq,N,N,N
WTFC,Wintrust Financial Corporation - Common Stock,Q,Nasdaq,N,N,N
WTFCN,"Wintrust Financial Corporation - Depositary Shares, Each Representing a 1/1,000th Interest in a Share of 7.875% Fixed-Rate Reset Non-Cumulative Perpetual Preferred Stock, Series F, no par value, with a liquidation preference of $25,000 per share",Q,Nasdaq,N,N,N
WTG,Wintergreen Acquisition Corp. - Ordinary Shares,Q,Nasdaq,N,N,N
WTGUR,Wintergreen Acquisition Corp. - Rights,Q,Nasdaq,N,N,N
WTGUU,Wintergreen Acquisition Corp. - Unit,Q,Nasdaq,N,N,N
WTI,"W&T Offshore, Inc. Common Stock",N,NYSE,N,N,
WTIB,USCF Oil Plus Bitcoin Strategy Fund,P,NYSE Arca,Y,N,
WTID,MicroSectors Energy 3X Inverse Leveraged ETNs,P,NYSE Arca,Y,N,
WTIP,WisdomTree Inflation Plus Fund,Q,Nasdaq,Y,N,N
WTIU,MicroSectors Energy 3X Leveraged ETNs,P,NYSE Arca,Y,N,
WTLS,WisdomTree Efficient Long/Short U.S. Equity Fund,Z,Cboe BZX,Y,N,
WTM,"White Mountains Insurance Group, Ltd. Common Stock",N,NYSE,N,N,
WTMF,WisdomTree Managed Futures Strategy Fund,P,NYSE Arca,Y,N,
WTMU,WisdomTree Core Laddered Municipal Fund,Q,Nasdaq,Y,N,N
WTMY,WisdomTree High Income Laddered Municipal Fund,Q,Nasdaq,Y,N,N
WTPI,WisdomTree Equity Premium Income Fund,P,NYSE Arca,Y,N,
WTRE,WisdomTree New Economy Real Estate Fund,P,NYSE Arca,Y,N,
WTRG,"Essential Utilities, Inc. Common Stock",N,NYSE,N,N,
WTS,"Watts Water Technologies, Inc. Class A Common Stock",N,NYSE,N,N,
WTTR,"Select Water Solutions, Inc. Class A common stock",N,NYSE,N,N,
WTV,WisdomTree U.S. Value Fund,P,NYSE Arca,Y,N,
WTW,Willis Towers Watson Public Limited Company - Ordinary Shares,Q,Nasdaq,N,N,N
WU,Western Union Company (The) Common Stock,N,NYSE,N,N,
WUGI,AXS Esoterica NextG Economy ETF,Z,Cboe BZX,Y,N,
WULF,TeraWulf Inc. - Common Stock,Q,Nasdaq,N,N,N
WULX,Tradr 2X Long WULF Daily ETF,Z,Cboe BZX,Y,N,
WVE,Wave Life Sciences Ltd. - Ordinary Shares,Q,Nasdaq,N,N,N
WVVI,"Willamette Valley Vineyards, Inc. - Common Stock",Q,Nasdaq,N,N,N
WVVIP,"Willamette Valley Vineyards, Inc. - Series A Redeemable Preferred Stock",Q,Nasdaq,N,N,N
WW,"WW International, Inc.  - Common Stock",Q,Nasdaq,N,N,N
WWD,"Woodward, Inc. - Common Stock",Q,Nasdaq,N,N,N
WWJD,Inspire International ETF,P,NYSE Arca,Y,N,
WWR,"Westwater Resources, Inc. Common Stock",A,NYSE American,N,N,
WWW,"Wolverine World Wide, Inc. Common Stock",N,NYSE,N,N,
WX,Corgi All World 2x Daily ETF,Z,Cboe BZX,Y,N,
WXET,Teucrium 2x Daily Wheat ETF,P,NYSE Arca,Y,N,
WXM,WF International Limited - Ordinary Shares,Q,Nasdaq,N,N,N
WY,Weyerhaeuser Company Common Stock,N,NYSE,N,N,
WYFI,"WhiteFiber, Inc. - Ordinary Shares",Q,Nasdaq,N,N,N
WYFL,Defiance Daily Target 2X Long WYFI ETF,Z,Cboe BZX,Y,N,
WYHG,Wing Yip Food Holdings Group Limited - American Depositary Shares,Q,Nasdaq,N,N,N
WYNN,"Wynn Resorts, Limited - Common Stock",Q,Nasdaq,N,N,N
WYY,WidePoint Corporation Common Stock,A,NYSE American,N,N,
WZRD,Opportunistic Trader ETF,Z,Cboe BZX,Y,N,
XA,Corgi AI Cybersecurity ETF,Z,Cboe BZX,Y,N,
XAGG,Eaton Vance Income Opportunities ETF,P,NYSE Arca,Y,N,
XAGI,Corgi AGIX 2x Daily ETF,Z,Cboe BZX,Y,N,
XAIR,"Beyond Air, Inc. - Common Stock",Q,Nasdaq,N,N,D
XAIX,Xtrackers Artificial Intelligence and Big Data ETF,Q,Nasdaq,Y,N,N
XAPR,FT Vest U.S. Equity Enhance & Moderate Buffer ETF - April,Z,Cboe BZX,Y,N,
XAR,State Street SPDR S&P Aerospace & Defense ETF,P,NYSE Arca,Y,N,
XAUG,FT Vest U.S. Equity Enhance & Moderate Buffer ETF - August,Z,Cboe BZX,Y,N,
XB,BondBloxx B-Rated USD High Yield Corporate Bond ETF,P,NYSE Arca,Y,N,
XBAP,Innovator U.S. Equity Accelerated 9 Buffer ETF - April,Z,Cboe BZX,Y,N,
XBB,BondBloxx BB-Rated USD High Yield Corporate Bond ETF,P,NYSE Arca,Y,N,
XBCI,NEOS Boosted Bitcoin High Income ETF,Q,Nasdaq,Y,N,N
XBFR,Innovator Equity Managed 10 Buffer ETF,P,NYSE Arca,Y,N,
XBI,State Street SPDR S&P Biotech ETF,P,NYSE Arca,Y,N,
XBIL,US Treasury 6 Month Bill ETF,Q,Nasdaq,Y,N,N
XBIO,"Xenetic Biosciences, Inc. - Common Stock",Q,Nasdaq,N,N,N
XBIT,XBiotech Inc. - Common Stock,Q,Nasdaq,N,N,N
XBIX,Corgi U.S. Biotech 2x Daily ETF,Z,Cboe BZX,Y,N,
XBJA,Innovator U.S. Equity Accelerated 9 Buffer ETF - January,Z,Cboe BZX,Y,N,
XBJL,Innovator U.S. Equity Accelerated 9 Buffer ETF - July,Z,Cboe BZX,Y,N,
XBNB,Teucrium xETFs 2x Long Daily BNB ETF,P,NYSE Arca,Y,N,
XBOC,Innovator U.S. Equity Accelerated 9 Buffer ETF - October,Z,Cboe BZX,Y,N,
XBOX,Roundhill Ultra Short Duration No Dividend Target ETF,Z,Cboe BZX,Y,N,
XBP,"XBP Global Holdings, Inc. - Common Stock",Q,Nasdaq,N,N,N
XBPEW,"XBP Global Holdings, Inc. - Warrant",Q,Nasdaq,N,N,N
XBTY,GraniteShares YieldBOOST Bitcoin ETF,Q,Nasdaq,Y,N,N
XC,WisdomTree True Emerging Markets Fund,P,NYSE Arca,Y,N,
XCBE,X3 Acquisition Corp. Ltd. - Class A Ordinary Shares,Q,Nasdaq,N,N,N
XCBEU,X3 Acquisition Corp. Ltd. - Unit,Q,Nasdaq,N,N,N
XCBEW,X3 Acquisition Corp. Ltd. - Warrant,Q,Nasdaq,N,N,N
XCCC,BondBloxx CCC-Rated USD High Yield Corporate Bond ETF,P,NYSE Arca,Y,N,
XCEM,Columbia EM Core ex-China ETF,P,NYSE Arca,Y,N,
XCH,XCHG Limited - ADS,Q,Nasdaq,N,N,D
XCHG,AB US Equity ETF,P,NYSE Arca,Y,N,
XCLR,Global X S&P 500 Collar 95-110 ETF,P,NYSE Arca,Y,N,
XCNY,State Street SPDR S&P Emerging Markets ex-China ETF,Q,Nasdaq,Y,N,N
XCOM,Corgi All Commodities 2x Daily ETF,Z,Cboe BZX,Y,N,
XCOR,FundX ETF,P,NYSE Arca,Y,N,
XCUR,"Exicure, Inc. - Common Stock",Q,Nasdaq,N,N,D
XDAT,Franklin Exponential Data ETF,Z,Cboe BZX,Y,N,
XDEC,FT Vest U.S. Equity Enhance & Moderate Buffer ETF - December,Z,Cboe BZX,Y,N,
XDEF,Xtrackers Europe Defense Technologies ETF,Q,Nasdaq,Y,N,N
XDIV,Roundhill S&P 500 No Dividend Target ETF,Z,Cboe BZX,Y,N,
XDQQ,Innovator Growth Accelerated ETF - Quarterly,Z,Cboe BZX,Y,N,
XDSQ,Innovator U.S. Equity Accelerated ETF - Quarterly,Z,Cboe BZX,Y,N,
XDTE,Roundhill S&P 500 0DTE Covered Call Strategy ETF,Z,Cboe BZX,Y,N,
XE,"X-Energy, Inc. - Class A Common Stock",Q,Nasdaq,N,N,N
XEL,Xcel Energy Inc. - Common Stock,Q,Nasdaq,N,N,N
XELB,"Xcel Brands, Inc - Common Stock",Q,Nasdaq,N,N,N
XELLL,"Xcel Energy Inc. - 6.25% Junior Subordinated Notes, Series due 2085",Q,Nasdaq,N,N,N
XEMD,BondBloxx JP Morgan USD Emerging Markets 1-10 Year Bond ETF,Z,Cboe BZX,Y,N,
XEML,Xtrackers Europe Market Leaders ETF,Z,Cboe BZX,Y,N,
XENE,Xenon Pharmaceuticals Inc. - Common Shares,Q,Nasdaq,N,N,N
XERS,"Xeris Biopharma Holdings, Inc. - Common Stock",Q,Nasdaq,N,N,N
XES,State Street SPDR S&P Oil & Gas Equipment & Services ETF,P,NYSE Arca,Y,N,
XEUR,Corgi Europe Equities 2x Daily ETF,Z,Cboe BZX,Y,N,
XEY,GraniteShares YieldBOOST Ether ETF,Q,Nasdaq,Y,N,N
XFEB,FT Vest U.S. Equity Enhance & Moderate Buffer ETF - February,Z,Cboe BZX,Y,N,
XFIV,BondBloxx Bloomberg Five Year Target Duration US Treasury ETF,P,NYSE Arca,Y,N,
XFLH,XFLH Capital Corporation Ordinary Shares,N,NYSE,N,N,
XFLH.R,XFLH Capital Corporation Rights to receive one-seventh (1/7) of one Ordinary Share,N,NYSE,N,N,
XFLH.U,"XFLH Capital Corporation Units, each consisting of one Ordinary Share and one Right",N,NYSE,N,N,
XFLT,XAI Floating Rate & Alternative Income Trust Common Shares of Beneficial Interest,N,NYSE,N,N,
XFLX,FundX Flexible ETF,P,NYSE Arca,Y,N,
XFOR,"X4 Pharmaceuticals, Inc. - Common Stock",Q,Nasdaq,N,N,N
XGN,Exagen Inc. - Common Stock,Q,Nasdaq,N,N,N
XHB,State Street SPDR S&P Homebuilders ETF,P,NYSE Arca,Y,N,
XHE,State Street SPDR S&P Health Care Equipment ETF,P,NYSE Arca,Y,N,
XHG,XChange TEC.INC - American Depositary Shares,Q,Nasdaq,N,N,N
XHLD,"TEN Holdings, Inc. - Common Stock",Q,Nasdaq,N,N,D
XHLF,BondBloxx Bloomberg Six Month Target Duration US Treasury ETF,P,NYSE Arca,Y,N,
XHOA,Corgi U.S. Real Estate 2x Daily ETF,Z,Cboe BZX,Y,N,
XHR,"Xenia Hotels & Resorts, Inc. Common Stock",N,NYSE,N,N,
XHS,State Street SPDR S&P Health Care Services ETF,P,NYSE Arca,Y,N,
XIDE,FT Vest U.S. Equity Buffer & Premium Income  ETF - December,Z,Cboe BZX,Y,N,
XIDV,Franklin International Dividend Booster Index ETF,P,NYSE Arca,Y,N,
XIFR,"XPLR Infrastructure, LP Common Units representing limited partner interests",N,NYSE,N,N,
XIGV,Defiance US 100 Tech Ex Software ETF,Z,Cboe BZX,Y,N,
XIJN,FT Vest U.S. Equity Buffer & Premium Income ETF - June,Z,Cboe BZX,Y,N,
XIMR,FT Vest U.S. Equity Buffer & Premium Income ETF - March,Z,Cboe BZX,Y,N,
XISE,FT Vest U.S. Equity Buffer & Premium Income ETF - September,Z,Cboe BZX,Y,N,
XITK,State Street SPDR FactSet Innovative Technology ETF,P,NYSE Arca,Y,N,
XIWC,Corgi U.S. Micro-Cap 2x Daily ETF,Z,Cboe BZX,Y,N,
XJAN,FT Vest U.S. Equity Enhance & Moderate Buffer ETF - January,Z,Cboe BZX,Y,N,
XJH,iShares ESG Select Screened S&P Mid-Cap ETF,Z,Cboe BZX,Y,N,
XJR,iShares ESG Select Screened S&P Small-Cap ETF,Z,Cboe BZX,Y,N,
XJUL,FT Vest U.S. Equity Enhance & Moderate Buffer ETF - July,Z,Cboe BZX,Y,N,
XJUN,FT Vest U.S. Equity Enhance & Moderate Buffer ETF - June,Z,Cboe BZX,Y,N,
XKRE,Corgi U.S. Regional Banks 2x Daily ETF,Z,Cboe BZX,Y,N,
XLB,State Street Materials Select Sector SPDR ETF,P,NYSE Arca,Y,N,
XLBI,State Street Materials Select Sector SPDR Premium Income ETF,P,NYSE Arca,Y,N,
XLBX,Corgi U.S. Materials 2x Daily ETF,Z,Cboe BZX,Y,N,
XLC,State Street Communication Services Select Sector SPDR ETF,P,NYSE Arca,Y,N,
XLCI,State Street Communication Services Select Sector SPDR Premium Income ETF,P,NYSE Arca,Y,N,
XLE,State Street Energy Select Sector SPDR ETF,P,NYSE Arca,Y,N,
XLEI,State Street Energy Select Sector SPDR Premium Income ETF,P,NYSE Arca,Y,N,
XLEX,Corgi U.S. Energy 2x Daily ETF,Z,Cboe BZX,Y,N,
XLF,State Street Financial Select Sector SPDR ETF,P,NYSE Arca,Y,N,
XLFI,State Street Financial Select Sector SPDR Premium Income ETF,P,NYSE Arca,Y,N,
XLFX,Corgi U.S. Financials 2x Daily ETF,Z,Cboe BZX,Y,N,
XLG,Invesco S&P 500 Top 50 ETF,P,NYSE Arca,Y,N,
XLI,State Street Industrial Select Sector SPDR ETF,P,NYSE Arca,Y,N,
XLII,State Street Industrial Select Sector SPDR Premium Income ETF,P,NYSE Arca,Y,N,
XLIX,Corgi U.S. Industrials 2x Daily ETF,Z,Cboe BZX,Y,N,
XLK,State Street Technology Select Sector SPDR ETF,P,NYSE Arca,Y,N,
XLKI,State Street Technology Select Sector SPDR Premium Income ETF,P,NYSE Arca,Y,N,
XLKX,Corgi U.S. Technology 2x Daily ETF,Z,Cboe BZX,Y,N,
XLO,"Xilio Therapeutics, Inc. - Common Stock",Q,Nasdaq,N,N,N
XLP,State Street Consumer Staples Select Sector SPDR ETF,P,NYSE Arca,Y,N,
XLPX,Corgi U.S. Consumer Staples 2x Daily ETF,Z,Cboe BZX,Y,N,
XLRE,State Street Real Estate Select Sector SPDR ETF,P,NYSE Arca,Y,N,
XLRI,State Street Real Estate Select Sector SPDR Premium Income ETF,P,NYSE Arca,Y,N,
XLSI,State Street Consumer Staples Select Sector SPDR Premium Income ETF,P,NYSE Arca,Y,N,
XLSR,State Street US Sector Rotation ETF,P,NYSE Arca,Y,N,
XLU,State Street Utilities Select Sector SPDR ETF,P,NYSE Arca,Y,N,
XLUI,State Street Utilities Select Sector SPDR Premium Income ETF,P,NYSE Arca,Y,N,
XLUX,Corgi U.S. Utilities 2x Daily ETF,Z,Cboe BZX,Y,N,
XLV,State Street Health Care Select Sector SPDR ETF,P,NYSE Arca,Y,N,
XLVI,State Street Health Care Select Sector SPDR Premium Income ETF,P,NYSE Arca,Y,N,
XLVX,Corgi U.S. Healthcare 2x Daily ETF,Z,Cboe BZX,Y,N,
XLY,State Street Consumer Discretionary Select Sector SPDR ETF,P,NYSE Arca,Y,N,
XLYI,State Street Consumer Discretionary Select Sector SPDR Premium Income ETF,P,NYSE Arca,Y,N,
XLYX,Corgi U.S. Consumer Discretionary 2x Daily ETF,Z,Cboe BZX,Y,N,
XMAG,Defiance Large Cap ex-Mag 7 ETF,Q,Nasdaq,Y,N,N
XMAR,FT Vest U.S. Equity Enhance & Moderate Buffer ETF - March,Z,Cboe BZX,Y,N,
XMAX,"XMAX, Inc. - Common Stock",Q,Nasdaq,N,N,N
XMAY,FT Vest U.S. Equity Enhance & Moderate Buffer ETF - May,Z,Cboe BZX,Y,N,
XME,State Street SPDR S&P Metals & Mining ETF,P,NYSE Arca,Y,N,
XMHQ,Invesco S&P MidCap Quality ETF,P,NYSE Arca,Y,N,
XMLV,Invesco S&P MidCap Low Volatility ETF,P,NYSE Arca,Y,N,
XMMO,Invesco S&P MidCap Momentum ETF,P,NYSE Arca,Y,N,
XMPT,VanEck CEF Muni Income ETF,Z,Cboe BZX,Y,N,
XMTR,"Xometry, Inc. - Class A Common Stock",Q,Nasdaq,N,N,N
XMVM,Invesco S&P MidCap Value with Momentum ETF,P,NYSE Arca,Y,N,
XNAV,FundX Aggressive ETF,P,NYSE Arca,Y,N,
XNCR,"Xencor, Inc. - Common Stock",Q,Nasdaq,N,N,N
XNDU,Xanadu Quantum Technologies Limited - Class B Subordinate Voting Shares,Q,Nasdaq,N,N,N
XNDX,Tradr 2X Long XNDU Daily ETF,Z,Cboe BZX,Y,N,
XNET,Xunlei Limited - American Depositary Shares,Q,Nasdaq,N,N,N
XNOV,FT Vest U.S. Equity Enhance & Moderate Buffer ETF - November,Z,Cboe BZX,Y,N,
XNTK,State Street SPDR NYSE Technology ETF,P,NYSE Arca,Y,N,
XOCT,FT Vest U.S. Equity Enhance & Moderate Buffer ETF - October,Z,Cboe BZX,Y,N,
XOEF,iShares S&P 500 ex S&P 100 ETF,P,NYSE Arca,Y,N,
XOEX,Xtrackers S&P 100 Ex Top 20 ETF,Z,Cboe BZX,Y,N,
XOM,ExxonMobil Holdings Corporation Common Stock,N,NYSE,N,N,
XOMA,XOMA Royalty Corporation - Common Stock,Q,Nasdaq,N,N,N
XOMAO,XOMA Royalty Corporation - Depositary Shares Rep Series B 8.375% Cumulative Preferred Stock,Q,Nasdaq,N,N,N
XOMAP,XOMA Royalty Corporation - 8.625% Series A Cumulative Perpetual Preferred Stock,Q,Nasdaq,N,N,N
XOMO,YieldMax XOM Option Income Strategy ETF,P,NYSE Arca,Y,N,
XOMX,Direxion Daily XOM Bull 2X ETF,Q,Nasdaq,Y,N,N
XONE,BondBloxx Bloomberg One Year Target Duration US Treasury ETF,P,NYSE Arca,Y,N,
XOP,State Street SPDR S&P Oil & Gas Exploration & Production ETF,P,NYSE Arca,Y,N,
XOS,"Xos, Inc. - Common Stock",Q,Nasdaq,N,N,N
XOSWW,"Xos, Inc. - Warrants",Q,Nasdaq,N,N,N
XOVL,Defiance Daily Target 2X Long XOVR ETF,Z,Cboe BZX,Y,N,
XOVR,ERShares Private-Public Crossover ETF,Q,Nasdaq,Y,N,N
XP,XP Inc. - Class A Common Stock,Q,Nasdaq,N,N,N
XPAV,Corgi U.S. Infrastructure 2x Daily ETF,Z,Cboe BZX,Y,N,
XPAY,Roundhill S&P 500 Target 20 Managed Distribution ETF,P,NYSE Arca,Y,N,
XPEG,Leverage Shares 2X Long XPEV Daily ETF,Q,Nasdaq,Y,N,N
XPEL,"XPEL, Inc. - Common Stock",Q,Nasdaq,N,N,N
XPER,Xperi Inc. Common Stock ,N,NYSE,N,N,
XPEV,"XPeng Inc. American depositary shares, each representing two Class A ordinary shares",N,NYSE,N,N,
XPH,State Street SPDR S&P Pharmaceuticals ETF,P,NYSE Arca,Y,N,
XPL,Solitario Resources Corp. Common Stock,A,NYSE American,N,N,
XPND,First Trust Expanded Technology ETF,P,NYSE Arca,Y,N,
XPO,"XPO, Inc. Common Stock",N,NYSE,N,N,
XPOF,"Xponential Fitness, Inc. Class A Common Stock",N,NYSE,N,N,
XPON,Expion360 Inc. - Common Stock,Q,Nasdaq,N,N,D
XPP,ProShares Ultra FTSE China 50,P,NYSE Arca,Y,N,
XPRO,Expro Ltd Ordinary Shares,N,NYSE,N,N,
XQQI,NEOS Boosted Nasdaq-100 High Income ETF,Q,Nasdaq,Y,N,N
XQTM,Corgi Quantum Computing 2x Daily ETF,Z,Cboe BZX,Y,N,
XRAY,DENTSPLY SIRONA Inc. - Common Stock,Q,Nasdaq,N,N,N
XRLX,FundX Conservative ETF,P,NYSE Arca,Y,N,
XRMI,Global X S&P 500 Risk Managed Income ETF,P,NYSE Arca,Y,N,
XRN,Chiron Real Estate Inc. Common Stock,N,NYSE,N,N,
XRN$A,Chiron Real Estate Inc. Series A Cumulative Redeemable Preferred Stock,N,NYSE,N,N,
XRN$B,"Chiron Real Estate Inc. 8.00% Series B Cumulative Redeemable Preferred Stock, $0.001 par value per share",N,NYSE,N,N,
XRP,Bitwise XRP ETF,P,NYSE Arca,Y,N,
XRPC,Canary XRP ETF,Q,Nasdaq,Y,N,N
XRPI,Volatility Shares Trust XRP ETF,Q,Nasdaq,Y,N,N
XRPM,Amplify XRP 3% Monthly Option Income ETF,Z,Cboe BZX,Y,N,
XRPN,Armada Acquisition Corp. II - Class A Ordinary Shares,Q,Nasdaq,N,N,N
XRPNU,Armada Acquisition Corp. II - Units,Q,Nasdaq,N,N,N
XRPNW,Armada Acquisition Corp. II - Warrant,Q,Nasdaq,N,N,N
XRPR,REX-Osprey XRP ETF,Z,Cboe BZX,Y,N,
XRPT,Volatility Shares Trust XRP 2X ETF,Q,Nasdaq,Y,N,N
XRPZ,Franklin XRP ETF,P,NYSE Arca,Y,N,
XRT,State Street SPDR S&P Retail ETF,P,NYSE Arca,Y,N,
XRTX,XORTX Therapeutics Inc. - Common Shares,Q,Nasdaq,N,N,N
XRX,Xerox Holdings Corporation - Common Stock,Q,Nasdaq,N,N,N
XRXDW,Xerox Holdings Corporation - Warrants,Q,Nasdaq,N,N,N
XSD,State Street SPDR S&P Semiconductor ETF,P,NYSE Arca,Y,N,
XSEM,Corgi U.S. Semiconductors 2x Daily ETF,Z,Cboe BZX,Y,N,
XSEP,FT Vest U.S. Equity Enhance & Moderate Buffer ETF - September,Z,Cboe BZX,Y,N,
XSHD,Invesco S&P SmallCap High Dividend Low Volatility ETF,Z,Cboe BZX,Y,N,
XSHP,Kurv SpaceX Enhanced Income ETF,Z,Cboe BZX,Y,N,
XSHQ,Invesco S&P SmallCap Quality ETF,Z,Cboe BZX,Y,N,
XSLL,Xsolla SPAC 1 - Class A Ordinary Shares,Q,Nasdaq,N,N,N
XSLLU,Xsolla SPAC 1 - Units,Q,Nasdaq,N,N,N
XSLLW,Xsolla SPAC 1 - Warrants,Q,Nasdaq,N,N,N
XSLV,Invesco S&P SmallCap Low Volatility ETF,P,NYSE Arca,Y,N,
XSMO,Invesco S&P SmallCap Momentum ETF,P,NYSE Arca,Y,N,
XSOE,WisdomTree Emerging Markets Ex-State Owned Enterprises Fund,P,NYSE Arca,Y,N,
XSPC,VegaShares SpaceX & Beyond Earth ETF,Q,Nasdaq,Y,N,N
XSPI,NEOS Boosted S&P 500 High Income ETF,Q,Nasdaq,Y,N,N
XSVM,Invesco S&P SmallCap Value with Momentum ETF,P,NYSE Arca,Y,N,
XSVN,BondBloxx Bloomberg Seven Year Target Duration US Treasury ETF,P,NYSE Arca,Y,N,
XSW,State Street SPDR S&P Software & Services ETF,P,NYSE Arca,Y,N,
XT,iShares Future Exponential Technologies ETF,Q,Nasdaq,Y,N,N
XTAI,Corgi Taiwan 2x Daily ETF,Z,Cboe BZX,Y,N,
XTAP,Innovator U.S. Equity Accelerated Plus ETF - April,Z,Cboe BZX,Y,N,
XTEN,BondBloxx Bloomberg Ten Year Target Duration US Treasury ETF,P,NYSE Arca,Y,N,
XTIA,"XTI Aerospace, Inc. Common Stock  - Common Stock",Q,Nasdaq,N,N,N
XTJA,Innovator U.S. Equity Accelerated Plus ETF - January,Z,Cboe BZX,Y,N,
XTJL,Innovator U.S. Equity Accelerated Plus ETF - July,Z,Cboe BZX,Y,N,
XTL,State Street SPDR S&P Telecom ETF,P,NYSE Arca,Y,N,
XTLB,XTL Biopharmaceuticals Ltd. - American Depositary Shares,Q,Nasdaq,N,N,H
XTN,State Street SPDR S&P Transportation ETF,P,NYSE Arca,Y,N,
XTNT,"Xtant Medical Holdings, Inc. Common Stock",A,NYSE American,N,N,
XTOC,Innovator U.S. Equity Accelerated Plus ETF - October,Z,Cboe BZX,Y,N,
XTR,Global X S&P 500 Tail Risk ETF,P,NYSE Arca,Y,N,
XTRE,BondBloxx Bloomberg Three Year Target Duration US Treasury ETF,P,NYSE Arca,Y,N,
XTWO,BondBloxx Bloomberg Two Year Target Duration US Treasury ETF,P,NYSE Arca,Y,N,
XTWY,BondBloxx Bloomberg Twenty Year Target Duration US Treasury ETF,P,NYSE Arca,Y,N,
XUDV,Franklin U.S. Dividend Booster Index ETF,P,NYSE Arca,Y,N,
XUSP,Innovator Uncapped Accelerated U.S. Equity ETF,Z,Cboe BZX,Y,N,
XV,Simplify Target 15 Distribution ETF,P,NYSE Arca,Y,N,
XVO,Corgi U.S. Mid-Cap 2x Daily ETF,Z,Cboe BZX,Y,N,
XVUG,Corgi U.S. Growth 2x Daily ETF,Z,Cboe BZX,Y,N,
XVV,iShares ESG Select Screened S&P 500 ETF,Z,Cboe BZX,Y,N,
XW,Corgi Ex-U.S. Equities 2x Daily ETF,Z,Cboe BZX,Y,N,
XWEL,"XWELL, Inc. - Common Stock",Q,Nasdaq,N,N,N
XXI,"Twenty One Capital, Inc. Class A Common Stock",N,NYSE,N,N,
XXII,"22nd Century Group, Inc - Common Stock",Q,Nasdaq,N,N,N
XXRP,Teucrium 2x Long Daily XRP ETF,P,NYSE Arca,Y,N,
XXV,Simplify Ancorato Target 25 Distribution ETF,P,NYSE Arca,Y,N,
XXX,CYBER HORNET S&P 500 and XRP 75/25 Strategy ETF,Q,Nasdaq,Y,N,N
XYF,"X Financial American Depositary Shares, each representing six Class A Ordinary Shares",N,NYSE,N,N,
XYL,Xylem Inc. Common Stock New,N,NYSE,N,N,
XYLD,Global X S&P 500 Covered Call ETF,P,NYSE Arca,Y,N,
XYLG,Global X S&P 500 Covered Call & Growth ETF,P,NYSE Arca,Y,N,
XYZ,"Block, Inc. Class A Common Stock,",N,NYSE,N,N,
XYZG,Leverage Shares 2X Long XYZ Daily ETF,Q,Nasdaq,Y,N,N
XYZY,YieldMax XYZ Option Income Strategy ETF,P,NYSE Arca,Y,N,
XZO,"Exzeo Group, Inc. Common Stock",N,NYSE,N,N,
YAAS,Youxin Technology Ltd - Class A Ordinary shares,Q,Nasdaq,N,N,N
YALA,"Yalla Group Limited American Depositary Shares, each representing one Class A Ordinary Share",N,NYSE,N,N,
YALL,Truth Social God Bless America ETF,P,NYSE Arca,Y,N,
YANG,Direxion Daily FTSE China Bear 3X ETF,P,NYSE Arca,Y,N,
YB,Yuanbao Inc. - American Depositary Shares,Q,Nasdaq,N,N,N
YBIT,YieldMax Bitcoin Option Income Strategy ETF,P,NYSE Arca,Y,N,
YBMN,Defiance BMNR Option Income ETF,Q,Nasdaq,Y,N,N
YBST,GraniteShares YieldBoost Single Stock Universe ETF,Q,Nasdaq,Y,N,N
YBTC,Roundhill Bitcoin Covered Call Strategy ETF,Z,Cboe BZX,Y,N,
YBTY,GraniteShares YieldBoost TopYielders ETF,Q,Nasdaq,Y,N,N
YCBD,"cbdMD, Inc. Common Stock",A,NYSE American,N,N,
YCL,ProShares Ultra Yen,P,NYSE Arca,Y,N,
YCLO,Franklin BSP CLO ETF,P,NYSE Arca,Y,N,
YCS,ProShares UltraShort Yen New,P,NYSE Arca,Y,N,
YCY,AA Mission Acquisition Corp. II Class A Ordinary Shares,N,NYSE,N,N,
YCY.U,"AA Mission Acquisition Corp. II Units, each consisting of one Class A ordinary share and one-half of one warrant",N,NYSE,N,N,
YCY.W,"AA Mission Acquisition Corp. II Warrants, each whole warrant entitles to purchase one Class A ordinary share at a price of $11.50 per share",N,NYSE,N,N,
YDDL,One and One Green Technologies. INC - Class A Ordinary Shares,Q,Nasdaq,N,N,N
YDEC,FT Vest International Equity Moderate Buffer ETF - December,Z,Cboe BZX,Y,N,
YDES,YD Bio Limited - Ordinary Shares,Q,Nasdaq,N,N,N
YDESW,YD Bio Limited - Warrants,Q,Nasdaq,N,N,N
YDKG,Yueda Digital Holding - Class A Ordinary Share,Q,Nasdaq,N,N,N
YEAR,AB Ultra Short Income ETF,P,NYSE Arca,Y,N,
YELP,Yelp Inc. Common Stock,N,NYSE,N,N,
YETH,Roundhill Ether Covered Call Strategy ETF,Z,Cboe BZX,Y,N,
YETI,"YETI Holdings, Inc. Common Stock",N,NYSE,N,N,
YEXT,"Yext, Inc. Common Stock",N,NYSE,N,N,
YFFI,Indexperts Yield Focused Fixed Income ETF,P,NYSE Arca,Y,N,
YFYA,Yields for You Income Strategy A ETF,P,NYSE Arca,Y,N,
YGLD,Simplify Gold Strategy ETF,P,NYSE Arca,Y,N,
YHC,LQR House Inc. - Common Stock,Q,Nasdaq,N,N,N
YHGJ,Yunhong Green CTI Ltd. - Common Stock,Q,Nasdaq,N,N,N
YHNA,YHN Acquisition I Limited - Ordinary Shares,Q,Nasdaq,N,N,D
YHNAR,YHN Acquisition I Limited - Right,Q,Nasdaq,N,N,D
YHNAU,YHN Acquisition I Limited - Unit,Q,Nasdaq,N,N,D
YI,"111, Inc. - American Depositary Shares",Q,Nasdaq,N,N,N
YIBO,Planet Image International Limited - Class A Ordinary Shares,Q,Nasdaq,N,N,N
YICC,Yorkville International Capital Corp. - Class A Ordinary Shares,Q,Nasdaq,N,N,N
YICCU,Yorkville International Capital Corp. - Units,Q,Nasdaq,N,N,N
YICCW,Yorkville International Capital Corp. - Warrants,Q,Nasdaq,N,N,N
YINN,Direxion Daily FTSE China Bull 3X ETF,P,NYSE Arca,Y,N,
YJ,Yunji Inc. - American Depository Shares,Q,Nasdaq,N,N,N
YJUN,FT Vest International Equity Moderate Buffer ETF - June,Z,Cboe BZX,Y,N,
YLD,Principal Active High Yield ETF,P,NYSE Arca,Y,N,
YLDE,Franklin ClearBridge Enhanced Income ETF,Q,Nasdaq,Y,N,N
YLDW,Westwood Enhanced Income Opportunity ETF,P,NYSE Arca,Y,N,
YMAG,YieldMax Magnificent 7 Fund of Option Income ETFs,P,NYSE Arca,Y,N,
YMAR,FT Vest International Equity Moderate Buffer ETF - March,Z,Cboe BZX,Y,N,
YMAT,"J-Star Holding Co., Ltd. - Class A Ordinary Shares",Q,Nasdaq,N,N,D
YMAX,YieldMax Universe Fund of Option Income ETFs,P,NYSE Arca,Y,N,
YMM,Full Truck Alliance Co. Ltd. American Depositary Shares (each representing 20 Class A Ordinary Shares),N,NYSE,N,N,
YMT,Yimutian Inc. - American Depositary Shares; each representing 25 Class A ordinary shares,Q,Nasdaq,N,N,D
YNOT,Horizon Digital Frontier ETF,Q,Nasdaq,Y,N,N
YOKE,YOKE Core ETF,Q,Nasdaq,Y,N,N
YOLO,AdvisorShares Pure Cannabis ETF,P,NYSE Arca,Y,N,
YOOV,Concorde International Group Ltd - Class A Ordinary Shares,Q,Nasdaq,N,N,D
YORW,The York Water Company - Common Stock,Q,Nasdaq,N,N,N
YOU,"Clear Secure, Inc. Class A Common Stock",N,NYSE,N,N,
YOUL,Youlife Group Inc. - American Depositary Shares,Q,Nasdaq,N,N,N
YPF,YPF Sociedad Anonima Common Stock,N,NYSE,N,N,
YQ,17 Education & Technology Group Inc. - American Depositary Shares,Q,Nasdaq,N,N,N
YQQQ,YieldMax Short N100 Option Income Strategy ETF,Q,Nasdaq,Y,N,N
YRD,"Yiren Digital Ltd. American Depositary Shares, each representing two ordinary shares",N,NYSE,N,N,
YSEP,FT Vest International Equity Buffer ETF - September,Z,Cboe BZX,Y,N,
YSG,"Yatsen Holding Limited American Depositary Shares, each representing twenty (20) Class A Ordinary Shares",N,NYSE,N,N,
YSPY,GraniteShares YieldBOOST SPY ETF,Q,Nasdaq,Y,N,N
YSS,York Space Systems Inc. Common Stock,N,NYSE,N,N,
YSWY,"Yesway, Inc. - Class A Common Stock",Q,Nasdaq,N,N,N
YSXT,"YSX Tech. Co., Ltd  - Class A Ordinary Shares",Q,Nasdaq,N,N,N
YTRA,"Yatra Online, Inc. - Ordinary Shares",Q,Nasdaq,N,N,D
YUM,"Yum! Brands, Inc.",N,NYSE,N,N,
YUMC,"Yum China Holdings, Inc. Common Stock",N,NYSE,N,N,
YUNG,Corgi Longevity Consumer ETF,Z,Cboe BZX,Y,N,
YXI,ProShares Short FTSE China 50,P,NYSE Arca,Y,N,
YXT,YXT.COM GROUP HOLDING LIMITED - American Depository Shares,Q,Nasdaq,N,N,D
YYAI,AiRWA Inc. - Common Stock,Q,Nasdaq,N,N,N
YYGH,YY Group Holding Limited - Class A Ordinary Shares,Q,Nasdaq,N,N,N
YYY,Amplify CEF High Income ETF,P,NYSE Arca,Y,N,
YYYM,Amplify Municipal CEF High Income ETF,P,NYSE Arca,Y,N,
Z,"Zillow Group, Inc. - Class C Capital Stock",Q,Nasdaq,N,N,N
ZALT,Innovator U.S. Equity 10 Buffer ETF - Quarterly,Z,Cboe BZX,Y,N,
ZAP,Global X U.S. Electrification ETF,Q,Nasdaq,Y,N,N
ZAPR,Innovator Equity Defined Protection ETF - 1 Yr April,Z,Cboe BZX,Y,N,
ZAUG,Innovator Equity Defined Protection ETF - 1 Yr August,Z,Cboe BZX,Y,N,
ZAZZT,Tick Pilot Test Stock Class A Common Stock,Q,Nasdaq,N,Y,N
ZBAO,Zhibao Technology Inc. - Class A Ordinary Shares,Q,Nasdaq,N,N,N
ZBH,"Zimmer Biomet Holdings, Inc. Common Stock",N,NYSE,N,N,
ZBIO,"Zenas BioPharma, Inc. - Common Stock",Q,Nasdaq,N,N,N
ZBRA,Zebra Technologies Corporation - Class A Common Stock,Q,Nasdaq,N,N,N
ZBZX,BATS BZX Exchange test issue,Z,Cboe BZX,N,Y,
ZBZZT,Test Pilot Test Stock Class B Common Stock,Q,Nasdaq,N,Y,N
ZCBA,Global X Zero Coupon Bond 2030 ETF,P,NYSE Arca,Y,N,
ZCBB,Global X Zero Coupon Bond 2031 ETF,P,NYSE Arca,Y,N,
ZCBC,Global X Zero Coupon Bond 2032 ETF,P,NYSE Arca,Y,N,
ZCBE,Global X Zero Coupon Bond 2033 ETF,P,NYSE Arca,Y,N,
ZCBF,Global X Zero Coupon Bond 2034 ETF,P,NYSE Arca,Y,N,
ZCBG,Global X Zero Coupon Bond 2035 ETF,P,NYSE Arca,Y,N,
ZCMD,Zhongchao Inc. - Class A Ordinary Shares,Q,Nasdaq,N,N,N
ZCZZT,Tick Pilot Test Stock Class C ,Q,Nasdaq,N,Y,N
ZD,"Ziff Davis, Inc. - Common Stock",Q,Nasdaq,N,N,N
ZDAI,"DirectBooking Technology Co., Ltd. - Class A Ordinary Shares",Q,Nasdaq,N,N,N
ZDEK,Innovator Equity Defined Protection ETF - 1 Yr December,Z,Cboe BZX,Y,N,
ZDGE,"Zedge, Inc. Class B Common Stock ",A,NYSE American,N,N,
ZECP,Zacks Earnings Consistent Portfolio ETF,Z,Cboe BZX,Y,N,
ZENA,"ZenaTech, Inc. - Common Stock",Q,Nasdaq,N,N,N
ZEO,Zeo Energy Corporation - Class A Common Stock,Q,Nasdaq,N,N,D
ZEOWW,Zeo Energy Corporation - Warrants,Q,Nasdaq,N,N,N
ZEPP,"Zepp Health Corporation American depositary shares, each representing sixteen Class A ordinary shares",N,NYSE,N,N,
ZETA,Zeta Global Holdings Corp. Class A Common Stock,N,NYSE,N,N,
ZETX,Defiance Daily Target 2x Long ZETA ETF,P,NYSE Arca,Y,N,
ZEXIT,IEX Test Company Test Symbol Two for IEX,V,IEX,N,Y,
ZFEB,Innovator Equity Defined Protection ETF - 1 Yr February,Z,Cboe BZX,Y,N,
ZG,"Zillow Group, Inc. - Class A Common Stock",Q,Nasdaq,N,N,N
ZGN,Ermenegildo Zegna N.V. Ordinary Shares,N,NYSE,N,N,
ZH,"Zhihu Inc. American Depositary Shares, each representing three (3) Class A Ordinary Shares",N,NYSE,N,N,
ZHDG,ZEGA Buy and Hedge ETF,P,NYSE Arca,Y,N,
ZHOG,F/m Opportunistic Income ETF,Q,Nasdaq,Y,N,N
ZIEXT,IEX Test Company Test Symbol One for IEX,V,IEX,N,Y,
ZIG,The Acquirers Fund,P,NYSE Arca,Y,N,
ZIM,ZIM Integrated Shipping Services Ltd. Ordinary Shares,N,NYSE,N,N,
ZINC,Zacks Income ETF,P,NYSE Arca,Y,N,
ZION,Zions Bancorporation N.A. - Common Stock,Q,Nasdaq,N,N,N
ZIONP,Zions Bancorporation N.A. - Depositary Shares each representing a 1/40th ownership interest in a share of Series A Floating-Rate Non-Cumulative Perpetual Preferred Stock,Q,Nasdaq,N,N,N
ZIP,"ZipRecruiter, Inc. Class A Common Stock",N,NYSE,N,N,
ZJAN,Innovator Equity Defined Protection ETF - 1 Yr January,Z,Cboe BZX,Y,N,
ZJK,"ZJK Industrial Co., Ltd. - Class A Ordinary Shares",Q,Nasdaq,N,N,N
ZJUL,Innovator Equity Defined Protection ETF - 1 Yr July,Z,Cboe BZX,Y,N,
ZJUN,Innovator Equity Defined Protection ETF - 1 Yr June,Z,Cboe BZX,Y,N,
ZJYL,JIN MEDICAL INTERNATIONAL LTD. - Class A Ordinary Shares,Q,Nasdaq,N,N,N
ZJZZT,NASDAQ TEST STOCK,Q,Nasdaq,N,Y,N
ZKH,"ZKH Group Limited American Depositary Shares, each representing thirty-five (35) Class A Ordinary Shares",N,NYSE,N,N,
ZKIN,"ZK International Group Co., Ltd - Ordinary Share",Q,Nasdaq,N,N,N
ZKP,Lafayette Digital Acquisition Corp. I - Class A Ordinary Shares,Q,Nasdaq,N,N,N
ZKPU,Lafayette Digital Acquisition Corp. I - Unit,Q,Nasdaq,N,N,N
ZKPW,Lafayette Digital Acquisition Corp. I - Warrant,Q,Nasdaq,N,N,N
ZLAB,Zai Lab Limited - American Depositary Shares,Q,Nasdaq,N,N,N
ZM,"Zoom Communications, Inc. - Class A Common Stock",Q,Nasdaq,N,N,N
ZMAR,Innovator Equity Defined Protection ETF - 1 Yr March,Z,Cboe BZX,Y,N,
ZMAY,Innovator Equity Defined Protection ETF - 1 Yr May,Z,Cboe BZX,Y,N,
ZMUN,F/m Ultrashort Tax-Free Municipal ETF,Q,Nasdaq,Y,N,N
ZNB,Zeta Network Group - Class A Ordinary Shares,Q,Nasdaq,N,N,N
ZNOV,Innovator Equity Defined Protection ETF - 1 Yr November,Z,Cboe BZX,Y,N,
ZNTL,"Zentalis Pharmaceuticals, Inc. - common stock",Q,Nasdaq,N,N,N
ZOCT,Innovator Equity Defined Protection ETF - 1 Yr October,Z,Cboe BZX,Y,N,
ZONE,CleanCore Solutions Inc. Class B Common Stock,A,NYSE American,N,N,
ZOOZ,ZOOZ Strategy Ltd. - Ordinary Shares,Q,Nasdaq,N,N,N
ZOOZW,ZOOZ Strategy Ltd. - Warrant,Q,Nasdaq,N,N,N
ZROZ,PIMCO 25  Year Zero Coupon U.S. Treasury Index Exchange-Traded Fund,P,NYSE Arca,Y,N,
ZS,"Zscaler, Inc. - Common Stock",Q,Nasdaq,N,N,N
ZSB,USCF Sustainable Battery Metals Strategy Fund,P,NYSE Arca,Y,N,
ZSC,USCF Sustainable Commodity Strategy Fund,P,NYSE Arca,Y,N,
ZSEP,Innovator Equity Defined Protection ETF - 1 Yr September,Z,Cboe BZX,Y,N,
ZSL,ProShares UltraShort Silver,P,NYSE Arca,Y,N,
ZSQR,Z Squared Inc. - Common Stock,Q,Nasdaq,N,N,N
ZSTK,ZeroStack Corp. - Common Stock,Q,Nasdaq,N,N,N
ZTAX,X-Square Municipal Income ETF,P,NYSE Arca,Y,N,
ZTEK,Zentek Ltd. - common stock,Q,Nasdaq,N,N,D
ZTEN,F/m 10-Year Investment Grade Corporate Bond ETF,Q,Nasdaq,Y,N,N
ZTEST,BATS BZX Exchange Common Stock (test issue),Z,Cboe BZX,N,Y,
ZTG,Zenta Group Company Limited - Class A Ordinary Shares,Q,Nasdaq,N,N,N
ZTO,"ZTO Express (Cayman) Inc. American Depositary Shares, each representing one Class A ordinary share.",N,NYSE,N,N,
ZTOP,F/m High Yield 100 ETF,Q,Nasdaq,Y,N,N
ZTR,Virtus Total Return Fund Inc.,N,NYSE,N,N,
ZTRE,F/m 3-Year Investment Grade Corporate Bond ETF,Q,Nasdaq,Y,N,N
ZTS,Zoetis Inc. Class A Common Stock,N,NYSE,N,N,
ZTWO,F/m 2-Year Investment Grade Corporate Bond ETF,Q,Nasdaq,Y,N,N
ZUMZ,Zumiez Inc. - Common Stock,Q,Nasdaq,N,N,N
ZURA,Zura Bio Limited - Class A Ordinary shares,Q,Nasdaq,N,N,N
ZVIA,Zevia PBC Class A Common Stock,N,NYSE,N,N,
ZVOL,Volatility Premium Plus ETF,Z,Cboe BZX,Y,N,
ZVRA,"Zevra Therapeutics, Inc.  - Common Stock",Q,Nasdaq,N,N,N
ZVV,NYSE ARCA test stock,P,NYSE Arca,N,Y,
ZVZZT,NASDAQ TEST STOCK,Q,Nasdaq,N,Y,N
ZWS,Zurn Elkay Water Solutions Corporation Common Stock,N,NYSE,N,N,
ZWZZT,NASDAQ TEST STOCK,Q,Nasdaq,N,Y,N
ZXIET,IEX Test Company Test Symbol Three for IEX,V,IEX,N,Y,
ZXYZ.A,Nasdaq Symbology Test Common Stock,Q,Nasdaq,N,Y,N
ZXZZT,NASDAQ TEST STOCK,Q,Nasdaq,N,Y,N
ZYBT,Zhengye Biotechnology Holding Limited - Class A Ordinary Shares,Q,Nasdaq,N,N,D
ZYME,Zymeworks Inc. - Common Stock,Q,Nasdaq,N,N,N
